"","Narea_g_m2.16.comps"
"(Intercept)",2.17996562392394
"Wave_500",-0.011110787762315
"Wave_501",-0.00846710868107607
"Wave_502",-0.0065622172999559
"Wave_503",-0.00542301939517301
"Wave_504",-0.00349763866815819
"Wave_505",-0.00119155691903712
"Wave_506",0.00172379228540539
"Wave_507",0.0045044487454256
"Wave_508",0.00811542096151341
"Wave_509",0.0112895262056975
"Wave_510",0.0110328409119672
"Wave_511",0.0115232670302013
"Wave_512",0.0141337089574964
"Wave_513",0.0170257515019014
"Wave_514",0.0176804665471373
"Wave_515",0.0176120167633079
"Wave_516",0.0167199224978765
"Wave_517",0.0151862648872087
"Wave_518",0.0117197860232445
"Wave_519",0.00823760354672703
"Wave_520",0.00575047666951162
"Wave_521",0.00403824760238459
"Wave_522",0.00154386198030458
"Wave_523",-0.00121335745609542
"Wave_524",-0.00463357704727461
"Wave_525",-0.00901598524510633
"Wave_526",-0.0127111278405675
"Wave_527",-0.0155921942894024
"Wave_528",-0.0171128187750649
"Wave_529",-0.0178820889478241
"Wave_530",-0.0179099087073603
"Wave_531",-0.0181273105100281
"Wave_532",-0.0189707218178703
"Wave_533",-0.0209857050983856
"Wave_534",-0.0212361352361656
"Wave_535",-0.0189009470605067
"Wave_536",-0.0161917679632303
"Wave_537",-0.0144501402163655
"Wave_538",-0.0115072715290791
"Wave_539",-0.00958347558512346
"Wave_540",-0.00764188507682169
"Wave_541",-0.00522374264283144
"Wave_542",-0.00339917944900181
"Wave_543",-0.00242715848715084
"Wave_544",-0.000619886865909265
"Wave_545",0.00152179249686235
"Wave_546",0.00370927850224635
"Wave_547",0.00603765666206921
"Wave_548",0.00838066240225874
"Wave_549",0.010461090978587
"Wave_550",0.0102029808298859
"Wave_551",0.00795959318900791
"Wave_552",0.00684356926743358
"Wave_553",0.00555084538494641
"Wave_554",0.00419470070835463
"Wave_555",0.00352240622381514
"Wave_556",0.00591427815694297
"Wave_557",0.00594505396629242
"Wave_558",0.00495744733935837
"Wave_559",0.00476120901096335
"Wave_560",0.00222007824716603
"Wave_561",0.000878619190630259
"Wave_562",0.00181464824531559
"Wave_563",0.00197457827001527
"Wave_564",0.00131153005745221
"Wave_565",0.00158845307348963
"Wave_566",0.00140570156172321
"Wave_567",0.00087419818813165
"Wave_568",0.000125692256575775
"Wave_569",-0.000262230400656918
"Wave_570",0.000313219228999948
"Wave_571",0.00187842703136925
"Wave_572",0.0028968653155239
"Wave_573",0.00248759651039109
"Wave_574",0.00277280878285903
"Wave_575",0.00295230860494281
"Wave_576",0.00334667625412917
"Wave_577",0.0034494394482088
"Wave_578",0.0033859317012946
"Wave_579",0.00403747582617314
"Wave_580",0.00480650434769032
"Wave_581",0.00565855010893858
"Wave_582",0.00583337874219672
"Wave_583",0.00655229761660623
"Wave_584",0.00586552015209708
"Wave_585",0.00562364267828367
"Wave_586",0.00551445477795081
"Wave_587",0.00609401371315622
"Wave_588",0.00748610754768765
"Wave_589",0.00802750087925416
"Wave_590",0.00807828569832758
"Wave_591",0.00758253539375842
"Wave_592",0.00705807748269971
"Wave_593",0.0072543667991861
"Wave_594",0.00717716362789129
"Wave_595",0.00648931601367541
"Wave_596",0.00590124095037211
"Wave_597",0.00487296156148007
"Wave_598",0.00337393020264261
"Wave_599",0.00159916479375959
"Wave_600",0.0008075475031096
"Wave_601",0.000338405618416819
"Wave_602",-3.69373807596043e-05
"Wave_603",-0.000885586688983172
"Wave_604",-0.0017267513013229
"Wave_605",-0.00237317133288241
"Wave_606",-0.00285268357533415
"Wave_607",-0.00425470941190143
"Wave_608",-0.00526604518965135
"Wave_609",-0.00568413395393886
"Wave_610",-0.00401094573218663
"Wave_611",-0.00390521186986575
"Wave_612",-0.00461335491213275
"Wave_613",-0.00447082952898767
"Wave_614",-0.00405296733668497
"Wave_615",-0.00299396513226436
"Wave_616",-0.00199495198294728
"Wave_617",-0.00195398891526826
"Wave_618",-0.00117594092735906
"Wave_619",-0.000708874497369744
"Wave_620",-0.00104014878817816
"Wave_621",-0.00165249083302458
"Wave_622",-0.00103099180575939
"Wave_623",2.52964995219561e-05
"Wave_624",0.000694819051045749
"Wave_625",-0.000262900109339787
"Wave_626",-0.00134593448462168
"Wave_627",-0.00184073092494597
"Wave_628",-0.00107892929900798
"Wave_629",-0.000734733759102469
"Wave_630",0.000196828377911317
"Wave_631",0.00083272168708501
"Wave_632",0.00126406392093076
"Wave_633",0.00244577845553973
"Wave_634",0.00308430056486217
"Wave_635",0.0038526270514261
"Wave_636",0.00462813751202212
"Wave_637",0.0057563758290579
"Wave_638",0.00659295988360908
"Wave_639",0.00744035383884633
"Wave_640",0.00760490665727533
"Wave_641",0.00814448990928929
"Wave_642",0.00836548028575018
"Wave_643",0.0080741827411096
"Wave_644",0.00716673360627953
"Wave_645",0.00642217032035635
"Wave_646",0.00594486405974885
"Wave_647",0.00505841767476147
"Wave_648",0.00458887348080383
"Wave_649",0.00435452644102194
"Wave_650",0.00344163134537597
"Wave_651",0.0012901031635167
"Wave_652",0.000276277634322336
"Wave_653",-0.000276562654825817
"Wave_654",-0.000472292189020097
"Wave_655",-0.0012064740237076
"Wave_656",-0.00184391877164347
"Wave_657",-0.00258897253692186
"Wave_658",-0.0033632486388915
"Wave_659",-0.00355971721837784
"Wave_660",-0.00476991005470974
"Wave_661",-0.00616658705483877
"Wave_662",-0.00764513118507358
"Wave_663",-0.00754454054069296
"Wave_664",-0.00764768904228158
"Wave_665",-0.00842013718294658
"Wave_666",-0.0100782956150868
"Wave_667",-0.0123935879262702
"Wave_668",-0.0140376977838291
"Wave_669",-0.0146654617171233
"Wave_670",-0.014789647425278
"Wave_671",-0.0150959758459732
"Wave_672",-0.0154579946012179
"Wave_673",-0.0161823468226404
"Wave_674",-0.0172263746253983
"Wave_675",-0.0174384357667306
"Wave_676",-0.0169961435638571
"Wave_677",-0.0158354696505672
"Wave_678",-0.0151198051191741
"Wave_679",-0.0155794168239322
"Wave_680",-0.0142218311397922
"Wave_681",-0.011902701535122
"Wave_682",-0.010677249854711
"Wave_683",-0.00884784198545126
"Wave_684",-0.00567039579364906
"Wave_685",-0.00124136310773916
"Wave_686",0.00354859656262201
"Wave_687",0.00742920415155149
"Wave_688",0.0114662481555286
"Wave_689",0.0144470657983373
"Wave_690",0.0164055785234212
"Wave_691",0.0168226413067168
"Wave_692",0.016704025405826
"Wave_693",0.0159043505778848
"Wave_694",0.0134156459917481
"Wave_695",0.00892794215337845
"Wave_696",0.00402647986626651
"Wave_697",-0.00180733583947074
"Wave_698",-0.00708996118797979
"Wave_699",-0.0115150656042914
"Wave_700",-0.0166975566466132
"Wave_701",-0.0192267337278604
"Wave_702",-0.0233074020989437
"Wave_703",-0.0234745014509818
"Wave_704",-0.0220926552752576
"Wave_705",-0.0185348661623381
"Wave_706",-0.0186393740689106
"Wave_707",-0.0144070754867579
"Wave_708",-0.00949340495757472
"Wave_709",-0.00203701544896871
"Wave_710",-0.00209496771952834
"Wave_711",-0.0024811302476714
"Wave_712",0.000495651062212878
"Wave_713",0.0102359903855447
"Wave_714",0.0101610770941416
"Wave_715",0.00970950886687476
"Wave_716",0.0112961637924878
"Wave_717",0.0144635025617068
"Wave_718",0.0131332754653583
"Wave_719",0.0101608851929667
"Wave_720",0.00801171434534022
"Wave_721",0.00880944493116635
"Wave_722",0.0098794161509606
"Wave_723",0.00634355378767464
"Wave_724",0.00332168950600581
"Wave_725",0.000711075112773555
"Wave_726",-0.00243965998382248
"Wave_727",-0.00367290381849258
"Wave_728",-0.00381437849477276
"Wave_729",-0.0062097725679234
"Wave_730",-0.00618321825211767
"Wave_731",-0.00716584354782862
"Wave_732",-0.00936498355362097
"Wave_733",-0.00946329795260048
"Wave_734",-0.0102882808348624
"Wave_735",-0.0108353934023022
"Wave_736",-0.0112447881878781
"Wave_737",-0.00932600065874422
"Wave_738",-0.00473287717893937
"Wave_739",-0.00238707953105795
"Wave_740",0.000963219455328863
"Wave_741",0.00286174981463473
"Wave_742",0.00265098831076318
"Wave_743",0.00053833348548124
"Wave_744",0.00203760419339058
"Wave_745",0.00603972902458394
"Wave_746",0.0073830107873338
"Wave_747",0.00946144208077226
"Wave_748",0.0107673401428579
"Wave_749",0.00904061615606045
"Wave_750",0.00577542505374557
"Wave_751",0.00466881510649374
"Wave_752",0.00450976465321376
"Wave_753",0.00328622251055328
"Wave_754",0.00238288215350033
"Wave_755",0.00185305707533631
"Wave_756",0.000880724061513247
"Wave_757",-0.000745550637223933
"Wave_758",-0.00135280648646822
"Wave_759",0.000446464214330936
"Wave_760",0.00209061949511886
"Wave_761",0.00235645078980804
"Wave_762",0.00218353225891679
"Wave_763",0.0035721294809966
"Wave_764",0.00257300981851865
"Wave_765",0.00211934923890496
"Wave_766",0.00351215444841613
"Wave_767",0.0023620321502187
"Wave_768",0.00238022505363285
"Wave_769",0.00152464577365579
"Wave_770",0.000999324460343488
"Wave_771",0.000136141445227195
"Wave_772",0.000392341647209313
"Wave_773",0.00327620652950876
"Wave_774",0.00607985962346135
"Wave_775",0.00503242053980031
"Wave_776",0.00171346598713118
"Wave_777",0.00147353974038054
"Wave_778",0.00269619041160529
"Wave_779",0.00172600638321249
"Wave_780",0.00163293927684566
"Wave_781",-0.000312337672756868
"Wave_782",0.000452207985923639
"Wave_783",-0.000609312882312221
"Wave_784",0.000631133434112273
"Wave_785",0.00468025824112351
"Wave_786",0.00389477131823243
"Wave_787",0.0028091470749576
"Wave_788",0.0029058325672944
"Wave_789",0.000490171315079701
"Wave_790",-0.000412317200105365
"Wave_791",0.00351127599608815
"Wave_792",0.00536022168788619
"Wave_793",0.00245266460810207
"Wave_794",-0.000234560420447475
"Wave_795",-0.00251574387711004
"Wave_796",-0.00306721775161198
"Wave_797",-0.00234696502643376
"Wave_798",0.00142718770640254
"Wave_799",0.00636616329419419
"Wave_800",0.000532937454152188
"Wave_801",-0.00189564262834081
"Wave_802",-0.00163889672432377
"Wave_803",-0.00233961272754838
"Wave_804",-0.00324407814650802
"Wave_805",-3.87468545763867e-05
"Wave_806",2.10589998747173e-05
"Wave_807",-0.0025877205442292
"Wave_808",-0.00263221750130887
"Wave_809",-0.00624316920625333
"Wave_810",-0.00561040964488025
"Wave_811",-0.0025450080503516
"Wave_812",-0.000360541178781807
"Wave_813",-0.00221912031889127
"Wave_814",-0.00351505654500326
"Wave_815",-0.00330761990780239
"Wave_816",-0.00332351309558005
"Wave_817",-0.00440164040114724
"Wave_818",-0.00539721773398299
"Wave_819",-0.00224763118660571
"Wave_820",0.00011486210909302
"Wave_821",0.00124773711932966
"Wave_822",0.00151492363009879
"Wave_823",-0.000351615117262638
"Wave_824",0.00166887725054055
"Wave_825",-0.00122011296792623
"Wave_826",-0.00179534764406088
"Wave_827",-0.00205616024515199
"Wave_828",-0.00498594487202633
"Wave_829",-0.00495326476713459
"Wave_830",-0.00382316603479856
"Wave_831",-0.00387027699067191
"Wave_832",-0.00212892140584718
"Wave_833",-0.00221272062370223
"Wave_834",-0.00523230152216988
"Wave_835",-0.00363457466321582
"Wave_836",-0.00284186986913636
"Wave_837",-0.00702009406819001
"Wave_838",-0.0105076494697457
"Wave_839",-0.00889429599387129
"Wave_840",-0.00584866067413531
"Wave_841",-0.00101159041828317
"Wave_842",0.00347929695674095
"Wave_843",-0.000210934468829231
"Wave_844",-0.0025791771014595
"Wave_845",-0.00451105786161441
"Wave_846",0.000346955023089985
"Wave_847",0.00251498284450424
"Wave_848",0.00381160835382637
"Wave_849",-0.00214185999022311
"Wave_850",-0.00348304475527795
"Wave_851",-0.0060392166885943
"Wave_852",-0.00444277214213367
"Wave_853",-0.000433145605990983
"Wave_854",-0.00149534620618674
"Wave_855",-0.00260150036356462
"Wave_856",-0.00269619257363068
"Wave_857",-0.00204266062614976
"Wave_858",-0.000861369288184581
"Wave_859",0.00500282377886495
"Wave_860",0.0103275488330402
"Wave_861",0.00845620338512788
"Wave_862",0.00590425419495741
"Wave_863",0.00171457234406997
"Wave_864",0.000173189618766733
"Wave_865",0.00084677913316612
"Wave_866",0.000594094703456352
"Wave_867",0.000339226495068149
"Wave_868",-0.00179765716062726
"Wave_869",-0.00179964421773484
"Wave_870",-0.00172040732274025
"Wave_871",-0.0053961592440802
"Wave_872",-0.00150079509969029
"Wave_873",-0.00560416385006221
"Wave_874",-0.00298268864043621
"Wave_875",0.00106597500904646
"Wave_876",0.00487336083838714
"Wave_877",0.00258453839180171
"Wave_878",0.000969739842001829
"Wave_879",-0.000124761502034579
"Wave_880",-0.0023955326659829
"Wave_881",0.00114852255464129
"Wave_882",0.00235290987798218
"Wave_883",0.00314317266113549
"Wave_884",0.0042152206342665
"Wave_885",0.00440973365138459
"Wave_886",0.000984483203007228
"Wave_887",-0.00261206168523176
"Wave_888",-0.00476983637796837
"Wave_889",-0.0048893636659429
"Wave_890",-0.00285911809988133
"Wave_891",0.00168528204049165
"Wave_892",0.00150607846632138
"Wave_893",0.00242090642807464
"Wave_894",0.00160469436802084
"Wave_895",0.001582370796044
"Wave_896",0.000258352077701307
"Wave_897",0.00171194012070983
"Wave_898",0.00273121624342969
"Wave_899",0.00120152635308265
"Wave_900",-0.00229710037585978
"Wave_901",-0.00871464705501015
"Wave_902",-0.00616095418205381
"Wave_903",-0.0047612551538033
"Wave_904",-0.00274142160114199
"Wave_905",0.0012665342292381
"Wave_906",0.00144552176393043
"Wave_907",0.00279323572144146
"Wave_908",0.000168646076852645
"Wave_909",-0.00171956446392634
"Wave_910",-0.00512480577645928
"Wave_911",-0.00618992674194911
"Wave_912",-0.00797598025495894
"Wave_913",-0.00487389007907949
"Wave_914",-0.00175729067460739
"Wave_915",-0.00348692845992003
"Wave_916",-0.00483662683085438
"Wave_917",-0.00880721298582581
"Wave_918",-0.0137232717345363
"Wave_919",-0.0136570398919548
"Wave_920",-0.00254106529065038
"Wave_921",-0.000703627052108195
"Wave_922",0.00462042124484024
"Wave_923",0.00745082566142058
"Wave_924",0.00360810882003698
"Wave_925",-0.00342315495544387
"Wave_926",-0.00873736698780726
"Wave_927",0.000194303911779942
"Wave_928",0.00413677368394199
"Wave_929",0.00532282037805145
"Wave_930",0.0013652313188598
"Wave_931",-0.00323298764414237
"Wave_932",-0.00327265953818475
"Wave_933",0.00331616203177842
"Wave_934",0.0078341231730848
"Wave_935",0.013656271864095
"Wave_936",0.0104982765647568
"Wave_937",0.00179703108058057
"Wave_938",-0.00280388213481425
"Wave_939",-0.00126247672359198
"Wave_940",-0.00125190751096215
"Wave_941",-0.00108788822112451
"Wave_942",0.00363312150232031
"Wave_943",0.00814443799731794
"Wave_944",0.00525929313601964
"Wave_945",-0.00107705139178826
"Wave_946",-0.00253188527192712
"Wave_947",0.00442933412436845
"Wave_948",0.00800276221639318
"Wave_949",-0.00119822548295661
"Wave_950",-0.00256055309776818
"Wave_951",-0.00183130741963327
"Wave_952",0.00146586448142937
"Wave_953",0.00296277710586065
"Wave_954",0.00537581774329689
"Wave_955",0.00682433120482413
"Wave_956",0.00294475855186075
"Wave_957",-0.00485438847771339
"Wave_958",-0.00161811706832551
"Wave_959",0.00689809946520667
"Wave_960",0.000413145632334762
"Wave_961",-0.000491119831197676
"Wave_962",0.00710449121480844
"Wave_963",-0.00101941006353388
"Wave_964",0.00186908819302739
"Wave_965",0.00169023377323406
"Wave_966",-0.00194536884963876
"Wave_967",-0.00805281186097562
"Wave_968",-0.00929323220242749
"Wave_969",-0.00341603676783142
"Wave_970",0.00153846768483464
"Wave_971",0.00633925691994937
"Wave_972",0.00836487112372565
"Wave_973",0.00811184625906049
"Wave_974",0.00482922611342765
"Wave_975",0.00186978423507177
"Wave_976",-0.0066600578261631
"Wave_977",0.0070178178821678
"Wave_978",0.011821946261088
"Wave_979",0.0143445724126993
"Wave_980",0.0103895700040297
"Wave_981",0.00480879936935621
"Wave_982",-0.000655158701684301
"Wave_983",-0.00370658327304207
"Wave_984",-0.0014974351754496
"Wave_985",0.000752488787478438
"Wave_986",0.00273290485820597
"Wave_987",0.00484741424857528
"Wave_988",0.00176880131246733
"Wave_989",-0.00163112932603307
"Wave_990",-0.00503029886523735
"Wave_991",-0.0070720105935394
"Wave_992",-0.00463603326216347
"Wave_993",-0.00251636176215469
"Wave_994",-0.000172129301880125
"Wave_995",0.000360775396939994
"Wave_996",-0.00123599074460203
"Wave_997",-0.00274751556904485
"Wave_998",-0.0044541984981192
"Wave_999",-0.0048464421910733
"Wave_1000",-0.00516048306882807
"Wave_1001",-0.00556701768264562
"Wave_1002",-0.00602557635373815
"Wave_1003",-0.00585777275730445
"Wave_1004",-0.00606665415008178
"Wave_1005",-0.00615177496271158
"Wave_1006",-0.00613254676395982
"Wave_1007",-0.00644284024392966
"Wave_1008",-0.00633753757257949
"Wave_1009",-0.00601110226810979
"Wave_1010",-0.00572850011326239
"Wave_1011",-0.00539540493848111
"Wave_1012",-0.00485839394311769
"Wave_1013",-0.00434371043256341
"Wave_1014",-0.00346393490939459
"Wave_1015",-0.00214690623633938
"Wave_1016",-0.000996310228213451
"Wave_1017",0.000303019388061102
"Wave_1018",0.00143434712741823
"Wave_1019",0.00200213864784498
"Wave_1020",0.0021522050208476
"Wave_1021",0.00261469089458602
"Wave_1022",0.00225194465969483
"Wave_1023",0.00248676458043493
"Wave_1024",0.00277691234718007
"Wave_1025",0.00339146292808613
"Wave_1026",0.00397620392233228
"Wave_1027",0.00399509366540947
"Wave_1028",0.00405872460534916
"Wave_1029",0.00379072523219412
"Wave_1030",0.00352307859308661
"Wave_1031",0.00328098725512815
"Wave_1032",0.00302427031814929
"Wave_1033",0.00261036463104756
"Wave_1034",0.0020612947064922
"Wave_1035",0.000989553634122585
"Wave_1036",0.000163307365294602
"Wave_1037",-0.000446650749942077
"Wave_1038",-0.000174030724185186
"Wave_1039",0.000626077314635754
"Wave_1040",0.00140343641405958
"Wave_1041",0.00207982923680256
"Wave_1042",0.00208223285995005
"Wave_1043",0.00196086308334772
"Wave_1044",0.00176608884103528
"Wave_1045",0.00143503294056543
"Wave_1046",0.00103996721670482
"Wave_1047",0.000635636798794798
"Wave_1048",0.000255920789507736
"Wave_1049",-0.000651198586925096
"Wave_1050",-0.0011118791237314
"Wave_1051",-0.00170037303437229
"Wave_1052",-0.00214505702200514
"Wave_1053",-0.00110535538538797
"Wave_1054",-7.42343954986842e-05
"Wave_1055",0.00109096044370371
"Wave_1056",0.00181599328998687
"Wave_1057",0.00185387431665036
"Wave_1058",0.00194216679396376
"Wave_1059",0.00224700629605438
"Wave_1060",0.0023424249639947
"Wave_1061",0.00239127468397965
"Wave_1062",0.00248809671303392
"Wave_1063",0.00239631566472062
"Wave_1064",0.00245717984660796
"Wave_1065",0.00228822779503426
"Wave_1066",0.00208712954390903
"Wave_1067",0.00171196076324765
"Wave_1068",0.00142242440815555
"Wave_1069",0.00114405929120939
"Wave_1070",0.000805257075594327
"Wave_1071",0.000756023127497477
"Wave_1072",0.000916503564305419
"Wave_1073",0.00156561533661696
"Wave_1074",0.00212867506688019
"Wave_1075",0.00289340684918767
"Wave_1076",0.00284817284877259
"Wave_1077",0.00223961401746644
"Wave_1078",0.00175446858925067
"Wave_1079",0.00092126161194183
"Wave_1080",0.00130435666682599
"Wave_1081",0.00206088764391915
"Wave_1082",0.00284504802274896
"Wave_1083",0.00377979862257291
"Wave_1084",0.00431840106557596
"Wave_1085",0.0048374592370712
"Wave_1086",0.00535699220126607
"Wave_1087",0.00547454890912888
"Wave_1088",0.0051668075767148
"Wave_1089",0.00460090911085444
"Wave_1090",0.00408600840694134
"Wave_1091",0.0030973237683263
"Wave_1092",0.00357191308952155
"Wave_1093",0.00364567079283156
"Wave_1094",0.00426575727434759
"Wave_1095",0.00424628568030603
"Wave_1096",0.00393518341702101
"Wave_1097",0.00354810138723756
"Wave_1098",0.00316052215349223
"Wave_1099",0.00230271533161117
"Wave_1100",0.00167774384100994
"Wave_1101",0.00097487615495595
"Wave_1102",0.000786803799910947
"Wave_1103",0.000341467912700564
"Wave_1104",0.000393251302221071
"Wave_1105",-0.000187760441766689
"Wave_1106",-0.000599732805891113
"Wave_1107",-0.000719416173934697
"Wave_1108",-0.00071079838204384
"Wave_1109",-0.000810547631346959
"Wave_1110",-0.000311593340647755
"Wave_1111",-0.000680606779382903
"Wave_1112",-0.000997228482359741
"Wave_1113",-0.00120966646551891
"Wave_1114",-0.00148459010748894
"Wave_1115",-0.00221840675146547
"Wave_1116",-0.00243068742755337
"Wave_1117",-0.00321321315433338
"Wave_1118",-0.00319985011375948
"Wave_1119",-0.00266902067127383
"Wave_1120",-0.00207210657076296
"Wave_1121",-0.00129037917579525
"Wave_1122",-0.00102867705876045
"Wave_1123",-0.00101077786317451
"Wave_1124",-0.000901370292892939
"Wave_1125",-0.000940537025261491
"Wave_1126",-0.00138953257686676
"Wave_1127",-0.00215590253946186
"Wave_1128",-0.00216216241985137
"Wave_1129",-0.00300661190639907
"Wave_1130",-0.00367022546423067
"Wave_1131",-0.00417809028355877
"Wave_1132",-0.00427318994340504
"Wave_1133",-0.00508383132938083
"Wave_1134",-0.00583849734695399
"Wave_1135",-0.0064992422727096
"Wave_1136",-0.00685527188079383
"Wave_1137",-0.00759251392092977
"Wave_1138",-0.00803050164595865
"Wave_1139",-0.00823371656570809
"Wave_1140",-0.00745859020822203
"Wave_1141",-0.00759893590625203
"Wave_1142",-0.0076986435402822
"Wave_1143",-0.00834032902334938
"Wave_1144",-0.00851724840507025
"Wave_1145",-0.0077407313381519
"Wave_1146",-0.00689395923841494
"Wave_1147",-0.00670208935726632
"Wave_1148",-0.00613239852546131
"Wave_1149",-0.0058515763674072
"Wave_1150",-0.00553152056865447
"Wave_1151",-0.00560287200182389
"Wave_1152",-0.00542807739633281
"Wave_1153",-0.00626781064012211
"Wave_1154",-0.00706869861357202
"Wave_1155",-0.00973171474034328
"Wave_1156",-0.00955452542269323
"Wave_1157",-0.00890635524848499
"Wave_1158",-0.00799217284989392
"Wave_1159",-0.00711051465103097
"Wave_1160",-0.00686401761369556
"Wave_1161",-0.00668622767595619
"Wave_1162",-0.00678206564162903
"Wave_1163",-0.00682328683697563
"Wave_1164",-0.00645638181852356
"Wave_1165",-0.00625586997935316
"Wave_1166",-0.00624558897341125
"Wave_1167",-0.00631334563601257
"Wave_1168",-0.00639141267718795
"Wave_1169",-0.00641829669573525
"Wave_1170",-0.00651759544238647
"Wave_1171",-0.00672541355861384
"Wave_1172",-0.00707121498859611
"Wave_1173",-0.00722038013294081
"Wave_1174",-0.00739474756646337
"Wave_1175",-0.00686580279960378
"Wave_1176",-0.00707750418246971
"Wave_1177",-0.00625677256440956
"Wave_1178",-0.00553796347115734
"Wave_1179",-0.00534222351886503
"Wave_1180",-0.00490419954760541
"Wave_1181",-0.00444221462840318
"Wave_1182",-0.0039189632608374
"Wave_1183",-0.00343173048844054
"Wave_1184",-0.0028691618114565
"Wave_1185",-0.00276665823546434
"Wave_1186",-0.00227001778795689
"Wave_1187",-0.00156872531949358
"Wave_1188",-0.000692378800691385
"Wave_1189",0.000309174965786217
"Wave_1190",1.33919946392939e-05
"Wave_1191",-0.000507255269632281
"Wave_1192",-0.00167112072889029
"Wave_1193",-0.00370828978383377
"Wave_1194",-0.0028327822060652
"Wave_1195",-0.00177926791512512
"Wave_1196",-0.000140829970197825
"Wave_1197",0.00126917105231069
"Wave_1198",0.00146977097033103
"Wave_1199",0.00147962200137395
"Wave_1200",0.00184236293482652
"Wave_1201",0.00217552693855315
"Wave_1202",0.00233377078828621
"Wave_1203",0.00249263667204884
"Wave_1204",0.0025455298012118
"Wave_1205",0.00288289604470007
"Wave_1206",0.00350670153066393
"Wave_1207",0.00409039398216057
"Wave_1208",0.0042046573805168
"Wave_1209",0.00463102217213604
"Wave_1210",0.00527018629176827
"Wave_1211",0.00585169723764307
"Wave_1212",0.00657393313701515
"Wave_1213",0.00708421553242553
"Wave_1214",0.00760871374315503
"Wave_1215",0.00818446916126795
"Wave_1216",0.00830128132431663
"Wave_1217",0.00818813452448677
"Wave_1218",0.00804010917369043
"Wave_1219",0.00733083158012179
"Wave_1220",0.00710007896316748
"Wave_1221",0.00728489758947122
"Wave_1222",0.00759267044036797
"Wave_1223",0.00837395658163872
"Wave_1224",0.00866137528698761
"Wave_1225",0.00888549413533488
"Wave_1226",0.00904164326061366
"Wave_1227",0.00900482523450435
"Wave_1228",0.0090081739862334
"Wave_1229",0.00877865142426571
"Wave_1230",0.00862094495287768
"Wave_1231",0.00835787206319264
"Wave_1232",0.00790911665834343
"Wave_1233",0.00745619903995646
"Wave_1234",0.00733096981697157
"Wave_1235",0.00689774923484266
"Wave_1236",0.00622851285872078
"Wave_1237",0.00558385523823995
"Wave_1238",0.00470356289454543
"Wave_1239",0.00444341399465102
"Wave_1240",0.0044825703537337
"Wave_1241",0.00440401493776683
"Wave_1242",0.00498577732462515
"Wave_1243",0.00563113780672092
"Wave_1244",0.00618524262751752
"Wave_1245",0.00678530871063146
"Wave_1246",0.00644515355373296
"Wave_1247",0.00610410923869965
"Wave_1248",0.00573723749775574
"Wave_1249",0.00576680441861467
"Wave_1250",0.00597542456315619
"Wave_1251",0.00584872896083204
"Wave_1252",0.00579216879508634
"Wave_1253",0.00557863863054661
"Wave_1254",0.00539276830145179
"Wave_1255",0.00514680607058576
"Wave_1256",0.00495220339008397
"Wave_1257",0.00499868927614078
"Wave_1258",0.00501135852202093
"Wave_1259",0.00483825803172322
"Wave_1260",0.00457937909905699
"Wave_1261",0.00419912674544593
"Wave_1262",0.00405713997917776
"Wave_1263",0.00392840441979958
"Wave_1264",0.00418437347674893
"Wave_1265",0.0043152618209723
"Wave_1266",0.00433085701867521
"Wave_1267",0.00437621692214448
"Wave_1268",0.00419212040994245
"Wave_1269",0.00409073267997095
"Wave_1270",0.00415632612385453
"Wave_1271",0.00398045634134231
"Wave_1272",0.00417559398875052
"Wave_1273",0.00402736552547822
"Wave_1274",0.00366314807620786
"Wave_1275",0.00355179100728272
"Wave_1276",0.0023829396561531
"Wave_1277",0.0023036084995389
"Wave_1278",0.0023881142631322
"Wave_1279",0.00230451420840436
"Wave_1280",0.0015282155856226
"Wave_1281",0.000428892306641831
"Wave_1282",-0.000610196988614059
"Wave_1283",-0.00148026325920769
"Wave_1284",-0.000852485647047488
"Wave_1285",-0.000177137963256572
"Wave_1286",0.000745006440906294
"Wave_1287",0.00143744172107196
"Wave_1288",0.00116700421392433
"Wave_1289",0.00101953755144824
"Wave_1290",0.000613173593459947
"Wave_1291",0.00104858062865652
"Wave_1292",0.00153221598182605
"Wave_1293",0.00214079959770212
"Wave_1294",0.00317552140546031
"Wave_1295",0.00322873719507713
"Wave_1296",0.00231922493173363
"Wave_1297",0.00169146043004006
"Wave_1298",0.00128400148512233
"Wave_1299",0.00107978264449048
"Wave_1300",0.00139323335040991
"Wave_1301",0.00170189759902568
"Wave_1302",0.00204393744089331
"Wave_1303",0.0012866446166528
"Wave_1304",0.000576022719324645
"Wave_1305",3.21442163190325e-05
"Wave_1306",-0.000511781780506844
"Wave_1307",-0.00058527880956015
"Wave_1308",-0.000887029401666528
"Wave_1309",-0.000252992963293082
"Wave_1310",-0.000910617561706775
"Wave_1311",-0.00177296454618757
"Wave_1312",-0.00263962720711502
"Wave_1313",-0.00349155058641431
"Wave_1314",-0.00340249837824445
"Wave_1315",-0.00297960021403013
"Wave_1316",-0.00251461999019975
"Wave_1317",-0.00170616855433091
"Wave_1318",-0.00206989874836266
"Wave_1319",-0.00213169089899091
"Wave_1320",-0.00195947361446973
"Wave_1321",-0.0023399690551371
"Wave_1322",-0.00258951397057489
"Wave_1323",-0.00328168887961889
"Wave_1324",-0.00306574217428632
"Wave_1325",-0.00270764274968657
"Wave_1326",-0.00288175554093462
"Wave_1327",-0.0025295436054137
"Wave_1328",-0.00236928354567522
"Wave_1329",-0.00234414392544527
"Wave_1330",-0.00265384777173587
"Wave_1331",-0.00267193325931716
"Wave_1332",-0.0025202006927426
"Wave_1333",-0.00278435240127727
"Wave_1334",-0.0030066253408369
"Wave_1335",-0.00341381729350021
"Wave_1336",-0.00334160665883021
"Wave_1337",-0.00274759052531
"Wave_1338",-0.0020604095069491
"Wave_1339",-0.00205888576913607
"Wave_1340",-0.00216569487135294
"Wave_1341",-0.00212891820355642
"Wave_1342",-0.00215479071220406
"Wave_1343",-0.00182618469755197
"Wave_1344",-0.0016157875948623
"Wave_1345",-0.00152653204692384
"Wave_1346",-0.00145749303812159
"Wave_1347",-0.00205078977966879
"Wave_1348",-0.00184636943943109
"Wave_1349",-0.00196748416678202
"Wave_1350",-0.00151400637205847
"Wave_1351",-0.000807472467033783
"Wave_1352",-0.000827847788634581
"Wave_1353",-0.000723152461017267
"Wave_1354",-0.00115407980313461
"Wave_1355",-0.000797328136306568
"Wave_1356",-0.000173215480817481
"Wave_1357",0.000549041404663521
"Wave_1358",0.00169837226864247
"Wave_1359",0.0018637323873534
"Wave_1360",0.00207332861276293
"Wave_1361",0.00308275820440776
"Wave_1362",0.00351307766626879
"Wave_1363",0.00315566955148612
"Wave_1364",0.00278851957988964
"Wave_1365",0.00331404721890975
"Wave_1366",0.00242668252199717
"Wave_1367",0.00136235039495724
"Wave_1368",0.000753365228013183
"Wave_1369",0.00136143723707524
"Wave_1370",2.29658676247609e-05
"Wave_1371",-0.00144142298773243
"Wave_1372",-0.00180414341469272
"Wave_1373",-0.00182208297116515
"Wave_1374",-0.00332658006572291
"Wave_1375",-0.00485338439810093
"Wave_1376",-0.00383910121136941
"Wave_1377",-0.00451476922708279
"Wave_1378",-0.00630208030521053
"Wave_1379",-0.00773813494736245
"Wave_1380",-0.00635472827023293
"Wave_1381",-0.0068402383193641
"Wave_1382",-0.00761181495566482
"Wave_1383",-0.00791846568571623
"Wave_1384",-0.00624746701785805
"Wave_1385",-0.00517743198181243
"Wave_1386",-0.00438043468311906
"Wave_1387",-0.0034830070977879
"Wave_1388",-0.00310197405906918
"Wave_1389",-0.00288430206948836
"Wave_1390",-0.00303131128413973
"Wave_1391",-0.00360840213323312
"Wave_1392",-0.00270843016411974
"Wave_1393",-0.00223169466808053
"Wave_1394",-0.00225735277327426
"Wave_1395",-0.00303434998013642
"Wave_1396",-0.00160160761643001
"Wave_1397",-0.000362725298359912
"Wave_1398",-0.000312283115303731
"Wave_1399",-0.000370070788171614
"Wave_1400",0.00115181264296183
"Wave_1401",0.0023942235459002
"Wave_1402",0.00145381455253702
"Wave_1403",0.00207644780143857
"Wave_1404",0.00301204287917798
"Wave_1405",0.00394285370328558
"Wave_1406",0.00257920046187221
"Wave_1407",0.00322383912653079
"Wave_1408",0.00396299320782852
"Wave_1409",0.00426892550393559
"Wave_1410",0.00339072725527854
"Wave_1411",0.00414628752066146
"Wave_1412",0.00487557931202146
"Wave_1413",0.00460677476981776
"Wave_1414",0.00410272617721081
"Wave_1415",0.00465965383546957
"Wave_1416",0.00518122693726841
"Wave_1417",0.0048247905355283
"Wave_1418",0.00489086966475445
"Wave_1419",0.00507491473848067
"Wave_1420",0.00519289555541597
"Wave_1421",0.00449599722934921
"Wave_1422",0.00468366588559682
"Wave_1423",0.00506187857727406
"Wave_1424",0.00495515484901943
"Wave_1425",0.0040460983458443
"Wave_1426",0.0037561395620774
"Wave_1427",0.00356260142619656
"Wave_1428",0.00322399185327078
"Wave_1429",0.00331586447210374
"Wave_1430",0.00335907140222039
"Wave_1431",0.00343127255072382
"Wave_1432",0.00262617732420886
"Wave_1433",0.00257585306381328
"Wave_1434",0.002665583048221
"Wave_1435",0.00265806877997773
"Wave_1436",0.00246506242915181
"Wave_1437",0.00235787413063947
"Wave_1438",0.00232657827327867
"Wave_1439",0.00201808146368324
"Wave_1440",0.00140151942125567
"Wave_1441",0.000989845750566941
"Wave_1442",0.00061499234733634
"Wave_1443",6.54973382419749e-05
"Wave_1444",-0.000358908198489899
"Wave_1445",-0.000723744780258749
"Wave_1446",-0.00117031855740561
"Wave_1447",-0.00178122277230793
"Wave_1448",-0.00204307092983944
"Wave_1449",-0.00231625753028213
"Wave_1450",-0.00263693722434903
"Wave_1451",-0.00303814798081208
"Wave_1452",-0.00320014593201659
"Wave_1453",-0.00331637128995705
"Wave_1454",-0.00371635288842
"Wave_1455",-0.00395089604602096
"Wave_1456",-0.00413844680188206
"Wave_1457",-0.00435880565109801
"Wave_1458",-0.00493487437562907
"Wave_1459",-0.00490760271330981
"Wave_1460",-0.00490197680627098
"Wave_1461",-0.0050391272169403
"Wave_1462",-0.00514238639198346
"Wave_1463",-0.00507005253010001
"Wave_1464",-0.00495955418181196
"Wave_1465",-0.00521960638124529
"Wave_1466",-0.00516647617502749
"Wave_1467",-0.00503509260127575
"Wave_1468",-0.00492306281130704
"Wave_1469",-0.00511882377664888
"Wave_1470",-0.0048662918903811
"Wave_1471",-0.00451335213972985
"Wave_1472",-0.00432051291637966
"Wave_1473",-0.00469119751659523
"Wave_1474",-0.00495219205285434
"Wave_1475",-0.00515134423001269
"Wave_1476",-0.00553116714628382
"Wave_1477",-0.00563833210484414
"Wave_1478",-0.00559132387630172
"Wave_1479",-0.00554457694757283
"Wave_1480",-0.00566388973072953
"Wave_1481",-0.00556944875591792
"Wave_1482",-0.00548794733904226
"Wave_1483",-0.00552462769671309
"Wave_1484",-0.00590231624764406
"Wave_1485",-0.00606617036889774
"Wave_1486",-0.00622878798392628
"Wave_1487",-0.00662099529572824
"Wave_1488",-0.00653959188686562
"Wave_1489",-0.00643454938268185
"Wave_1490",-0.00637259094937955
"Wave_1491",-0.00674336687485389
"Wave_1492",-0.00685968294985801
"Wave_1493",-0.00688404443009389
"Wave_1494",-0.00697335813249873
"Wave_1495",-0.00690953655110973
"Wave_1496",-0.00687328051598366
"Wave_1497",-0.00695477411719551
"Wave_1498",-0.00693785659757504
"Wave_1499",-0.00706334926087533
"Wave_1500",-0.00725431913758944
"Wave_1501",-0.00760903596950818
"Wave_1502",-0.0081444238014468
"Wave_1503",-0.00801754030115993
"Wave_1504",-0.00763192028884928
"Wave_1505",-0.00720485347150244
"Wave_1506",-0.00707350034326524
"Wave_1507",-0.00719724384756744
"Wave_1508",-0.00739296759607747
"Wave_1509",-0.00738658316157882
"Wave_1510",-0.00736151080007603
"Wave_1511",-0.00742493456956989
"Wave_1512",-0.00748273860359508
"Wave_1513",-0.00782696560753913
"Wave_1514",-0.00758500358991021
"Wave_1515",-0.0071970428691765
"Wave_1516",-0.00689449240049615
"Wave_1517",-0.00643214261725405
"Wave_1518",-0.00693047243592548
"Wave_1519",-0.00721905442720482
"Wave_1520",-0.00764524761192823
"Wave_1521",-0.00752645795321753
"Wave_1522",-0.00695839292793172
"Wave_1523",-0.00640471966215229
"Wave_1524",-0.00581657532057532
"Wave_1525",-0.00535316362859532
"Wave_1526",-0.0048181854709391
"Wave_1527",-0.00440543402787851
"Wave_1528",-0.00426262238737749
"Wave_1529",-0.00432730571325742
"Wave_1530",-0.00450077484973276
"Wave_1531",-0.00441003325995937
"Wave_1532",-0.00389834645049725
"Wave_1533",-0.00336193917200866
"Wave_1534",-0.00282513933571643
"Wave_1535",-0.00215903863394554
"Wave_1536",-0.00167549466333101
"Wave_1537",-0.00128198444778054
"Wave_1538",-0.000831095101287016
"Wave_1539",-0.000250737717423519
"Wave_1540",0.000249604748847743
"Wave_1541",0.000787523396168042
"Wave_1542",0.00121300185472252
"Wave_1543",0.00143036698156552
"Wave_1544",0.00157471493815728
"Wave_1545",0.001527333347192
"Wave_1546",0.00118139433686036
"Wave_1547",0.00112740676511133
"Wave_1548",0.00111446858224669
"Wave_1549",0.00127321309356461
"Wave_1550",0.0018037825114669
"Wave_1551",0.00187784482637283
"Wave_1552",0.00215344539640034
"Wave_1553",0.00260452692580035
"Wave_1554",0.00303819267014589
"Wave_1555",0.00330816707124579
"Wave_1556",0.00355862315291757
"Wave_1557",0.0035136392230334
"Wave_1558",0.00370265820993153
"Wave_1559",0.00390419211541039
"Wave_1560",0.00414176577529066
"Wave_1561",0.00442758721249303
"Wave_1562",0.00418110004236428
"Wave_1563",0.00409217310416156
"Wave_1564",0.00442756187897961
"Wave_1565",0.00477204390830957
"Wave_1566",0.00491154042152135
"Wave_1567",0.00527265216595404
"Wave_1568",0.0046161930864617
"Wave_1569",0.0046677754655102
"Wave_1570",0.00488998457862337
"Wave_1571",0.00531138287411616
"Wave_1572",0.00588201895217728
"Wave_1573",0.00576819840899371
"Wave_1574",0.0058005252081634
"Wave_1575",0.00600561152499159
"Wave_1576",0.00634991411117865
"Wave_1577",0.00674639018592215
"Wave_1578",0.00715245107864569
"Wave_1579",0.00715438612944085
"Wave_1580",0.007226420584922
"Wave_1581",0.00727709014624231
"Wave_1582",0.00740236260811393
"Wave_1583",0.00779987988881833
"Wave_1584",0.00805959180565716
"Wave_1585",0.00832318997019567
"Wave_1586",0.00873927466523664
"Wave_1587",0.00912461763644724
"Wave_1588",0.00937102607194924
"Wave_1589",0.00959086448923352
"Wave_1590",0.00922988327664523
"Wave_1591",0.00883631060415737
"Wave_1592",0.00858187796826724
"Wave_1593",0.00830780047076173
"Wave_1594",0.00831231833535503
"Wave_1595",0.00851970366927851
"Wave_1596",0.00876342664821912
"Wave_1597",0.00927626631206484
"Wave_1598",0.00942098690241624
"Wave_1599",0.00934976233592607
"Wave_1600",0.00947731419343788
"Wave_1601",0.00947682993085332
"Wave_1602",0.00886744606453944
"Wave_1603",0.00836612003051912
"Wave_1604",0.00797594713723404
"Wave_1605",0.00746978433112748
"Wave_1606",0.0065732257331542
"Wave_1607",0.00565972095500972
"Wave_1608",0.00404275958711225
"Wave_1609",0.00415680586979401
"Wave_1610",0.00491992760692198
"Wave_1611",0.00615021428139131
"Wave_1612",0.00777513071901994
"Wave_1613",0.00780282321469778
"Wave_1614",0.00776593279881616
"Wave_1615",0.00737856827854577
"Wave_1616",0.00598194449880741
"Wave_1617",0.00472833753685049
"Wave_1618",0.0034368254454452
"Wave_1619",0.00292074726932455
"Wave_1620",0.00290544531528354
"Wave_1621",0.00301167385040734
"Wave_1622",0.00300059458803245
"Wave_1623",0.0028068543280117
"Wave_1624",0.00297498514023501
"Wave_1625",0.0031133942912083
"Wave_1626",0.00371618592249618
"Wave_1627",0.00474034878355022
"Wave_1628",0.00535512736921365
"Wave_1629",0.00582221436520248
"Wave_1630",0.00552372716959885
"Wave_1631",0.00526525542135655
"Wave_1632",0.00514048664652849
"Wave_1633",0.00509439545025103
"Wave_1634",0.00491875076580812
"Wave_1635",0.00460747933341394
"Wave_1636",0.0043518213560297
"Wave_1637",0.00435674955162863
"Wave_1638",0.00386565874271569
"Wave_1639",0.00374477272429778
"Wave_1640",0.00339071669948159
"Wave_1641",0.00321192529027062
"Wave_1642",0.00306306127452102
"Wave_1643",0.00316400230147773
"Wave_1644",0.00310045147688611
"Wave_1645",0.00293966568876454
"Wave_1646",0.00260953191173857
"Wave_1647",0.00246642211305445
"Wave_1648",0.00194766291905993
"Wave_1649",0.00132937662804247
"Wave_1650",0.000739055556234777
"Wave_1651",0.000230579469298166
"Wave_1652",0.000263722613414614
"Wave_1653",0.000106643564255637
"Wave_1654",0.000262484237880617
"Wave_1655",0.000802906589400205
"Wave_1656",0.00133816763107481
"Wave_1657",0.00229236697838987
"Wave_1658",0.00327122274651132
"Wave_1659",0.00314609586393107
"Wave_1660",0.00322631573231839
"Wave_1661",0.00331907690168323
"Wave_1662",0.00317225610923058
"Wave_1663",0.00348071144442273
"Wave_1664",0.00407323008210851
"Wave_1665",0.00464782309255833
"Wave_1666",0.00447504104879103
"Wave_1667",0.00364244440123335
"Wave_1668",0.00240699374425817
"Wave_1669",0.00193807952673798
"Wave_1670",0.00208080875402835
"Wave_1671",0.00182401704796026
"Wave_1672",0.00174791112189514
"Wave_1673",0.00128904970047602
"Wave_1674",0.00102330216036721
"Wave_1675",0.000967933503711526
"Wave_1676",0.00064187607452657
"Wave_1677",0.000303863748874362
"Wave_1678",-0.000672761212746643
"Wave_1679",-0.00165143509580788
"Wave_1680",-0.00169722030994147
"Wave_1681",-0.0010332573451456
"Wave_1682",-0.00128044245252658
"Wave_1683",-0.00147879935784914
"Wave_1684",-0.00213825980503305
"Wave_1685",-0.00248081300085402
"Wave_1686",-0.00239845300386084
"Wave_1687",-0.00215146443336838
"Wave_1688",-0.00213257631293622
"Wave_1689",-0.00270320403590453
"Wave_1690",-0.00314535315216255
"Wave_1691",-0.00376013225931184
"Wave_1692",-0.00481916527033126
"Wave_1693",-0.00556354448766409
"Wave_1694",-0.00619396874436846
"Wave_1695",-0.00676915532730919
"Wave_1696",-0.00731581771531998
"Wave_1697",-0.00819853924418188
"Wave_1698",-0.00898832256271726
"Wave_1699",-0.0101665620489193
"Wave_1700",-0.0112534418799783
"Wave_1701",-0.0120738884799323
"Wave_1702",-0.0133285423793134
"Wave_1703",-0.0144936091601122
"Wave_1704",-0.0154376863018457
"Wave_1705",-0.0166092020611661
"Wave_1706",-0.0173179346100054
"Wave_1707",-0.0175860285128897
"Wave_1708",-0.0173130754304188
"Wave_1709",-0.017730811901277
"Wave_1710",-0.0181809963595117
"Wave_1711",-0.0188580121188366
"Wave_1712",-0.0196730542025786
"Wave_1713",-0.0200781759587704
"Wave_1714",-0.0201714698178827
"Wave_1715",-0.0203715652230163
"Wave_1716",-0.0202963320821653
"Wave_1717",-0.0203769551730979
"Wave_1718",-0.0203683343622049
"Wave_1719",-0.0204155938380449
"Wave_1720",-0.0198271892528593
"Wave_1721",-0.0195798020267264
"Wave_1722",-0.0192903595641503
"Wave_1723",-0.0190831579694672
"Wave_1724",-0.0184299787555014
"Wave_1725",-0.0179694772823186
"Wave_1726",-0.0172502206056606
"Wave_1727",-0.0161841948770715
"Wave_1728",-0.0147713850118323
"Wave_1729",-0.0127503354615922
"Wave_1730",-0.0107214442625228
"Wave_1731",-0.00938214436673417
"Wave_1732",-0.00846578636479386
"Wave_1733",-0.00792739574548795
"Wave_1734",-0.00729422203245757
"Wave_1735",-0.00646306929442335
"Wave_1736",-0.00582828297348115
"Wave_1737",-0.0051341697217765
"Wave_1738",-0.00524721056204234
"Wave_1739",-0.00547732921916237
"Wave_1740",-0.00537847730383487
"Wave_1741",-0.00534261015585862
"Wave_1742",-0.00508722455199261
"Wave_1743",-0.00506043541070868
"Wave_1744",-0.00457141216427071
"Wave_1745",-0.00416540866611887
"Wave_1746",-0.00377640397386619
"Wave_1747",-0.00379307252255093
"Wave_1748",-0.00379708956058509
"Wave_1749",-0.00411123960907707
"Wave_1750",-0.00441333823240072
"Wave_1751",-0.00520564292840363
"Wave_1752",-0.00578996813800306
"Wave_1753",-0.00668364382287673
"Wave_1754",-0.00705746300306907
"Wave_1755",-0.0070798267301522
"Wave_1756",-0.00647956924425405
"Wave_1757",-0.00615650317673659
"Wave_1758",-0.00572859193174788
"Wave_1759",-0.00544343969826895
"Wave_1760",-0.00520317113499783
"Wave_1761",-0.00460346412218987
"Wave_1762",-0.00366778651956476
"Wave_1763",-0.00289670627879538
"Wave_1764",-0.00222825062582499
"Wave_1765",-0.00181952191728724
"Wave_1766",-0.00185815592046482
"Wave_1767",-0.00153603128243146
"Wave_1768",-0.00106469112343436
"Wave_1769",-0.00138673667907258
"Wave_1770",-0.00101628391793084
"Wave_1771",-0.00103792444871704
"Wave_1772",-0.000382760523268668
"Wave_1773",0.000226963149298655
"Wave_1774",0.000940043703565552
"Wave_1775",0.00101312404632618
"Wave_1776",1.79289913885487e-05
"Wave_1777",-0.00033983887958731
"Wave_1778",-0.000934398056637905
"Wave_1779",-0.000250103973181697
"Wave_1780",0.000640083794780028
"Wave_1781",0.00183541689218935
"Wave_1782",0.00282706909657536
"Wave_1783",0.00336484320189655
"Wave_1784",0.00377442865292025
"Wave_1785",0.00406002333071012
"Wave_1786",0.00433815554132604
"Wave_1787",0.00440720902432827
"Wave_1788",0.00478191852858183
"Wave_1789",0.00525145227400942
"Wave_1790",0.00537864314250866
"Wave_1791",0.00528678709235269
"Wave_1792",0.00497019056752533
"Wave_1793",0.00440994086216379
"Wave_1794",0.00403962867254818
"Wave_1795",0.00430230785291769
"Wave_1796",0.00438573265298898
"Wave_1797",0.00468635340060043
"Wave_1798",0.00464604793221996
"Wave_1799",0.00443860644142326
"Wave_1800",0.0041352554150735
"Wave_1801",0.00300753628497278
"Wave_1802",0.00222896747497836
"Wave_1803",0.00127073573739692
"Wave_1804",0.001529211217587
"Wave_1805",0.00224754244342035
"Wave_1806",0.00318080175991822
"Wave_1807",0.00357494974386115
"Wave_1808",0.00334517680968737
"Wave_1809",0.00352692643282346
"Wave_1810",0.00343615135669553
"Wave_1811",0.00419732984420161
"Wave_1812",0.00495927052051921
"Wave_1813",0.00543185040031413
"Wave_1814",0.00580733082374254
"Wave_1815",0.00634411947623688
"Wave_1816",0.00651202135823942
"Wave_1817",0.00680167046304617
"Wave_1818",0.00718388045486427
"Wave_1819",0.00697533600119333
"Wave_1820",0.00710085087905097
"Wave_1821",0.00701624607291806
"Wave_1822",0.00733625974354257
"Wave_1823",0.00770037575865917
"Wave_1824",0.00801633760001725
"Wave_1825",0.00815043555290979
"Wave_1826",0.00793589038114032
"Wave_1827",0.00766961787858214
"Wave_1828",0.00769787786303311
"Wave_1829",0.00850516759691623
"Wave_1830",0.00859124324750756
"Wave_1831",0.00863742669390425
"Wave_1832",0.00819974944102275
"Wave_1833",0.00834938736757492
"Wave_1834",0.00858487801863906
"Wave_1835",0.00870354843823222
"Wave_1836",0.00974475779370612
"Wave_1837",0.00960761634871775
"Wave_1838",0.00932706363082259
"Wave_1839",0.008856092785432
"Wave_1840",0.00855118466948449
"Wave_1841",0.00779612190927936
"Wave_1842",0.00757671729745922
"Wave_1843",0.00913210094109733
"Wave_1844",0.00915319490290338
"Wave_1845",0.00962853763674687
"Wave_1846",0.00988301437248688
"Wave_1847",0.0100950360554297
"Wave_1848",0.00917629544363134
"Wave_1849",0.00812031770772888
"Wave_1850",0.00839396110085748
"Wave_1851",0.00803194732318356
"Wave_1852",0.00698283325386786
"Wave_1853",0.00743909737460494
"Wave_1854",0.00902806828638681
"Wave_1855",0.00781129147036452
"Wave_1856",0.00757282066724957
"Wave_1857",0.00776891069218801
"Wave_1858",0.00713843237967815
"Wave_1859",0.00570162599868281
"Wave_1860",0.00552229889932262
"Wave_1861",0.00600729465453676
"Wave_1862",0.00481696156406284
"Wave_1863",0.0041590687028522
"Wave_1864",0.00538516875223292
"Wave_1865",0.00511808345126205
"Wave_1866",0.00351934915232106
"Wave_1867",0.00415070497971038
"Wave_1868",0.00514699336450455
"Wave_1869",0.00413869666905614
"Wave_1870",0.00368412333691334
"Wave_1871",0.00411784741607793
"Wave_1872",0.00415104982660254
"Wave_1873",0.00374565952440994
"Wave_1874",0.00396570860561319
"Wave_1875",0.00421443026281719
"Wave_1876",0.00413706244443298
"Wave_1877",0.00367747447140523
"Wave_1878",0.00124973639174428
"Wave_1879",-0.000505041197982264
"Wave_1880",-0.0018526734125999
"Wave_1881",-0.00315490019021033
"Wave_1882",-0.00451136286155918
"Wave_1883",-0.00372351164947663
"Wave_1884",-0.00342555674591137
"Wave_1885",-0.00529206108546983
"Wave_1886",-0.0058902609294315
"Wave_1887",-0.00524907610315301
"Wave_1888",-0.00697509757513863
"Wave_1889",-0.0086984508238267
"Wave_1890",-0.0135685024777979
"Wave_1891",-0.0178385704138664
"Wave_1892",-0.023207738807088
"Wave_1893",-0.0207296134125113
"Wave_1894",-0.0138695063505464
"Wave_1895",-0.00608829754582896
"Wave_1896",0.00364815401551442
"Wave_1897",0.00790060092627532
"Wave_1898",0.00908972882193766
"Wave_1899",0.0131289450533035
"Wave_1900",0.0121114603519578
"Wave_1901",0.0125391604976551
"Wave_1902",0.0115762904284631
"Wave_1903",0.00988619643869292
"Wave_1904",0.00794328406147734
"Wave_1905",0.00576592595489759
"Wave_1906",0.00515049572385997
"Wave_1907",0.00415319950232366
"Wave_1908",0.00205858778716975
"Wave_1909",0.00087436552896726
"Wave_1910",0.000782805914338583
"Wave_1911",0.0016886589352774
"Wave_1912",0.00312293102319509
"Wave_1913",0.0034102523695785
"Wave_1914",0.00461547756707864
"Wave_1915",0.00531707883338172
"Wave_1916",0.00517344132530964
"Wave_1917",0.0052048359246513
"Wave_1918",0.00482151964910824
"Wave_1919",0.00464642108811475
"Wave_1920",0.00483798674956126
"Wave_1921",0.00458226592153131
"Wave_1922",0.00534508961096325
"Wave_1923",0.00617141416086901
"Wave_1924",0.0066585962982203
"Wave_1925",0.00721403423541875
"Wave_1926",0.0074844460012976
"Wave_1927",0.00743527730912896
"Wave_1928",0.00717568972977008
"Wave_1929",0.00693750345443154
"Wave_1930",0.00683648874430356
"Wave_1931",0.00672785654710892
"Wave_1932",0.00647102063702769
"Wave_1933",0.00654685933250761
"Wave_1934",0.00659458117137508
"Wave_1935",0.00650726772676923
"Wave_1936",0.00639346636670516
"Wave_1937",0.00624754347375291
"Wave_1938",0.00596421910562729
"Wave_1939",0.00549749378884486
"Wave_1940",0.00520940746744507
"Wave_1941",0.00533325198759912
"Wave_1942",0.00539831727246685
"Wave_1943",0.00560938963616046
"Wave_1944",0.00566631929010445
"Wave_1945",0.00558614303415099
"Wave_1946",0.0052594392260556
"Wave_1947",0.00481605912574893
"Wave_1948",0.00420672546850303
"Wave_1949",0.00395170001178194
"Wave_1950",0.00407904812298161
"Wave_1951",0.00419273944007025
"Wave_1952",0.00452611802557229
"Wave_1953",0.00482448039061488
"Wave_1954",0.00511753672506833
"Wave_1955",0.0049351260346226
"Wave_1956",0.0046270351911989
"Wave_1957",0.00420091461108272
"Wave_1958",0.00396409100505153
"Wave_1959",0.00349908231559797
"Wave_1960",0.00301056215037969
"Wave_1961",0.00262973050815601
"Wave_1962",0.0024270550930386
"Wave_1963",0.00217787454962426
"Wave_1964",0.00194579614569406
"Wave_1965",0.00181828504536575
"Wave_1966",0.00142216420020203
"Wave_1967",0.00100011823835475
"Wave_1968",0.000734915670247799
"Wave_1969",0.000533482666495643
"Wave_1970",0.000453011369428217
"Wave_1971",0.000507386596140746
"Wave_1972",0.000509739749009435
"Wave_1973",0.000778110023761811
"Wave_1974",0.00107861394346727
"Wave_1975",0.00116221364312959
"Wave_1976",0.000863682681120522
"Wave_1977",0.000495735928575604
"Wave_1978",-0.000102422564645657
"Wave_1979",-0.000522563767619081
"Wave_1980",-0.000886272613146972
"Wave_1981",-0.000895885832415425
"Wave_1982",-0.000685600465311715
"Wave_1983",-0.000664600855569264
"Wave_1984",-0.00109701662766377
"Wave_1985",-0.00155518768861225
"Wave_1986",-0.00205668614123188
"Wave_1987",-0.0027581931048595
"Wave_1988",-0.00324476244481109
"Wave_1989",-0.0034968314333222
"Wave_1990",-0.00344775912379151
"Wave_1991",-0.00332492091770648
"Wave_1992",-0.00329520710117874
"Wave_1993",-0.0034671512417887
"Wave_1994",-0.00380246389554237
"Wave_1995",-0.00423760839517056
"Wave_1996",-0.004650680600986
"Wave_1997",-0.00495839221034673
"Wave_1998",-0.00494528019859786
"Wave_1999",-0.0048258693120512
"Wave_2000",-0.00448405421631011
"Wave_2001",-0.00411520812087082
"Wave_2002",-0.00385556790247499
"Wave_2003",-0.00404135772554994
"Wave_2004",-0.00438467146238123
"Wave_2005",-0.00508919909059745
"Wave_2006",-0.00545644258417167
"Wave_2007",-0.00574431514837818
"Wave_2008",-0.00640730355465401
"Wave_2009",-0.00701923730382467
"Wave_2010",-0.00717456812639374
"Wave_2011",-0.00710761339515461
"Wave_2012",-0.006858911300519
"Wave_2013",-0.00656261298145552
"Wave_2014",-0.00631130451780304
"Wave_2015",-0.00615229565894714
"Wave_2016",-0.00609711060175969
"Wave_2017",-0.0060370991406371
"Wave_2018",-0.00644048259803667
"Wave_2019",-0.00686044466564186
"Wave_2020",-0.00737821622635175
"Wave_2021",-0.00774242087976728
"Wave_2022",-0.00822174386215516
"Wave_2023",-0.00884581932759415
"Wave_2024",-0.00844910749447889
"Wave_2025",-0.00809198521235098
"Wave_2026",-0.00771613802223986
"Wave_2027",-0.00774423244072054
"Wave_2028",-0.00750846938992233
"Wave_2029",-0.00752299976139803
"Wave_2030",-0.00754615456835912
"Wave_2031",-0.00764579230245686
"Wave_2032",-0.00723964385988863
"Wave_2033",-0.00690151948444921
"Wave_2034",-0.00706388969993237
"Wave_2035",-0.00776609997721616
"Wave_2036",-0.00801553545258403
"Wave_2037",-0.00788477469947407
"Wave_2038",-0.00737723256353175
"Wave_2039",-0.00705619157941812
"Wave_2040",-0.00743793419842849
"Wave_2041",-0.00795248745893495
"Wave_2042",-0.0077859074743297
"Wave_2043",-0.00745274159521836
"Wave_2044",-0.00677637067260025
"Wave_2045",-0.00624738589347825
"Wave_2046",-0.00609539612391781
"Wave_2047",-0.00661449124383422
"Wave_2048",-0.00725059525361722
"Wave_2049",-0.0078838029521727
"Wave_2050",-0.00833677264184197
"Wave_2051",-0.00865602923901827
"Wave_2052",-0.00866515292282009
"Wave_2053",-0.00799675285623621
"Wave_2054",-0.0069936817068194
"Wave_2055",-0.0065906821740418
"Wave_2056",-0.0065275424964943
"Wave_2057",-0.00644995550744827
"Wave_2058",-0.00585892800818692
"Wave_2059",-0.00510004555036042
"Wave_2060",-0.00403353558128298
"Wave_2061",-0.00324265754599724
"Wave_2062",-0.00264871450862918
"Wave_2063",-0.00233184632154459
"Wave_2064",-0.00171984472918312
"Wave_2065",-0.00118142663883997
"Wave_2066",-0.000522601560744676
"Wave_2067",0.000274834222060648
"Wave_2068",0.00120753389090647
"Wave_2069",0.00241016548581854
"Wave_2070",0.00408344561807922
"Wave_2071",0.00533529942340691
"Wave_2072",0.0065800847741039
"Wave_2073",0.00689412606342008
"Wave_2074",0.00768860253668993
"Wave_2075",0.0086599576602425
"Wave_2076",0.00965420490737108
"Wave_2077",0.0100218459198841
"Wave_2078",0.0110979970976478
"Wave_2079",0.0117669533416949
"Wave_2080",0.0121517538794832
"Wave_2081",0.0128412547226796
"Wave_2082",0.0127487534101631
"Wave_2083",0.0123041697499761
"Wave_2084",0.0136301028899086
"Wave_2085",0.0152121283285897
"Wave_2086",0.01658448166277
"Wave_2087",0.0172652817394585
"Wave_2088",0.0182500781670093
"Wave_2089",0.0190980291511331
"Wave_2090",0.0205766081908641
"Wave_2091",0.0216210738231637
"Wave_2092",0.0217127802907131
"Wave_2093",0.0217167417107854
"Wave_2094",0.0217094036744633
"Wave_2095",0.0219406020833641
"Wave_2096",0.0224976098157421
"Wave_2097",0.0231521308141204
"Wave_2098",0.0237595699606903
"Wave_2099",0.0241944911945957
"Wave_2100",0.0246876748720389
"Wave_2101",0.024864783564248
"Wave_2102",0.0255993932549148
"Wave_2103",0.0262817983296459
"Wave_2104",0.0265002355501356
"Wave_2105",0.0263206623303344
"Wave_2106",0.0260168032803412
"Wave_2107",0.0257022076865298
"Wave_2108",0.0256755242274409
"Wave_2109",0.0254829474035039
"Wave_2110",0.0258565668432726
"Wave_2111",0.026298347632458
"Wave_2112",0.0261127699561612
"Wave_2113",0.0248801011737151
"Wave_2114",0.0247169346667328
"Wave_2115",0.0238475988737359
"Wave_2116",0.0227944077073208
"Wave_2117",0.0219727809750514
"Wave_2118",0.0213238148946772
"Wave_2119",0.0212077063294062
"Wave_2120",0.021919137063225
"Wave_2121",0.0226574508820615
"Wave_2122",0.022693896879711
"Wave_2123",0.0228691217755701
"Wave_2124",0.022222337736696
"Wave_2125",0.021318397645958
"Wave_2126",0.0207159329241113
"Wave_2127",0.0206350515213123
"Wave_2128",0.0198103161263754
"Wave_2129",0.0195075714895369
"Wave_2130",0.0189704868131748
"Wave_2131",0.0182998830929884
"Wave_2132",0.0179355475302552
"Wave_2133",0.01767131201633
"Wave_2134",0.0174982214792777
"Wave_2135",0.0148152706110709
"Wave_2136",0.0119798650334119
"Wave_2137",0.0105897422803474
"Wave_2138",0.0106201378734902
"Wave_2139",0.0106620285228478
"Wave_2140",0.0103879712787184
"Wave_2141",0.010291520321822
"Wave_2142",0.00955225023047287
"Wave_2143",0.00797704796195159
"Wave_2144",0.00674767393128399
"Wave_2145",0.00621633224697683
"Wave_2146",0.00560925033101507
"Wave_2147",0.00473619280184289
"Wave_2148",0.00329730999375028
"Wave_2149",0.00233098725500951
"Wave_2150",0.00125216450865194
"Wave_2151",-0.000374876935802486
"Wave_2152",-0.00209961246914894
"Wave_2153",-0.00421291737050211
"Wave_2154",-0.0061744311004784
"Wave_2155",-0.0078319041988403
"Wave_2156",-0.00900352467821123
"Wave_2157",-0.0108778130978323
"Wave_2158",-0.0122793324692553
"Wave_2159",-0.0130882737542673
"Wave_2160",-0.0138674871316033
"Wave_2161",-0.0145837292475585
"Wave_2162",-0.0153358132982841
"Wave_2163",-0.017357686682732
"Wave_2164",-0.0194932361726545
"Wave_2165",-0.0199471158263068
"Wave_2166",-0.0203475684977853
"Wave_2167",-0.0202526109465462
"Wave_2168",-0.0198155091903839
"Wave_2169",-0.019203003262763
"Wave_2170",-0.01922374937402
"Wave_2171",-0.0192137979949877
"Wave_2172",-0.0192355908742458
"Wave_2173",-0.0193034906534233
"Wave_2174",-0.0192514064045282
"Wave_2175",-0.0211159321758788
"Wave_2176",-0.0226471484258236
"Wave_2177",-0.022905419732736
"Wave_2178",-0.0233472066586845
"Wave_2179",-0.0233580137418577
"Wave_2180",-0.0238708722873263
"Wave_2181",-0.0239946095282378
"Wave_2182",-0.0226852541290948
"Wave_2183",-0.0210176808846997
"Wave_2184",-0.0201598971921373
"Wave_2185",-0.0208670633070109
"Wave_2186",-0.021379901247491
"Wave_2187",-0.0213235961149706
"Wave_2188",-0.0202977060313538
"Wave_2189",-0.0187403174407572
"Wave_2190",-0.0178697999248296
"Wave_2191",-0.017428334718515
"Wave_2192",-0.0169771938011109
"Wave_2193",-0.0166384248633913
"Wave_2194",-0.0175273062670024
"Wave_2195",-0.0184102154092216
"Wave_2196",-0.0193249173551989
"Wave_2197",-0.0199458899914983
"Wave_2198",-0.0201026990409231
"Wave_2199",-0.0190683298256335
"Wave_2200",-0.0169278157672787
"Wave_2201",-0.0150211094322893
"Wave_2202",-0.0149400502832807
"Wave_2203",-0.0145726186248606
"Wave_2204",-0.0141731973581262
"Wave_2205",-0.0134862692868287
"Wave_2206",-0.0116287382521936
"Wave_2207",-0.0101176302128147
"Wave_2208",-0.00917623415912738
"Wave_2209",-0.00980715263813455
"Wave_2210",-0.0106882185492463
"Wave_2211",-0.0113842078817103
"Wave_2212",-0.0110136311612027
"Wave_2213",-0.00968605116592065
"Wave_2214",-0.00759516731410324
"Wave_2215",-0.00536991648803497
"Wave_2216",-0.00417222979445753
"Wave_2217",-0.00285344987471749
"Wave_2218",-0.00123336872303742
"Wave_2219",-0.000982096560762718
"Wave_2220",-0.000261878070192486
"Wave_2221",0.00125164856070108
"Wave_2222",0.00256229238763047
"Wave_2223",0.00318150132309099
"Wave_2224",0.00436336321446254
"Wave_2225",0.00438482342833238
"Wave_2226",0.00491875055950057
"Wave_2227",0.00563266599424054
"Wave_2228",0.00576084053804229
"Wave_2229",0.00583169052193828
"Wave_2230",0.00607023237950901
"Wave_2231",0.00458631618156892
"Wave_2232",0.00340035719853636
"Wave_2233",0.00302135697704894
"Wave_2234",0.00257706839491161
"Wave_2235",0.0023206044512298
"Wave_2236",0.00385464549227375
"Wave_2237",0.00540500089292693
"Wave_2238",0.00560446357062273
"Wave_2239",0.00560096752961735
"Wave_2240",0.00474125468276167
"Wave_2241",0.004263695048645
"Wave_2242",0.00359816429109141
"Wave_2243",0.00384039958224035
"Wave_2244",0.00364254128430349
"Wave_2245",0.00374413073997083
"Wave_2246",0.00387840076987342
"Wave_2247",0.00436626337707587
"Wave_2248",0.00442346223419959
"Wave_2249",0.00478062172834626
"Wave_2250",0.00560510544295906
"Wave_2251",0.00629845792726179
"Wave_2252",0.00607603323274961
"Wave_2253",0.00506631371883844
"Wave_2254",0.00349673790338558
"Wave_2255",0.00177182191769183
"Wave_2256",0.000871444928666744
"Wave_2257",0.00108872092036967
"Wave_2258",0.00175059896715647
"Wave_2259",0.00253989359152541
"Wave_2260",0.00287799552152383
"Wave_2261",0.00254141310516144
"Wave_2262",0.00173946823702384
"Wave_2263",0.00137797220512604
"Wave_2264",0.00128656911666082
"Wave_2265",0.0015073475255222
"Wave_2266",0.00251959129358858
"Wave_2267",0.0045504143651253
"Wave_2268",0.00591521461998006
"Wave_2269",0.00659538344515254
"Wave_2270",0.0051774937109526
"Wave_2271",0.00379524363384323
"Wave_2272",0.00338091227040566
"Wave_2273",0.00271355568568316
"Wave_2274",0.0014243083831422
"Wave_2275",0.000612579007033912
"Wave_2276",-0.000703619166856543
"Wave_2277",-0.000336693648376728
"Wave_2278",0.000479086486125771
"Wave_2279",0.00114398145840995
"Wave_2280",0.00129567513545632
"Wave_2281",0.00191871801606905
"Wave_2282",0.00219212614341942
"Wave_2283",0.0012458382481573
"Wave_2284",-0.000662301799195759
"Wave_2285",-0.00235475304117964
"Wave_2286",-0.00431186663201456
"Wave_2287",-0.00596474458267643
"Wave_2288",-0.00551533480245948
"Wave_2289",-0.00365506027205301
"Wave_2290",-0.0024304297496701
"Wave_2291",-0.00163237883136771
"Wave_2292",-0.000413096543368799
"Wave_2293",-0.000605987185932211
"Wave_2294",-0.00204033151319305
"Wave_2295",-0.0015211861239305
"Wave_2296",-0.00228333030758269
"Wave_2297",-0.00331152365383425
"Wave_2298",-0.00466158373312953
"Wave_2299",-0.00526433393600581
"Wave_2300",-0.00598866184193038
"Wave_2301",-0.0059392449793133
"Wave_2302",-0.00676055498020031
"Wave_2303",-0.00698944630492136
"Wave_2304",-0.00755382794331221
"Wave_2305",-0.0078338318045635
"Wave_2306",-0.00916752028068553
"Wave_2307",-0.00855030222895244
"Wave_2308",-0.00825905114896154
"Wave_2309",-0.00824878667303825
"Wave_2310",-0.00827394193176008
"Wave_2311",-0.00725604290356191
"Wave_2312",-0.00878530508509985
"Wave_2313",-0.00804108424459212
"Wave_2314",-0.00461457147048663
"Wave_2315",-0.00111100517172411
"Wave_2316",-1.45878053362217e-05
"Wave_2317",0.00193695855744633
"Wave_2318",0.00129700250660951
"Wave_2319",0.00173429021062568
"Wave_2320",0.00209652525159405
"Wave_2321",0.000969543051433741
"Wave_2322",-0.000479469299003007
"Wave_2323",-0.000660556172477352
"Wave_2324",-0.00161013591461042
"Wave_2325",-0.0025662379733162
"Wave_2326",-0.00250158334714732
"Wave_2327",-0.0029878711548467
"Wave_2328",-0.00316979371637361
"Wave_2329",-0.00209955732917144
"Wave_2330",-0.00121048691339206
"Wave_2331",-0.000373682781176942
"Wave_2332",0.000109550423670179
"Wave_2333",0.000680861474479929
"Wave_2334",-0.000417403706831539
"Wave_2335",-0.00206239357588098
"Wave_2336",-0.00515664046207423
"Wave_2337",-0.00535057493212813
"Wave_2338",-0.00612647383205765
"Wave_2339",-0.0065048241874205
"Wave_2340",-0.00688116581611961
"Wave_2341",-0.0049209481411072
"Wave_2342",-0.00377572854555441
"Wave_2343",-0.00277488498016194
"Wave_2344",-0.00450022526070201
"Wave_2345",-0.00613999147906483
"Wave_2346",-0.00882739994441871
"Wave_2347",-0.0103139723939055
"Wave_2348",-0.0103254338716013
"Wave_2349",-0.00783502510812912
"Wave_2350",-0.00690178848833093
"Wave_2351",-0.00642813625670942
"Wave_2352",-0.00593985209118219
"Wave_2353",-0.00533174982435608
"Wave_2354",-0.00676412120374997
"Wave_2355",-0.00558403040881016
"Wave_2356",-0.0041673458997283
"Wave_2357",-0.00225552613810217
"Wave_2358",0.000526169416853415
"Wave_2359",0.00319405172773653
"Wave_2360",0.0038961273077284
"Wave_2361",0.00584954384889048
"Wave_2362",0.00635528812072183
"Wave_2363",0.00430413157263416
"Wave_2364",0.00141590954819462
"Wave_2365",0.000210772947036502
"Wave_2366",-0.000179509167844046
"Wave_2367",0.000995662049764614
"Wave_2368",0.00284231093566961
"Wave_2369",0.004667317803535
"Wave_2370",0.00643220318254754
"Wave_2371",0.00791497839479198
"Wave_2372",0.00842754601900594
"Wave_2373",0.00889738063725568
"Wave_2374",0.00965901509881405
"Wave_2375",0.00654628696647469
"Wave_2376",0.00299510672314883
"Wave_2377",0.0013995783381483
"Wave_2378",0.000156997632654917
"Wave_2379",-0.000586343287534587
"Wave_2380",-0.000569859391137112
"Wave_2381",0.000529136977579773
"Wave_2382",0.00104208435163908
"Wave_2383",0.002350174117194
"Wave_2384",0.00406362344458904
"Wave_2385",0.00590208255270725
"Wave_2386",0.0065366700321037
"Wave_2387",0.00369811740945734
"Wave_2388",0.00135256459350087
"Wave_2389",0.000141219454193672
"Wave_2390",-0.00109385604748
"Wave_2391",-0.000336349862873812
"Wave_2392",0.00037437752209481
"Wave_2393",0.00318564342029773
"Wave_2394",0.00641325862511854
"Wave_2395",0.00741646692011696
"Wave_2396",0.0060667509908135
"Wave_2397",0.0043610561031073
"Wave_2398",0.00324665301536104
"Wave_2399",-0.000573812592259739
"Wave_2400",-0.00313342899685338
