"","Vcmax25_Rog.6.comps"
"(Intercept)",93.8010556810741
"Wave_500",0.0163728025339215
"Wave_501",0.0160942687186565
"Wave_502",0.0165320579353905
"Wave_503",0.0181429851005265
"Wave_504",0.017750005651421
"Wave_505",0.0165993427034537
"Wave_506",0.0163300720770004
"Wave_507",0.0155851251959807
"Wave_508",0.013938472736205
"Wave_509",0.0140605134287977
"Wave_510",0.0145407124872438
"Wave_511",0.0131986575018172
"Wave_512",0.0118985891664542
"Wave_513",0.0112573244356252
"Wave_514",0.00837532700981881
"Wave_515",0.00623625617216679
"Wave_516",0.00451560424237569
"Wave_517",0.00354936117350941
"Wave_518",0.000251181619313635
"Wave_519",-0.00310527520203962
"Wave_520",-0.00749678673094193
"Wave_521",-0.0121807011950144
"Wave_522",-0.0160438957012029
"Wave_523",-0.0202068840132112
"Wave_524",-0.0253500930000494
"Wave_525",-0.0297455208829429
"Wave_526",-0.0354052662344779
"Wave_527",-0.0406935535705861
"Wave_528",-0.0432885688732759
"Wave_529",-0.0466196915346098
"Wave_530",-0.0487476025193114
"Wave_531",-0.0502170873848501
"Wave_532",-0.0534243941087231
"Wave_533",-0.0561664970022919
"Wave_534",-0.0592386517966309
"Wave_535",-0.0607310027301883
"Wave_536",-0.0610151965966881
"Wave_537",-0.0610762838035957
"Wave_538",-0.0619866647772178
"Wave_539",-0.0617041891887502
"Wave_540",-0.0612965738419763
"Wave_541",-0.0626218913075166
"Wave_542",-0.0604608809801468
"Wave_543",-0.0595092847827735
"Wave_544",-0.0593607928766329
"Wave_545",-0.058600534386316
"Wave_546",-0.0571990942444408
"Wave_547",-0.0558158673114406
"Wave_548",-0.054047967108415
"Wave_549",-0.0531608134781839
"Wave_550",-0.0517471956092725
"Wave_551",-0.0516877339870123
"Wave_552",-0.0520120324402503
"Wave_553",-0.0493511567410198
"Wave_554",-0.0469941548470551
"Wave_555",-0.0453922577147876
"Wave_556",-0.0435172737617845
"Wave_557",-0.0435746180496378
"Wave_558",-0.0458123221536589
"Wave_559",-0.0448858409752621
"Wave_560",-0.0425313128463498
"Wave_561",-0.0408215084389995
"Wave_562",-0.0391269863656607
"Wave_563",-0.0366638992820525
"Wave_564",-0.0350797903193041
"Wave_565",-0.0327733659208652
"Wave_566",-0.0296657737105288
"Wave_567",-0.025310971878914
"Wave_568",-0.0213501006388448
"Wave_569",-0.0175701198550115
"Wave_570",-0.0156567218641824
"Wave_571",-0.0143529732199875
"Wave_572",-0.0135498665458231
"Wave_573",-0.0130720855229988
"Wave_574",-0.0111377213762193
"Wave_575",-0.00997922221034393
"Wave_576",-0.00919440137765372
"Wave_577",-0.0104207696385664
"Wave_578",-0.0103917583924841
"Wave_579",-0.00965360500922376
"Wave_580",-0.00806513306972716
"Wave_581",-0.00565005353664414
"Wave_582",-0.004422093306998
"Wave_583",-0.00342104694448616
"Wave_584",-0.00287207023478465
"Wave_585",-0.0019982824131849
"Wave_586",-0.0003994589849788
"Wave_587",0.00142951462120663
"Wave_588",0.00238931246046553
"Wave_589",0.00437838039836082
"Wave_590",0.00639825217214528
"Wave_591",0.00804021271824402
"Wave_592",0.0094707913230965
"Wave_593",0.0109143359933392
"Wave_594",0.0129020822639425
"Wave_595",0.0157930314567126
"Wave_596",0.0177387956301294
"Wave_597",0.0199703414164596
"Wave_598",0.0221935522873138
"Wave_599",0.0233892591595939
"Wave_600",0.024687426091457
"Wave_601",0.0262284130110701
"Wave_602",0.0283476019981344
"Wave_603",0.0304424697989649
"Wave_604",0.0317495008983913
"Wave_605",0.0324273395851623
"Wave_606",0.0325846448199831
"Wave_607",0.032063437706162
"Wave_608",0.0319145084019478
"Wave_609",0.0315815350644258
"Wave_610",0.0305021731617764
"Wave_611",0.0302223733751884
"Wave_612",0.0303155575033811
"Wave_613",0.0307510360977478
"Wave_614",0.0306982489417802
"Wave_615",0.0289582849987024
"Wave_616",0.0278456994862758
"Wave_617",0.0279686378073812
"Wave_618",0.0266108792773089
"Wave_619",0.0259986647899261
"Wave_620",0.0254176804794411
"Wave_621",0.024099749732338
"Wave_622",0.0229824289493517
"Wave_623",0.0228191936869128
"Wave_624",0.0229400053004931
"Wave_625",0.0232481765338107
"Wave_626",0.0239345570585423
"Wave_627",0.0241217867929111
"Wave_628",0.0236257859628717
"Wave_629",0.0239568923943569
"Wave_630",0.0236883581676656
"Wave_631",0.0235831976879423
"Wave_632",0.0242373690152502
"Wave_633",0.0262612558949889
"Wave_634",0.0279029761762962
"Wave_635",0.0291419099859038
"Wave_636",0.030952128478661
"Wave_637",0.0340051762186136
"Wave_638",0.0375085818134722
"Wave_639",0.0413200563381911
"Wave_640",0.0446791684127952
"Wave_641",0.0469427468009413
"Wave_642",0.0495290168455287
"Wave_643",0.0524148519156633
"Wave_644",0.0546215766497733
"Wave_645",0.0558516816607592
"Wave_646",0.0570815572711931
"Wave_647",0.0586370267050461
"Wave_648",0.0588098674944802
"Wave_649",0.0582706490233307
"Wave_650",0.0570522089056865
"Wave_651",0.0548194471660755
"Wave_652",0.0522598335235258
"Wave_653",0.0505498552489679
"Wave_654",0.0493258240376047
"Wave_655",0.0486443162029521
"Wave_656",0.0465431524170404
"Wave_657",0.0439569842232944
"Wave_658",0.0415356646242326
"Wave_659",0.0401552359503183
"Wave_660",0.0387319976744736
"Wave_661",0.0374382361711689
"Wave_662",0.0358721804953425
"Wave_663",0.0353100725892142
"Wave_664",0.0356591808219853
"Wave_665",0.0359186413785547
"Wave_666",0.0357167352186185
"Wave_667",0.0347683475641385
"Wave_668",0.0349124462340184
"Wave_669",0.0355494006228827
"Wave_670",0.0369364745356358
"Wave_671",0.0380547520332803
"Wave_672",0.0395672969590475
"Wave_673",0.040901271933944
"Wave_674",0.0416380005429368
"Wave_675",0.0425113952528906
"Wave_676",0.0437646150379969
"Wave_677",0.0446697955169218
"Wave_678",0.0447554456810077
"Wave_679",0.0466484983431403
"Wave_680",0.0479559619163968
"Wave_681",0.0482426859031998
"Wave_682",0.0482626410735438
"Wave_683",0.0468564648214916
"Wave_684",0.0445478787720175
"Wave_685",0.0415591340423882
"Wave_686",0.0396130501170767
"Wave_687",0.0363710253470327
"Wave_688",0.0324469508883881
"Wave_689",0.027630578137312
"Wave_690",0.0224446360551702
"Wave_691",0.0135849513847981
"Wave_692",0.00711668785433923
"Wave_693",0.00275125279678904
"Wave_694",-0.0087113184863644
"Wave_695",-0.0116869923754406
"Wave_696",-0.0145601463201004
"Wave_697",-0.0220033374131351
"Wave_698",-0.0324661506559589
"Wave_699",-0.035244532277136
"Wave_700",-0.0386634427157714
"Wave_701",-0.0437954579114337
"Wave_702",-0.0437923551061159
"Wave_703",-0.0452163416344201
"Wave_704",-0.0504204915282735
"Wave_705",-0.0541012883867183
"Wave_706",-0.0509447057552603
"Wave_707",-0.0534275418455674
"Wave_708",-0.0599264585983374
"Wave_709",-0.0644373604163646
"Wave_710",-0.0632042896168771
"Wave_711",-0.0583453568841892
"Wave_712",-0.0606570327582338
"Wave_713",-0.0657052054233699
"Wave_714",-0.0663319443767269
"Wave_715",-0.0635373137027734
"Wave_716",-0.0624956581748258
"Wave_717",-0.0599482102804405
"Wave_718",-0.0565016251235645
"Wave_719",-0.0547961278058178
"Wave_720",-0.051660602182794
"Wave_721",-0.0516426943066285
"Wave_722",-0.052288999909696
"Wave_723",-0.04835213050811
"Wave_724",-0.0419839244570105
"Wave_725",-0.0357577771618363
"Wave_726",-0.0296314865772823
"Wave_727",-0.0240585136092791
"Wave_728",-0.0197760760788168
"Wave_729",-0.0158733967266765
"Wave_730",-0.0124876656224795
"Wave_731",-0.00803100668011709
"Wave_732",-0.00165685190713771
"Wave_733",0.0017257612007656
"Wave_734",0.00450463294998557
"Wave_735",0.00647060280868561
"Wave_736",0.0113621202385652
"Wave_737",0.0113275236007129
"Wave_738",0.00976301447062227
"Wave_739",0.011875769757045
"Wave_740",0.0141616147160635
"Wave_741",0.0112580140473599
"Wave_742",0.0119470978586028
"Wave_743",0.016271077319476
"Wave_744",0.018569964128558
"Wave_745",0.0230703734229639
"Wave_746",0.0277991870443251
"Wave_747",0.0298570767760165
"Wave_748",0.0296975003280553
"Wave_749",0.032760648519394
"Wave_750",0.0346108639332635
"Wave_751",0.0392580233299666
"Wave_752",0.0433031814465183
"Wave_753",0.0443841966142169
"Wave_754",0.0462726661103561
"Wave_755",0.0487559593617856
"Wave_756",0.0501427054969645
"Wave_757",0.0509568239714926
"Wave_758",0.0517091661625889
"Wave_759",0.0529550020073138
"Wave_760",0.0542684765185408
"Wave_761",0.0540912566359201
"Wave_762",0.0541851581072731
"Wave_763",0.0547325894326792
"Wave_764",0.0554799698064169
"Wave_765",0.0552542605017044
"Wave_766",0.055070012209025
"Wave_767",0.0558829951578678
"Wave_768",0.0566326012294489
"Wave_769",0.0555646266575326
"Wave_770",0.0532185360100139
"Wave_771",0.0511418988898055
"Wave_772",0.0521293543355134
"Wave_773",0.0523310946888042
"Wave_774",0.0518169786509026
"Wave_775",0.0536256416336651
"Wave_776",0.0521730118091394
"Wave_777",0.0508931476042813
"Wave_778",0.0497947499122387
"Wave_779",0.0487475035877667
"Wave_780",0.0483866777718765
"Wave_781",0.0499476021563749
"Wave_782",0.050089623239975
"Wave_783",0.0493760378300016
"Wave_784",0.0485658924556518
"Wave_785",0.0469741563138087
"Wave_786",0.0488121062121458
"Wave_787",0.0497914544102539
"Wave_788",0.0490492061519331
"Wave_789",0.0486249514337914
"Wave_790",0.046379979746094
"Wave_791",0.0457569688119131
"Wave_792",0.0454387688251766
"Wave_793",0.0447084683107612
"Wave_794",0.0420081676759465
"Wave_795",0.0451381563384405
"Wave_796",0.0466854787050342
"Wave_797",0.0472309612884669
"Wave_798",0.046933544988665
"Wave_799",0.0455137098477062
"Wave_800",0.0451674512734474
"Wave_801",0.0447115586157945
"Wave_802",0.0438868575714379
"Wave_803",0.0442493716997539
"Wave_804",0.0468907580483078
"Wave_805",0.0472297776795788
"Wave_806",0.0459137270691685
"Wave_807",0.0452382286987347
"Wave_808",0.0449310058730717
"Wave_809",0.0449867582616162
"Wave_810",0.0455974686049448
"Wave_811",0.0453558237980897
"Wave_812",0.0426674819847073
"Wave_813",0.0440941299823491
"Wave_814",0.0439321645299839
"Wave_815",0.0417761033636366
"Wave_816",0.0434724984243835
"Wave_817",0.0443455135060993
"Wave_818",0.0454894017154844
"Wave_819",0.0461578956895822
"Wave_820",0.0443781351184084
"Wave_821",0.0419399181811705
"Wave_822",0.0390618399194647
"Wave_823",0.0398890643548448
"Wave_824",0.0420923291368267
"Wave_825",0.0420869757734628
"Wave_826",0.042171928131422
"Wave_827",0.0413715609259514
"Wave_828",0.0416202351704344
"Wave_829",0.0404407738889629
"Wave_830",0.0406930141415236
"Wave_831",0.0398879922455083
"Wave_832",0.0374819463308868
"Wave_833",0.0383329758567522
"Wave_834",0.0388681683609721
"Wave_835",0.0379458383997444
"Wave_836",0.0359917975101874
"Wave_837",0.0371028431764777
"Wave_838",0.040574232483054
"Wave_839",0.0390191895454827
"Wave_840",0.0374677790104202
"Wave_841",0.0339617752688054
"Wave_842",0.0317126128299388
"Wave_843",0.0337880759745881
"Wave_844",0.0325199823507626
"Wave_845",0.033821746866178
"Wave_846",0.0334398711924423
"Wave_847",0.032728916311295
"Wave_848",0.0280794214929195
"Wave_849",0.0313222232481746
"Wave_850",0.030385705994368
"Wave_851",0.0306821894116048
"Wave_852",0.030230799728117
"Wave_853",0.0307901487756817
"Wave_854",0.0318401535615382
"Wave_855",0.0285270068021066
"Wave_856",0.0290913891478721
"Wave_857",0.0289703700123815
"Wave_858",0.0287975834690241
"Wave_859",0.0307088204936372
"Wave_860",0.0261845173768701
"Wave_861",0.0271103237936923
"Wave_862",0.0248964017640031
"Wave_863",0.0238601755577592
"Wave_864",0.0243062436704787
"Wave_865",0.0273467518781252
"Wave_866",0.0248491067556937
"Wave_867",0.0237484332402334
"Wave_868",0.0231056442811926
"Wave_869",0.0240017556144843
"Wave_870",0.0252094545507927
"Wave_871",0.0241731270491111
"Wave_872",0.0221480103218255
"Wave_873",0.019146504652978
"Wave_874",0.0194219567952534
"Wave_875",0.0201731895273198
"Wave_876",0.0180969933516368
"Wave_877",0.0192803476199733
"Wave_878",0.0170643151501295
"Wave_879",0.0167818414102812
"Wave_880",0.0140486116336675
"Wave_881",0.0130754780143942
"Wave_882",0.0169890367107752
"Wave_883",0.0165444897758819
"Wave_884",0.0133892300739377
"Wave_885",0.0121095298363236
"Wave_886",0.013090727089459
"Wave_887",0.0125667586546479
"Wave_888",0.010549676638944
"Wave_889",0.0100249405865637
"Wave_890",0.0117566070158811
"Wave_891",0.0124858997022989
"Wave_892",0.0117380816993408
"Wave_893",0.00929636751059064
"Wave_894",0.0177505848976721
"Wave_895",0.0154863242458785
"Wave_896",0.0101279121601587
"Wave_897",0.00808341682350406
"Wave_898",0.00866734265394766
"Wave_899",0.00931481470330238
"Wave_900",0.00455659132558327
"Wave_901",0.0022264556477778
"Wave_902",0.00506892888504676
"Wave_903",0.00294256337761987
"Wave_904",0.00489379211065642
"Wave_905",0.006385232821267
"Wave_906",0.00145921946908917
"Wave_907",-0.00116763388436727
"Wave_908",4.14965287329468e-05
"Wave_909",0.00575543711079927
"Wave_910",0.00686715562449677
"Wave_911",0.00199629530836769
"Wave_912",-0.000497046379767434
"Wave_913",0.000687785228580538
"Wave_914",-0.00424426301485883
"Wave_915",-0.00377967549113755
"Wave_916",-0.00121815505615001
"Wave_917",0.000633726589781315
"Wave_918",0.0016948228974628
"Wave_919",0.000215943103879107
"Wave_920",-0.00102738761249769
"Wave_921",-0.00336717499198317
"Wave_922",-0.00948636166884185
"Wave_923",-0.0107011318606955
"Wave_924",-0.0116576101660327
"Wave_925",-0.0116364752200394
"Wave_926",-0.010178472128307
"Wave_927",-0.0110803921381184
"Wave_928",-0.00797667551346589
"Wave_929",-0.00656068125663704
"Wave_930",-0.0124021027290149
"Wave_931",-0.0185864590155689
"Wave_932",-0.0173535952370808
"Wave_933",-0.0166524041249534
"Wave_934",-0.0203247823681855
"Wave_935",-0.0197131505842262
"Wave_936",-0.0205283497602456
"Wave_937",-0.0275394827516116
"Wave_938",-0.0270219875906178
"Wave_939",-0.0257948041016819
"Wave_940",-0.030384974192045
"Wave_941",-0.0301584195110627
"Wave_942",-0.0325401000827883
"Wave_943",-0.0317490974447145
"Wave_944",-0.0305205846050095
"Wave_945",-0.0340668374451841
"Wave_946",-0.0379611206853212
"Wave_947",-0.0358459299617163
"Wave_948",-0.0316621314678538
"Wave_949",-0.0279830550250879
"Wave_950",-0.0264754039558265
"Wave_951",-0.0296912966090883
"Wave_952",-0.0391841341167976
"Wave_953",-0.047990792704341
"Wave_954",-0.0500745443306309
"Wave_955",-0.0464633072472102
"Wave_956",-0.0541313899213825
"Wave_957",-0.0496794665503023
"Wave_958",-0.0507924437769192
"Wave_959",-0.0514176434725571
"Wave_960",-0.0494921758809277
"Wave_961",-0.0492328116850087
"Wave_962",-0.0569329366753731
"Wave_963",-0.0572785454876701
"Wave_964",-0.0517347925400688
"Wave_965",-0.0555532060016834
"Wave_966",-0.0610186461919904
"Wave_967",-0.0646311539324867
"Wave_968",-0.0653876490357426
"Wave_969",-0.0595467888875773
"Wave_970",-0.065242278036902
"Wave_971",-0.0636298628177741
"Wave_972",-0.0642093995881124
"Wave_973",-0.0636871894866954
"Wave_974",-0.0598766044418406
"Wave_975",-0.0605201387302878
"Wave_976",-0.061187123791417
"Wave_977",-0.0572981027190397
"Wave_978",-0.0573643641732254
"Wave_979",-0.0564098372683358
"Wave_980",-0.0545067521122495
"Wave_981",-0.0515157938255789
"Wave_982",-0.0486507651677426
"Wave_983",-0.0444191889117919
"Wave_984",-0.0399666167735978
"Wave_985",-0.0358264442890795
"Wave_986",-0.0308953561595691
"Wave_987",-0.0280979404106193
"Wave_988",-0.0295435261496356
"Wave_989",-0.030430405826984
"Wave_990",-0.0303932867545761
"Wave_991",-0.0268706727972597
"Wave_992",-0.0205833096226035
"Wave_993",-0.0147590536666807
"Wave_994",-0.00872959633491621
"Wave_995",-0.00469068607501861
"Wave_996",-0.00313438942106558
"Wave_997",-0.00141501068918712
"Wave_998",0.000633389256619773
"Wave_999",0.0018725807898081
"Wave_1000",0.00291694204092911
"Wave_1001",0.00418402889522755
"Wave_1002",0.00557016329496735
"Wave_1003",0.00831386811961181
"Wave_1004",0.0114918130584904
"Wave_1005",0.0144346932878866
"Wave_1006",0.016393941092706
"Wave_1007",0.0171857864166334
"Wave_1008",0.0173385618467904
"Wave_1009",0.017274138871578
"Wave_1010",0.0174960669710921
"Wave_1011",0.0184425314454423
"Wave_1012",0.0198522678666802
"Wave_1013",0.0209898801067499
"Wave_1014",0.0222649050581516
"Wave_1015",0.0222131124322204
"Wave_1016",0.0223051672682036
"Wave_1017",0.0214872925864854
"Wave_1018",0.0197025859691335
"Wave_1019",0.0190445366785235
"Wave_1020",0.0189496782626706
"Wave_1021",0.0183389993675884
"Wave_1022",0.0184983427895968
"Wave_1023",0.0179003629399608
"Wave_1024",0.0172863760135928
"Wave_1025",0.0157808322492911
"Wave_1026",0.0148921606838193
"Wave_1027",0.0145667852203462
"Wave_1028",0.0141779111900043
"Wave_1029",0.013278884372367
"Wave_1030",0.0129232263864132
"Wave_1031",0.012899541818768
"Wave_1032",0.0126067552201362
"Wave_1033",0.0121656669480971
"Wave_1034",0.0118687560243717
"Wave_1035",0.0121748203371473
"Wave_1036",0.0119323874831449
"Wave_1037",0.0124206611139285
"Wave_1038",0.0128077287677422
"Wave_1039",0.0128726923105355
"Wave_1040",0.0129830305171059
"Wave_1041",0.0126818634724114
"Wave_1042",0.0127765863133477
"Wave_1043",0.0131174143447289
"Wave_1044",0.0131692384226968
"Wave_1045",0.0128841632428249
"Wave_1046",0.0126575139941652
"Wave_1047",0.0124314437334692
"Wave_1048",0.0120584647961105
"Wave_1049",0.0121149117228917
"Wave_1050",0.0116116778090067
"Wave_1051",0.0112998303833478
"Wave_1052",0.0115913744923141
"Wave_1053",0.0111994443743771
"Wave_1054",0.011037975860768
"Wave_1055",0.0108230978740332
"Wave_1056",0.0107179899380926
"Wave_1057",0.0110918520023512
"Wave_1058",0.0114547484664084
"Wave_1059",0.0112784172728971
"Wave_1060",0.010961973021207
"Wave_1061",0.0107898315822328
"Wave_1062",0.0104612193381404
"Wave_1063",0.010315919616783
"Wave_1064",0.0102060428765604
"Wave_1065",0.00988000130309266
"Wave_1066",0.00978069206975927
"Wave_1067",0.0101434692799952
"Wave_1068",0.0100593954677982
"Wave_1069",0.0104494442981974
"Wave_1070",0.0108391976719865
"Wave_1071",0.0103116787206379
"Wave_1072",0.0106150362960937
"Wave_1073",0.0102862514963732
"Wave_1074",0.0100645184399285
"Wave_1075",0.00911554104619451
"Wave_1076",0.00848345753063316
"Wave_1077",0.00823973694184201
"Wave_1078",0.00770458787898586
"Wave_1079",0.00860031079292478
"Wave_1080",0.00820109717077616
"Wave_1081",0.00735006969781264
"Wave_1082",0.00646515710222977
"Wave_1083",0.00610098503529842
"Wave_1084",0.00607279342391442
"Wave_1085",0.00593451047980722
"Wave_1086",0.00564946132356755
"Wave_1087",0.00506136414773722
"Wave_1088",0.00485706578764812
"Wave_1089",0.00529219514253679
"Wave_1090",0.00584249834459319
"Wave_1091",0.00721585403154731
"Wave_1092",0.00659951053383726
"Wave_1093",0.00674101581813605
"Wave_1094",0.00544968670131521
"Wave_1095",0.00541111766506528
"Wave_1096",0.00530377138666066
"Wave_1097",0.00532141421338192
"Wave_1098",0.00454149996844002
"Wave_1099",0.00453916782160673
"Wave_1100",0.00393308484631316
"Wave_1101",0.00323788774141223
"Wave_1102",0.00311223605879946
"Wave_1103",0.00365367015484608
"Wave_1104",0.00297766557628739
"Wave_1105",0.00364208535589367
"Wave_1106",0.00357354853811034
"Wave_1107",0.00355912779568419
"Wave_1108",0.00312096262512276
"Wave_1109",0.0030696171977882
"Wave_1110",0.00174488209221618
"Wave_1111",0.0017291805286178
"Wave_1112",0.00166769073631213
"Wave_1113",0.00139540172192266
"Wave_1114",0.00161021876979148
"Wave_1115",0.0026877921943905
"Wave_1116",0.00241058855469451
"Wave_1117",0.0040693904303147
"Wave_1118",0.00452331815833771
"Wave_1119",0.00465924218268173
"Wave_1120",0.0042911156783257
"Wave_1121",0.00371704193455853
"Wave_1122",0.00309138664455085
"Wave_1123",0.00302621841032891
"Wave_1124",0.00191480572577556
"Wave_1125",0.000315367673128362
"Wave_1126",-8.37344890027049e-05
"Wave_1127",0.000316379689934762
"Wave_1128",-0.00212352191040006
"Wave_1129",-0.00278137757242398
"Wave_1130",-0.00400907982406522
"Wave_1131",-0.00552397208785669
"Wave_1132",-0.0080095312135372
"Wave_1133",-0.00900081887540397
"Wave_1134",-0.0098558446170568
"Wave_1135",-0.0115363159772413
"Wave_1136",-0.0138430792669655
"Wave_1137",-0.0154320636163529
"Wave_1138",-0.0173913049878107
"Wave_1139",-0.0199174548539791
"Wave_1140",-0.0232741528939975
"Wave_1141",-0.0257738261436517
"Wave_1142",-0.0284072240832534
"Wave_1143",-0.029451000080824
"Wave_1144",-0.0308817279061483
"Wave_1145",-0.0339202736363061
"Wave_1146",-0.0373653605071633
"Wave_1147",-0.0387409175103644
"Wave_1148",-0.0408724899240403
"Wave_1149",-0.043195467545181
"Wave_1150",-0.0452865848076834
"Wave_1151",-0.0460482235408831
"Wave_1152",-0.0478438363559697
"Wave_1153",-0.0486921102969328
"Wave_1154",-0.0487262302622203
"Wave_1155",-0.0459408990850258
"Wave_1156",-0.0457825808369735
"Wave_1157",-0.0461426850512945
"Wave_1158",-0.0465723734423196
"Wave_1159",-0.0459274498197554
"Wave_1160",-0.0453716455739164
"Wave_1161",-0.0448169405861352
"Wave_1162",-0.0432817204231732
"Wave_1163",-0.0422640244360328
"Wave_1164",-0.0418615648486333
"Wave_1165",-0.0410688877459451
"Wave_1166",-0.0399907625921717
"Wave_1167",-0.0392683518803237
"Wave_1168",-0.0384361326204769
"Wave_1169",-0.0379522881691901
"Wave_1170",-0.0374025355617916
"Wave_1171",-0.0366274680986089
"Wave_1172",-0.0357622521402205
"Wave_1173",-0.0352199712049523
"Wave_1174",-0.0341247830128563
"Wave_1175",-0.0331854732566373
"Wave_1176",-0.0306495054861033
"Wave_1177",-0.0304150007315948
"Wave_1178",-0.0302573583387869
"Wave_1179",-0.0294783407990407
"Wave_1180",-0.0288703457995838
"Wave_1181",-0.0282490459427454
"Wave_1182",-0.0276010891042513
"Wave_1183",-0.0270144536212376
"Wave_1184",-0.0264303813128483
"Wave_1185",-0.0253601197583839
"Wave_1186",-0.0244302144334943
"Wave_1187",-0.0240048286466544
"Wave_1188",-0.0237219602781767
"Wave_1189",-0.0241959802160427
"Wave_1190",-0.0239804415758332
"Wave_1191",-0.0238300302034613
"Wave_1192",-0.0226384854449052
"Wave_1193",-0.0200147603970686
"Wave_1194",-0.0197372006818777
"Wave_1195",-0.0197370563784942
"Wave_1196",-0.0201876669561117
"Wave_1197",-0.0205610096289475
"Wave_1198",-0.0201646762039124
"Wave_1199",-0.019762541239199
"Wave_1200",-0.0191883458877316
"Wave_1201",-0.0187604478207318
"Wave_1202",-0.0183325447321912
"Wave_1203",-0.0178700800376543
"Wave_1204",-0.0171854550388247
"Wave_1205",-0.0165846072048323
"Wave_1206",-0.0161149944995897
"Wave_1207",-0.0155184471138793
"Wave_1208",-0.0149909845695221
"Wave_1209",-0.0151235692975157
"Wave_1210",-0.0153460253408127
"Wave_1211",-0.015794456779798
"Wave_1212",-0.0158673401052922
"Wave_1213",-0.0157404909710875
"Wave_1214",-0.0154126031445682
"Wave_1215",-0.0154371492288206
"Wave_1216",-0.015591088643864
"Wave_1217",-0.015456788527594
"Wave_1218",-0.0151099978051995
"Wave_1219",-0.014279143136717
"Wave_1220",-0.0138436215095869
"Wave_1221",-0.0136793395056877
"Wave_1222",-0.0135662530289676
"Wave_1223",-0.0137765405083769
"Wave_1224",-0.0136340690825529
"Wave_1225",-0.0136071966381153
"Wave_1226",-0.0139025539720568
"Wave_1227",-0.0140272885216239
"Wave_1228",-0.0141171661521672
"Wave_1229",-0.0139874607580876
"Wave_1230",-0.0139159886486634
"Wave_1231",-0.0143433543492934
"Wave_1232",-0.0146756893623592
"Wave_1233",-0.0148098130055756
"Wave_1234",-0.0152025352607136
"Wave_1235",-0.0153979424741608
"Wave_1236",-0.0151441081625982
"Wave_1237",-0.0148614656021082
"Wave_1238",-0.0143246356632557
"Wave_1239",-0.0138788052974828
"Wave_1240",-0.0136220504704678
"Wave_1241",-0.0131455956722694
"Wave_1242",-0.0133597565752816
"Wave_1243",-0.0136545845157932
"Wave_1244",-0.0137468139290804
"Wave_1245",-0.0138119278626439
"Wave_1246",-0.0137266944278177
"Wave_1247",-0.0136569875662909
"Wave_1248",-0.0135874124446522
"Wave_1249",-0.0137436011550096
"Wave_1250",-0.0142782116660839
"Wave_1251",-0.0141635974214672
"Wave_1252",-0.0140533526527224
"Wave_1253",-0.0139453314170669
"Wave_1254",-0.013963810535194
"Wave_1255",-0.0138890538252969
"Wave_1256",-0.013777686815918
"Wave_1257",-0.0139647244205108
"Wave_1258",-0.013986500267121
"Wave_1259",-0.0139903112380229
"Wave_1260",-0.0140848395661967
"Wave_1261",-0.0141593762051676
"Wave_1262",-0.0144733308305402
"Wave_1263",-0.0149844913429386
"Wave_1264",-0.0152620211629059
"Wave_1265",-0.0157105610214351
"Wave_1266",-0.0159599264625438
"Wave_1267",-0.0162273734966519
"Wave_1268",-0.0160632167417899
"Wave_1269",-0.016478865809821
"Wave_1270",-0.0167673563377655
"Wave_1271",-0.0166361492821294
"Wave_1272",-0.0170763444537162
"Wave_1273",-0.0173628153697495
"Wave_1274",-0.0171879299384663
"Wave_1275",-0.0171580025097201
"Wave_1276",-0.0148419325678417
"Wave_1277",-0.0146386032755486
"Wave_1278",-0.0146172818222246
"Wave_1279",-0.0148584724685371
"Wave_1280",-0.0152274116135376
"Wave_1281",-0.0155358707905185
"Wave_1282",-0.0156520815884565
"Wave_1283",-0.0153509984753846
"Wave_1284",-0.0157484384373755
"Wave_1285",-0.0155418357497892
"Wave_1286",-0.0160335099394172
"Wave_1287",-0.0172054049222832
"Wave_1288",-0.0184216479563438
"Wave_1289",-0.0197811223476618
"Wave_1290",-0.0205161460915211
"Wave_1291",-0.0207579942653978
"Wave_1292",-0.0206137930355931
"Wave_1293",-0.0206441379127468
"Wave_1294",-0.0214936132572248
"Wave_1295",-0.0225994430551657
"Wave_1296",-0.0222838272542768
"Wave_1297",-0.0223533657640518
"Wave_1298",-0.0231858616329792
"Wave_1299",-0.0236355922573641
"Wave_1300",-0.0247679091310879
"Wave_1301",-0.0259894782272044
"Wave_1302",-0.0278257082417536
"Wave_1303",-0.0281407183031611
"Wave_1304",-0.0285640014900451
"Wave_1305",-0.0291667289317986
"Wave_1306",-0.0294113626688889
"Wave_1307",-0.0303847812003762
"Wave_1308",-0.0305976949579445
"Wave_1309",-0.0328753522030792
"Wave_1310",-0.0336308153924067
"Wave_1311",-0.0338868008989491
"Wave_1312",-0.0339519651117387
"Wave_1313",-0.0341016407129293
"Wave_1314",-0.034496352727537
"Wave_1315",-0.0351264610858872
"Wave_1316",-0.0360746149571105
"Wave_1317",-0.0383050674471522
"Wave_1318",-0.0388956751544958
"Wave_1319",-0.0404459670649057
"Wave_1320",-0.0417387853223915
"Wave_1321",-0.0426902847918224
"Wave_1322",-0.0441474780209082
"Wave_1323",-0.0446660681479446
"Wave_1324",-0.0462802891329211
"Wave_1325",-0.047453902480747
"Wave_1326",-0.04700151456497
"Wave_1327",-0.047704286983098
"Wave_1328",-0.0490530596959674
"Wave_1329",-0.0504757416972103
"Wave_1330",-0.0512449536212703
"Wave_1331",-0.0524285990756245
"Wave_1332",-0.0534875631445495
"Wave_1333",-0.0544197002990192
"Wave_1334",-0.0553585684343528
"Wave_1335",-0.0562464353421454
"Wave_1336",-0.0579883099250725
"Wave_1337",-0.0600434135756633
"Wave_1338",-0.0626080675302979
"Wave_1339",-0.0644067607617158
"Wave_1340",-0.065425381209036
"Wave_1341",-0.0671096534061055
"Wave_1342",-0.0684916138329525
"Wave_1343",-0.0697280949666188
"Wave_1344",-0.0706057152055484
"Wave_1345",-0.0716338981404251
"Wave_1346",-0.0730382423816668
"Wave_1347",-0.0735472243281073
"Wave_1348",-0.0749915333096512
"Wave_1349",-0.0757160911698503
"Wave_1350",-0.0769029356688972
"Wave_1351",-0.0783407571612866
"Wave_1352",-0.0782178144277331
"Wave_1353",-0.0785837191639862
"Wave_1354",-0.0782747633725936
"Wave_1355",-0.0784132153364493
"Wave_1356",-0.0785143550888014
"Wave_1357",-0.078555387881581
"Wave_1358",-0.0806077555115061
"Wave_1359",-0.0810644440915961
"Wave_1360",-0.0815246754369486
"Wave_1361",-0.0833129239682832
"Wave_1362",-0.0844930054875826
"Wave_1363",-0.0844514568346605
"Wave_1364",-0.0842672091667762
"Wave_1365",-0.086073702035151
"Wave_1366",-0.0866083566477381
"Wave_1367",-0.0861714721370428
"Wave_1368",-0.0862618992679056
"Wave_1369",-0.0886845148641331
"Wave_1370",-0.0878050101022579
"Wave_1371",-0.0863567499377442
"Wave_1372",-0.0864895780587043
"Wave_1373",-0.088441569460234
"Wave_1374",-0.086296886682938
"Wave_1375",-0.0838759105487325
"Wave_1376",-0.0859538375719495
"Wave_1377",-0.0871012080158882
"Wave_1378",-0.085518053140881
"Wave_1379",-0.0842153666423927
"Wave_1380",-0.088118171065259
"Wave_1381",-0.0888015115314072
"Wave_1382",-0.0888068606172762
"Wave_1383",-0.0896458288237896
"Wave_1384",-0.0928510014774747
"Wave_1385",-0.092713043469167
"Wave_1386",-0.0920702095634674
"Wave_1387",-0.0917262439573691
"Wave_1388",-0.0911660084133434
"Wave_1389",-0.0904947951814384
"Wave_1390",-0.0896958498796712
"Wave_1391",-0.0897972531753942
"Wave_1392",-0.0896579917688205
"Wave_1393",-0.089530643495095
"Wave_1394",-0.0890864475433117
"Wave_1395",-0.0858295316566533
"Wave_1396",-0.0851820243074684
"Wave_1397",-0.0850256330153618
"Wave_1398",-0.0832244362732727
"Wave_1399",-0.0792305511886328
"Wave_1400",-0.0788297559414002
"Wave_1401",-0.0783303814067126
"Wave_1402",-0.0743995423192585
"Wave_1403",-0.0717637301057297
"Wave_1404",-0.0711905339375456
"Wave_1405",-0.0705451639595114
"Wave_1406",-0.0653533715045159
"Wave_1407",-0.0633794674333188
"Wave_1408",-0.0623462783560745
"Wave_1409",-0.0602745602012015
"Wave_1410",-0.0554065190830086
"Wave_1411",-0.0542187742084922
"Wave_1412",-0.0531122710956799
"Wave_1413",-0.0499748409143569
"Wave_1414",-0.0466739898540831
"Wave_1415",-0.0455993466647247
"Wave_1416",-0.0445498988323119
"Wave_1417",-0.0413806690497735
"Wave_1418",-0.0395309803835041
"Wave_1419",-0.0383192506321387
"Wave_1420",-0.0368560254997415
"Wave_1421",-0.0335537251553777
"Wave_1422",-0.0323229027009644
"Wave_1423",-0.0314014978527196
"Wave_1424",-0.0297270499247339
"Wave_1425",-0.0281707483651586
"Wave_1426",-0.0273177928241058
"Wave_1427",-0.0265467397916818
"Wave_1428",-0.025157162049065
"Wave_1429",-0.0243460555603944
"Wave_1430",-0.0237486697915684
"Wave_1431",-0.0232049039096094
"Wave_1432",-0.0208621528784642
"Wave_1433",-0.0195980643967926
"Wave_1434",-0.018594462307564
"Wave_1435",-0.017366600071698
"Wave_1436",-0.0164227087629365
"Wave_1437",-0.0161165590408928
"Wave_1438",-0.0158544155561276
"Wave_1439",-0.0149467454418259
"Wave_1440",-0.0143636803444009
"Wave_1441",-0.0138793172310033
"Wave_1442",-0.0135222627272532
"Wave_1443",-0.0128297758931542
"Wave_1444",-0.0125112658864782
"Wave_1445",-0.0123837900658793
"Wave_1446",-0.0120374381753577
"Wave_1447",-0.011469184214374
"Wave_1448",-0.0112580473047091
"Wave_1449",-0.011177083503759
"Wave_1450",-0.0108378635083823
"Wave_1451",-0.0106292550490954
"Wave_1452",-0.010878599614997
"Wave_1453",-0.0111968737600894
"Wave_1454",-0.010935253984584
"Wave_1455",-0.0113328580914711
"Wave_1456",-0.0118781669740113
"Wave_1457",-0.0123677432734555
"Wave_1458",-0.0119391569895263
"Wave_1459",-0.0127810835399669
"Wave_1460",-0.0135654862956485
"Wave_1461",-0.0138237796142976
"Wave_1462",-0.014236878586068
"Wave_1463",-0.0150749203640491
"Wave_1464",-0.0159784140208158
"Wave_1465",-0.0159261748275407
"Wave_1466",-0.0164094696435157
"Wave_1467",-0.0171639926526919
"Wave_1468",-0.0177353971767174
"Wave_1469",-0.0175544643293188
"Wave_1470",-0.0181848278733278
"Wave_1471",-0.0191217601698686
"Wave_1472",-0.0196180005534515
"Wave_1473",-0.0197774620510425
"Wave_1474",-0.0201130808964899
"Wave_1475",-0.0205146908472454
"Wave_1476",-0.0203688119404572
"Wave_1477",-0.0208322532163475
"Wave_1478",-0.0212582862605285
"Wave_1479",-0.0219206872210555
"Wave_1480",-0.0221441490118138
"Wave_1481",-0.0227082372688054
"Wave_1482",-0.0231861372214735
"Wave_1483",-0.0234397605456959
"Wave_1484",-0.0236560665209277
"Wave_1485",-0.0240962823294833
"Wave_1486",-0.0246394227903926
"Wave_1487",-0.0246437622585375
"Wave_1488",-0.0251201784207734
"Wave_1489",-0.0259049763384759
"Wave_1490",-0.0265864133136546
"Wave_1491",-0.0267277961282221
"Wave_1492",-0.0268681851462661
"Wave_1493",-0.0272301339827612
"Wave_1494",-0.0275234288020106
"Wave_1495",-0.0274812583770005
"Wave_1496",-0.0275965076855456
"Wave_1497",-0.0274442355364671
"Wave_1498",-0.0275592545711042
"Wave_1499",-0.0274032518009612
"Wave_1500",-0.0273571463988051
"Wave_1501",-0.0268530724813187
"Wave_1502",-0.0264655701563439
"Wave_1503",-0.0263072412664711
"Wave_1504",-0.0263373555152087
"Wave_1505",-0.0266607290181508
"Wave_1506",-0.0265485228505618
"Wave_1507",-0.0263349359078231
"Wave_1508",-0.0259162002201969
"Wave_1509",-0.0258583551743477
"Wave_1510",-0.0254499145384831
"Wave_1511",-0.0249834223882651
"Wave_1512",-0.0245517876737274
"Wave_1513",-0.0237198641758599
"Wave_1514",-0.0233740138422786
"Wave_1515",-0.0230829410090671
"Wave_1516",-0.0227962786555585
"Wave_1517",-0.022706206291942
"Wave_1518",-0.021038888658001
"Wave_1519",-0.01989198309681
"Wave_1520",-0.018782078857609
"Wave_1521",-0.0182996428375767
"Wave_1522",-0.0181242261303238
"Wave_1523",-0.017933778425545
"Wave_1524",-0.017516380943234
"Wave_1525",-0.0164901212978368
"Wave_1526",-0.0159216578448477
"Wave_1527",-0.0152048408470838
"Wave_1528",-0.0149810593616172
"Wave_1529",-0.0143829721726687
"Wave_1530",-0.0135563270890458
"Wave_1531",-0.0129633658053556
"Wave_1532",-0.0121557184779596
"Wave_1533",-0.0113789086201596
"Wave_1534",-0.0104765731546242
"Wave_1535",-0.0101471653625521
"Wave_1536",-0.00904542098232398
"Wave_1537",-0.00805319139464136
"Wave_1538",-0.00710026175299051
"Wave_1539",-0.00624778513480641
"Wave_1540",-0.0054422990392872
"Wave_1541",-0.00484384529584037
"Wave_1542",-0.00369380177069729
"Wave_1543",-0.00308939441752062
"Wave_1544",-0.00217329872372223
"Wave_1545",-0.000906705203205246
"Wave_1546",0.000162154778777508
"Wave_1547",0.000837319052274222
"Wave_1548",0.00181876026670833
"Wave_1549",0.00239204174810219
"Wave_1550",0.00297656349599936
"Wave_1551",0.00425228328514252
"Wave_1552",0.00504111607682621
"Wave_1553",0.00570352946828357
"Wave_1554",0.00681918839085191
"Wave_1555",0.00805982944471664
"Wave_1556",0.00930195660868571
"Wave_1557",0.0105744960115867
"Wave_1558",0.0113026787519768
"Wave_1559",0.0123515571810378
"Wave_1560",0.0132219954935429
"Wave_1561",0.013652326150735
"Wave_1562",0.0145189040114258
"Wave_1563",0.0150061661120228
"Wave_1564",0.0152289553634476
"Wave_1565",0.0152980009804262
"Wave_1566",0.0156748038829153
"Wave_1567",0.0156603267022657
"Wave_1568",0.0170617020113811
"Wave_1569",0.0181707848236874
"Wave_1570",0.0192274880582535
"Wave_1571",0.0196969272403483
"Wave_1572",0.0199089984085259
"Wave_1573",0.0207044010051127
"Wave_1574",0.0210064298209898
"Wave_1575",0.0214415897475204
"Wave_1576",0.0222623737677884
"Wave_1577",0.0231974023275112
"Wave_1578",0.0241311837859512
"Wave_1579",0.0250557560606508
"Wave_1580",0.0254810128537154
"Wave_1581",0.0258986171827105
"Wave_1582",0.0265320515929013
"Wave_1583",0.0268969118087171
"Wave_1584",0.0273921672900781
"Wave_1585",0.0277591304147428
"Wave_1586",0.0280790213316934
"Wave_1587",0.0285426049859218
"Wave_1588",0.0290036037462435
"Wave_1589",0.0295640591711964
"Wave_1590",0.0302462745700398
"Wave_1591",0.030940547616994
"Wave_1592",0.0313790761538139
"Wave_1593",0.0318867159342086
"Wave_1594",0.0328553819830255
"Wave_1595",0.0337576955807886
"Wave_1596",0.0345190696701046
"Wave_1597",0.0345417985826101
"Wave_1598",0.0346626540378902
"Wave_1599",0.0351500037721529
"Wave_1600",0.0353842733016031
"Wave_1601",0.0353675180545166
"Wave_1602",0.0361655083652807
"Wave_1603",0.0365709543180908
"Wave_1604",0.0368324801789944
"Wave_1605",0.0372982981651475
"Wave_1606",0.0380151098359501
"Wave_1607",0.038902554287057
"Wave_1608",0.0405889590997611
"Wave_1609",0.0409777145011771
"Wave_1610",0.040882764330011
"Wave_1611",0.0402376071824394
"Wave_1612",0.0395238662944614
"Wave_1613",0.0403994026243735
"Wave_1614",0.0412807818258557
"Wave_1615",0.0416612770796205
"Wave_1616",0.0412912023428878
"Wave_1617",0.0408217855808426
"Wave_1618",0.0404710738328658
"Wave_1619",0.04093732477346
"Wave_1620",0.0417496073126592
"Wave_1621",0.0421835949354371
"Wave_1622",0.0427132944541802
"Wave_1623",0.0433989398528888
"Wave_1624",0.0438234257649363
"Wave_1625",0.0443847163929019
"Wave_1626",0.0453039226450557
"Wave_1627",0.045083416647468
"Wave_1628",0.0451300101434772
"Wave_1629",0.0451992913098503
"Wave_1630",0.0457310412760076
"Wave_1631",0.0465553223342486
"Wave_1632",0.0472108711893217
"Wave_1633",0.047820841449202
"Wave_1634",0.0488905762531176
"Wave_1635",0.0499940029981437
"Wave_1636",0.0510542158017522
"Wave_1637",0.0516733512473936
"Wave_1638",0.0528485256297836
"Wave_1639",0.0531511191192335
"Wave_1640",0.0540855073685904
"Wave_1641",0.0548349571213224
"Wave_1642",0.0562465357430612
"Wave_1643",0.0569663139406715
"Wave_1644",0.0582217000634828
"Wave_1645",0.0588732613518015
"Wave_1646",0.0600565176873602
"Wave_1647",0.0607346608167106
"Wave_1648",0.0620506660745934
"Wave_1649",0.0635234104705898
"Wave_1650",0.0648776367627037
"Wave_1651",0.0658960776981734
"Wave_1652",0.0658657955713451
"Wave_1653",0.0662773254008312
"Wave_1654",0.0659735877572063
"Wave_1655",0.0655497322620845
"Wave_1656",0.0661963185163146
"Wave_1657",0.065445983693807
"Wave_1658",0.0647916566553151
"Wave_1659",0.0652656048025841
"Wave_1660",0.0649318776427877
"Wave_1661",0.0648632654372635
"Wave_1662",0.0648600478533539
"Wave_1663",0.0644458955840306
"Wave_1664",0.0634986818141355
"Wave_1665",0.0630472740505394
"Wave_1666",0.061743013284895
"Wave_1667",0.0610762486659073
"Wave_1668",0.0611413713884059
"Wave_1669",0.0600620842782314
"Wave_1670",0.0593239006748405
"Wave_1671",0.058814949259058
"Wave_1672",0.057796029279144
"Wave_1673",0.0573007434167921
"Wave_1674",0.0569709899332076
"Wave_1675",0.0571604197078405
"Wave_1676",0.0580623347226647
"Wave_1677",0.0576986651344056
"Wave_1678",0.0578389020582797
"Wave_1679",0.0581065964591478
"Wave_1680",0.0575767381423082
"Wave_1681",0.0560843848379669
"Wave_1682",0.055839602381573
"Wave_1683",0.0552784637835812
"Wave_1684",0.0555542746727953
"Wave_1685",0.055856851257331
"Wave_1686",0.0556440102416108
"Wave_1687",0.0549587611310184
"Wave_1688",0.054258580420661
"Wave_1689",0.0539195907970322
"Wave_1690",0.0535580940129769
"Wave_1691",0.0532212729439675
"Wave_1692",0.0533537802434756
"Wave_1693",0.0529063549201074
"Wave_1694",0.05223050785062
"Wave_1695",0.0518581578477216
"Wave_1696",0.0514815386466093
"Wave_1697",0.0517640378062794
"Wave_1698",0.0523112183664567
"Wave_1699",0.0523736439080674
"Wave_1700",0.052667045793725
"Wave_1701",0.0522975918848225
"Wave_1702",0.0523270218071242
"Wave_1703",0.0527304468370324
"Wave_1704",0.0527305038716071
"Wave_1705",0.052653670111338
"Wave_1706",0.0531561587973173
"Wave_1707",0.0526935852107295
"Wave_1708",0.0510536579865439
"Wave_1709",0.051377833761121
"Wave_1710",0.0505707999703016
"Wave_1711",0.0500272667069118
"Wave_1712",0.0497862211036393
"Wave_1713",0.0500464302848346
"Wave_1714",0.0498297820727577
"Wave_1715",0.0500252239074188
"Wave_1716",0.0499503520061714
"Wave_1717",0.0498114529950231
"Wave_1718",0.0498187896334649
"Wave_1719",0.0503951931638129
"Wave_1720",0.0498690321841534
"Wave_1721",0.0500143869181731
"Wave_1722",0.049756222055636
"Wave_1723",0.0492757913829189
"Wave_1724",0.0484932116112842
"Wave_1725",0.0483859435491151
"Wave_1726",0.0475158965205847
"Wave_1727",0.0470226531472232
"Wave_1728",0.046865037264213
"Wave_1729",0.0456293893370518
"Wave_1730",0.0451942266330428
"Wave_1731",0.0443740740906464
"Wave_1732",0.0440954156600637
"Wave_1733",0.0447049936738752
"Wave_1734",0.0444901095984952
"Wave_1735",0.0437821222116789
"Wave_1736",0.0434725957131117
"Wave_1737",0.0427471340319306
"Wave_1738",0.0423811028093363
"Wave_1739",0.0425605677227689
"Wave_1740",0.0420538416970692
"Wave_1741",0.0418589252898186
"Wave_1742",0.0412885037834417
"Wave_1743",0.0413662041416051
"Wave_1744",0.0409403913638877
"Wave_1745",0.0401049996517698
"Wave_1746",0.0387778047354918
"Wave_1747",0.0380294530388295
"Wave_1748",0.0374701693048069
"Wave_1749",0.0371613382102464
"Wave_1750",0.0366479976469015
"Wave_1751",0.0370344419646585
"Wave_1752",0.037199889922706
"Wave_1753",0.0369710697599558
"Wave_1754",0.0367006543483553
"Wave_1755",0.0362932471667726
"Wave_1756",0.0345682878162536
"Wave_1757",0.0339024658289355
"Wave_1758",0.0325305042025789
"Wave_1759",0.0315569990714603
"Wave_1760",0.0314460257112952
"Wave_1761",0.0306447404299457
"Wave_1762",0.0289798019963799
"Wave_1763",0.0279697151519576
"Wave_1764",0.0265260771760762
"Wave_1765",0.0249576441894429
"Wave_1766",0.0242196719944961
"Wave_1767",0.0230906780249893
"Wave_1768",0.0221958663001873
"Wave_1769",0.0222775151062497
"Wave_1770",0.0220606357057454
"Wave_1771",0.0216534761660707
"Wave_1772",0.0203342796601366
"Wave_1773",0.0188825839989574
"Wave_1774",0.0171714166428287
"Wave_1775",0.0165797849908427
"Wave_1776",0.0163454102448597
"Wave_1777",0.0170388468804788
"Wave_1778",0.0173420995465388
"Wave_1779",0.0161691539047145
"Wave_1780",0.0145920088504594
"Wave_1781",0.0128354132770543
"Wave_1782",0.0114766066158642
"Wave_1783",0.0103526044832647
"Wave_1784",0.00944159883871227
"Wave_1785",0.00828951323993786
"Wave_1786",0.0065920188198376
"Wave_1787",0.00540202440538386
"Wave_1788",0.00457110316525887
"Wave_1789",0.00302933322228931
"Wave_1790",0.00186009625113285
"Wave_1791",0.00077606384283513
"Wave_1792",0.000163085133632027
"Wave_1793",-6.09947701494052e-05
"Wave_1794",-0.00129620465601151
"Wave_1795",-0.00208339071889856
"Wave_1796",-0.00277633414758505
"Wave_1797",-0.00414061495552176
"Wave_1798",-0.00501060709227313
"Wave_1799",-0.00552810957130563
"Wave_1800",-0.0064158531699306
"Wave_1801",-0.00654735166155824
"Wave_1802",-0.00566317264381481
"Wave_1803",-0.00557744149641326
"Wave_1804",-0.00630295521630053
"Wave_1805",-0.00762008686683306
"Wave_1806",-0.00940390712320195
"Wave_1807",-0.00924638553888923
"Wave_1808",-0.00913293028468092
"Wave_1809",-0.00873041014156919
"Wave_1810",-0.00821944759673689
"Wave_1811",-0.00792149649595388
"Wave_1812",-0.00819782711568764
"Wave_1813",-0.00829565424782661
"Wave_1814",-0.00807815243542645
"Wave_1815",-0.00816029938396549
"Wave_1816",-0.00857334221419671
"Wave_1817",-0.00907807319854551
"Wave_1818",-0.00980093021866171
"Wave_1819",-0.00858684375278259
"Wave_1820",-0.00850771672312426
"Wave_1821",-0.00873335927404534
"Wave_1822",-0.00869548995575622
"Wave_1823",-0.00968842205471808
"Wave_1824",-0.0106060606493112
"Wave_1825",-0.0112659113379684
"Wave_1826",-0.01115906206702
"Wave_1827",-0.0111282212957633
"Wave_1828",-0.0112414969421567
"Wave_1829",-0.0116746564634431
"Wave_1830",-0.0122877577966206
"Wave_1831",-0.0132625843199284
"Wave_1832",-0.0122059836464578
"Wave_1833",-0.0121089168263993
"Wave_1834",-0.0124685417862129
"Wave_1835",-0.0125306406714695
"Wave_1836",-0.0124945262121954
"Wave_1837",-0.0129846664610029
"Wave_1838",-0.0145433412360209
"Wave_1839",-0.0147721111162904
"Wave_1840",-0.0143528389701841
"Wave_1841",-0.0137774398214913
"Wave_1842",-0.0131307977537238
"Wave_1843",-0.012400250601914
"Wave_1844",-0.0117681169948558
"Wave_1845",-0.0138653847538419
"Wave_1846",-0.0142561962439471
"Wave_1847",-0.0139635554061713
"Wave_1848",-0.0137545125355849
"Wave_1849",-0.0127848814345307
"Wave_1850",-0.0111706833302028
"Wave_1851",-0.0104356140801168
"Wave_1852",-0.0101404139519708
"Wave_1853",-0.00926346181399108
"Wave_1854",-0.00828365223771465
"Wave_1855",-0.00848516078011458
"Wave_1856",-0.00871074718756848
"Wave_1857",-0.00752529482858987
"Wave_1858",-0.00646151483111123
"Wave_1859",-0.00547503305230851
"Wave_1860",-0.00486881330977118
"Wave_1861",-0.00318575102295792
"Wave_1862",-0.00175659925648064
"Wave_1863",0.000221372779904114
"Wave_1864",0.00235874044174707
"Wave_1865",0.00498083850203108
"Wave_1866",0.00711535198026563
"Wave_1867",0.00866583583320997
"Wave_1868",0.0108129975631279
"Wave_1869",0.0136657548115948
"Wave_1870",0.0161972475561834
"Wave_1871",0.0168520239509668
"Wave_1872",0.0181747150952151
"Wave_1873",0.0195767151277344
"Wave_1874",0.0209426878852626
"Wave_1875",0.0206486997020228
"Wave_1876",0.0238923953026537
"Wave_1877",0.0271031062139477
"Wave_1878",0.0278956537553772
"Wave_1879",0.029954172613328
"Wave_1880",0.0340439876104229
"Wave_1881",0.0363869273414751
"Wave_1882",0.0366952269044298
"Wave_1883",0.039474964631229
"Wave_1884",0.0424809256537629
"Wave_1885",0.0436510536622632
"Wave_1886",0.045241383722948
"Wave_1887",0.0485769163677437
"Wave_1888",0.0518782894793811
"Wave_1889",0.0533092118911052
"Wave_1890",0.0569002745687383
"Wave_1891",0.0610041485742162
"Wave_1892",0.0642599307929866
"Wave_1893",0.0675512709368462
"Wave_1894",0.081849623464439
"Wave_1895",0.0945917018160231
"Wave_1896",0.104872425233802
"Wave_1897",0.116371941069446
"Wave_1898",0.127428811391834
"Wave_1899",0.134489930239673
"Wave_1900",0.133562928846018
"Wave_1901",0.120795463310959
"Wave_1902",0.10841095255184
"Wave_1903",0.102030540904892
"Wave_1904",0.106874789712661
"Wave_1905",0.109379755804715
"Wave_1906",0.104145560319247
"Wave_1907",0.101279900435439
"Wave_1908",0.0972422912553451
"Wave_1909",0.0934164221692375
"Wave_1910",0.0908965003094119
"Wave_1911",0.0866569387963146
"Wave_1912",0.0836462799438035
"Wave_1913",0.0809386667276743
"Wave_1914",0.0770634780473553
"Wave_1915",0.0744579201368146
"Wave_1916",0.0713172100810061
"Wave_1917",0.0679899655895497
"Wave_1918",0.0657030806025271
"Wave_1919",0.0631173045803707
"Wave_1920",0.060963851993789
"Wave_1921",0.059556124919507
"Wave_1922",0.0572518358659964
"Wave_1923",0.0555683142056248
"Wave_1924",0.0541520491450827
"Wave_1925",0.0521412528074043
"Wave_1926",0.0509155333277428
"Wave_1927",0.0490137055488453
"Wave_1928",0.0476578039789244
"Wave_1929",0.0464097769264035
"Wave_1930",0.0445305101152782
"Wave_1931",0.0427550424029827
"Wave_1932",0.0407775590682197
"Wave_1933",0.0390084359215587
"Wave_1934",0.0378188195120446
"Wave_1935",0.0361977993323052
"Wave_1936",0.0352297364458241
"Wave_1937",0.03414724845173
"Wave_1938",0.0327271595807188
"Wave_1939",0.0314714046274154
"Wave_1940",0.030396831580522
"Wave_1941",0.0288173120714118
"Wave_1942",0.028062920498916
"Wave_1943",0.0267593043080758
"Wave_1944",0.0260097342541642
"Wave_1945",0.0254691157346313
"Wave_1946",0.0246644594542107
"Wave_1947",0.0240141044440693
"Wave_1948",0.0234655181501834
"Wave_1949",0.0226469409063965
"Wave_1950",0.0217304501279424
"Wave_1951",0.0207598089786328
"Wave_1952",0.0199688234070869
"Wave_1953",0.0193096225883551
"Wave_1954",0.0186291038989933
"Wave_1955",0.018291719194137
"Wave_1956",0.0179522609338607
"Wave_1957",0.0174076965736598
"Wave_1958",0.0163123737042311
"Wave_1959",0.0157096278836884
"Wave_1960",0.0150389618519934
"Wave_1961",0.0143322682747937
"Wave_1962",0.0134183004553378
"Wave_1963",0.012599159291274
"Wave_1964",0.0118782485524643
"Wave_1965",0.0109135560496513
"Wave_1966",0.0105693334715949
"Wave_1967",0.0100340167038313
"Wave_1968",0.0094175303360306
"Wave_1969",0.0089043677079785
"Wave_1970",0.00820707742199608
"Wave_1971",0.00672474191311185
"Wave_1972",0.00546736980259016
"Wave_1973",0.00444950131059599
"Wave_1974",0.00382214593880263
"Wave_1975",0.00320550189588277
"Wave_1976",0.00272191725471168
"Wave_1977",0.00206547446480169
"Wave_1978",0.00151134072486231
"Wave_1979",0.000852046450457385
"Wave_1980",0.000326343695076203
"Wave_1981",-0.00010537150916709
"Wave_1982",-0.00073674310822738
"Wave_1983",-0.00148271394267384
"Wave_1984",-0.00203174347725914
"Wave_1985",-0.00279043178631419
"Wave_1986",-0.00372285972783321
"Wave_1987",-0.00457207968046989
"Wave_1988",-0.00546557874578678
"Wave_1989",-0.00637707502100155
"Wave_1990",-0.00697634435822507
"Wave_1991",-0.00746649391085465
"Wave_1992",-0.00807988521222939
"Wave_1993",-0.00902535305773886
"Wave_1994",-0.00994134455740553
"Wave_1995",-0.0106214338147824
"Wave_1996",-0.0114511890740579
"Wave_1997",-0.0121889997747892
"Wave_1998",-0.0129504023858459
"Wave_1999",-0.0134150231940856
"Wave_2000",-0.0141800483018962
"Wave_2001",-0.0150562702625145
"Wave_2002",-0.0159546540873329
"Wave_2003",-0.016815135238647
"Wave_2004",-0.01763004410558
"Wave_2005",-0.0179482814201536
"Wave_2006",-0.0187390586967818
"Wave_2007",-0.0195165993313421
"Wave_2008",-0.0198998495255885
"Wave_2009",-0.0208399592558439
"Wave_2010",-0.021405152950586
"Wave_2011",-0.0219901586892693
"Wave_2012",-0.0225966472941419
"Wave_2013",-0.0234633702800557
"Wave_2014",-0.0245283619790117
"Wave_2015",-0.0258344593561945
"Wave_2016",-0.0262890797146398
"Wave_2017",-0.0266450621011199
"Wave_2018",-0.0270812706221711
"Wave_2019",-0.0279569786207236
"Wave_2020",-0.0284491131637488
"Wave_2021",-0.029069351537691
"Wave_2022",-0.0297001673519294
"Wave_2023",-0.0297010085844018
"Wave_2024",-0.0310196136614063
"Wave_2025",-0.0319308874405899
"Wave_2026",-0.0321405082907458
"Wave_2027",-0.0324463737128211
"Wave_2028",-0.0323533348102583
"Wave_2029",-0.0324151064549225
"Wave_2030",-0.0326645139116421
"Wave_2031",-0.0324623017399357
"Wave_2032",-0.0327455616016457
"Wave_2033",-0.0330657538423045
"Wave_2034",-0.0331506548981761
"Wave_2035",-0.0327489064906242
"Wave_2036",-0.0321930086140943
"Wave_2037",-0.0319808292786105
"Wave_2038",-0.0315332592408877
"Wave_2039",-0.0314488591335496
"Wave_2040",-0.0311144355789376
"Wave_2041",-0.0314191804311159
"Wave_2042",-0.0310767883599732
"Wave_2043",-0.0304302261986038
"Wave_2044",-0.0301832799446887
"Wave_2045",-0.0303378579398527
"Wave_2046",-0.0304853528783899
"Wave_2047",-0.0306070054971976
"Wave_2048",-0.0303608656372251
"Wave_2049",-0.0301067808962549
"Wave_2050",-0.0297479962009963
"Wave_2051",-0.0299388764518703
"Wave_2052",-0.029877650050714
"Wave_2053",-0.030009060534962
"Wave_2054",-0.0305333475376217
"Wave_2055",-0.0306521618384946
"Wave_2056",-0.0304881409992244
"Wave_2057",-0.0305534391541804
"Wave_2058",-0.0308507116372379
"Wave_2059",-0.0314298894045762
"Wave_2060",-0.0315463696620034
"Wave_2061",-0.0310663203472358
"Wave_2062",-0.0297865338901998
"Wave_2063",-0.0301438275190385
"Wave_2064",-0.0303066682396873
"Wave_2065",-0.0305861337271209
"Wave_2066",-0.0306642538676797
"Wave_2067",-0.0302006906142596
"Wave_2068",-0.0299322282382961
"Wave_2069",-0.0301278240649618
"Wave_2070",-0.0298885426163678
"Wave_2071",-0.029585949197645
"Wave_2072",-0.0295643984728398
"Wave_2073",-0.028339590595176
"Wave_2074",-0.0274224610043668
"Wave_2075",-0.0272012982061336
"Wave_2076",-0.0265701950793818
"Wave_2077",-0.0257557823005345
"Wave_2078",-0.0249272462014762
"Wave_2079",-0.0241816413684192
"Wave_2080",-0.0236662986239797
"Wave_2081",-0.0246419633172477
"Wave_2082",-0.0236870961044942
"Wave_2083",-0.0220295389430811
"Wave_2084",-0.0228822202591737
"Wave_2085",-0.0226165674769302
"Wave_2086",-0.0211974937408578
"Wave_2087",-0.0203639917065328
"Wave_2088",-0.0197550056115693
"Wave_2089",-0.0186273995299531
"Wave_2090",-0.0198374379563651
"Wave_2091",-0.0194698002904579
"Wave_2092",-0.0185453743450044
"Wave_2093",-0.0174016896591499
"Wave_2094",-0.0157266367541791
"Wave_2095",-0.0141455081940961
"Wave_2096",-0.0131465818916415
"Wave_2097",-0.0126918483661698
"Wave_2098",-0.0114233636217911
"Wave_2099",-0.0115482230775114
"Wave_2100",-0.0101121187440183
"Wave_2101",-0.00865806714629247
"Wave_2102",-0.00886061932831454
"Wave_2103",-0.00723816451545382
"Wave_2104",-0.00506819192995724
"Wave_2105",-0.00399172112488294
"Wave_2106",-0.0017328913698168
"Wave_2107",0.0014598069607738
"Wave_2108",0.00251945304127506
"Wave_2109",0.00438743268153122
"Wave_2110",0.00526268384554257
"Wave_2111",0.00561328844768264
"Wave_2112",0.00549106887586748
"Wave_2113",0.00845691650482973
"Wave_2114",0.00806799156204443
"Wave_2115",0.00889921487034225
"Wave_2116",0.0107956078581803
"Wave_2117",0.0112713054197165
"Wave_2118",0.0126663798433181
"Wave_2119",0.0157438241661628
"Wave_2120",0.0159330378949902
"Wave_2121",0.0171506256507599
"Wave_2122",0.0186818100239604
"Wave_2123",0.0179230237270779
"Wave_2124",0.0181618563408055
"Wave_2125",0.0184633515428129
"Wave_2126",0.0171276597291172
"Wave_2127",0.0173076196133414
"Wave_2128",0.0193593013316343
"Wave_2129",0.0192233935304399
"Wave_2130",0.0198374458751885
"Wave_2131",0.0199758647066701
"Wave_2132",0.0197584276730819
"Wave_2133",0.0188273047632835
"Wave_2134",0.0174813222229826
"Wave_2135",0.0172830853212847
"Wave_2136",0.0187114897047841
"Wave_2137",0.0195800698540944
"Wave_2138",0.0182003962622503
"Wave_2139",0.0181901323970119
"Wave_2140",0.0174286084258566
"Wave_2141",0.0157619669244909
"Wave_2142",0.0149322314428721
"Wave_2143",0.0153345758680987
"Wave_2144",0.012627844397189
"Wave_2145",0.0113937286307635
"Wave_2146",0.0102954709287432
"Wave_2147",0.00931198926602606
"Wave_2148",0.00971689367908702
"Wave_2149",0.00997984543923893
"Wave_2150",0.00981715296674478
"Wave_2151",0.0115062222583409
"Wave_2152",0.0116634076109851
"Wave_2153",0.0106920276827811
"Wave_2154",0.0103067250198028
"Wave_2155",0.0097789446894309
"Wave_2156",0.00769638873856609
"Wave_2157",0.0080651397469074
"Wave_2158",0.00721349347512878
"Wave_2159",0.0068474486353652
"Wave_2160",0.00650005956263114
"Wave_2161",0.00591140145896369
"Wave_2162",0.00389151262734651
"Wave_2163",0.00530845395879029
"Wave_2164",0.00567654800272521
"Wave_2165",0.00432548772265252
"Wave_2166",0.00401479255974916
"Wave_2167",0.00470587184420928
"Wave_2168",0.00417405327077881
"Wave_2169",0.00322118898417652
"Wave_2170",0.00163436465668781
"Wave_2171",-0.000504216255922742
"Wave_2172",-0.00256274260186599
"Wave_2173",-0.00362048300633346
"Wave_2174",-0.00604340972461791
"Wave_2175",-0.00575189316137965
"Wave_2176",-0.00622672338937102
"Wave_2177",-0.00893633830431423
"Wave_2178",-0.0102771808202516
"Wave_2179",-0.0133397387330846
"Wave_2180",-0.0143562266146534
"Wave_2181",-0.0156082811797095
"Wave_2182",-0.0176224552277729
"Wave_2183",-0.0201350856634906
"Wave_2184",-0.0214502506546053
"Wave_2185",-0.0217239112088239
"Wave_2186",-0.0223436235357335
"Wave_2187",-0.0222975409300793
"Wave_2188",-0.0246147829896417
"Wave_2189",-0.0267392617606054
"Wave_2190",-0.0269598416525871
"Wave_2191",-0.0269121422583362
"Wave_2192",-0.0279724818869218
"Wave_2193",-0.0285392613583615
"Wave_2194",-0.0298275841571444
"Wave_2195",-0.031913654029355
"Wave_2196",-0.0323348040122651
"Wave_2197",-0.0324361211387976
"Wave_2198",-0.0330783620127268
"Wave_2199",-0.0316581795316865
"Wave_2200",-0.0322802562275251
"Wave_2201",-0.0334693980586913
"Wave_2202",-0.0322286738769286
"Wave_2203",-0.032330786117778
"Wave_2204",-0.033659846820148
"Wave_2205",-0.0353470757449161
"Wave_2206",-0.0371488790889329
"Wave_2207",-0.0396331456400413
"Wave_2208",-0.0417143433325185
"Wave_2209",-0.0424050156417853
"Wave_2210",-0.0421489291500557
"Wave_2211",-0.0416229228921017
"Wave_2212",-0.0428599882416732
"Wave_2213",-0.0447960363809882
"Wave_2214",-0.0443900687589617
"Wave_2215",-0.0454822693172434
"Wave_2216",-0.0454006563747951
"Wave_2217",-0.0439711686016364
"Wave_2218",-0.0434217728635604
"Wave_2219",-0.043632451590426
"Wave_2220",-0.0427484161213293
"Wave_2221",-0.0429099948720793
"Wave_2222",-0.0429448509271863
"Wave_2223",-0.041511480167516
"Wave_2224",-0.0420013082824405
"Wave_2225",-0.0411905918233503
"Wave_2226",-0.0399498918476575
"Wave_2227",-0.039721150239351
"Wave_2228",-0.0388263360910009
"Wave_2229",-0.038819593048642
"Wave_2230",-0.0391743585937883
"Wave_2231",-0.0390387070361424
"Wave_2232",-0.0390896165365182
"Wave_2233",-0.0397687421795839
"Wave_2234",-0.0392910971040214
"Wave_2235",-0.0380335885497268
"Wave_2236",-0.0369206708237865
"Wave_2237",-0.0357503093169912
"Wave_2238",-0.0342483734973386
"Wave_2239",-0.0345710953744084
"Wave_2240",-0.0328857531261148
"Wave_2241",-0.0322773974122172
"Wave_2242",-0.0312904868531108
"Wave_2243",-0.0330715617846002
"Wave_2244",-0.0331453947609202
"Wave_2245",-0.0334778600019491
"Wave_2246",-0.0326450642749285
"Wave_2247",-0.0316111152753411
"Wave_2248",-0.0301695646976709
"Wave_2249",-0.0298092418586451
"Wave_2250",-0.0287738290342578
"Wave_2251",-0.0291747867116576
"Wave_2252",-0.0287364090039377
"Wave_2253",-0.0299708796358565
"Wave_2254",-0.0306625289731392
"Wave_2255",-0.0288620235641725
"Wave_2256",-0.0268241137710248
"Wave_2257",-0.0280508481038119
"Wave_2258",-0.0277316290206421
"Wave_2259",-0.0271196050768936
"Wave_2260",-0.026410296232142
"Wave_2261",-0.0246156442842592
"Wave_2262",-0.0217421010222069
"Wave_2263",-0.0217280755122778
"Wave_2264",-0.0213487272284664
"Wave_2265",-0.0202797266290185
"Wave_2266",-0.0210216554528191
"Wave_2267",-0.0215987804252862
"Wave_2268",-0.0201908343837858
"Wave_2269",-0.020894013230545
"Wave_2270",-0.0182580570790898
"Wave_2271",-0.0164375765433224
"Wave_2272",-0.0162166794014504
"Wave_2273",-0.0143215062371769
"Wave_2274",-0.0134387545838585
"Wave_2275",-0.0153559006067421
"Wave_2276",-0.0121358410729006
"Wave_2277",-0.0111891736919092
"Wave_2278",-0.0117279888065446
"Wave_2279",-0.0114631549568104
"Wave_2280",-0.0091532451073312
"Wave_2281",-0.00961691171739254
"Wave_2282",-0.00886275977629842
"Wave_2283",-0.00824549816995947
"Wave_2284",-0.00853406852696201
"Wave_2285",-0.00864453008780777
"Wave_2286",-0.00625601696699005
"Wave_2287",-0.00525743726622392
"Wave_2288",-0.002719511489989
"Wave_2289",-0.00258384248112924
"Wave_2290",-0.00144565145613024
"Wave_2291",0.00232230620129239
"Wave_2292",0.00417041066736693
"Wave_2293",0.00545678965229653
"Wave_2294",0.0105276275703131
"Wave_2295",0.00892737867375622
"Wave_2296",0.0107846042169433
"Wave_2297",0.0125241406003333
"Wave_2298",0.016707064201296
"Wave_2299",0.0191303836987222
"Wave_2300",0.0237585185312436
"Wave_2301",0.0258393516704043
"Wave_2302",0.0268118770144289
"Wave_2303",0.0240696654281801
"Wave_2304",0.024070855586415
"Wave_2305",0.0217888558973223
"Wave_2306",0.0247552296452157
"Wave_2307",0.0250718528001043
"Wave_2308",0.0268143186964563
"Wave_2309",0.0256589068883139
"Wave_2310",0.0273396999842886
"Wave_2311",0.0246061905273103
"Wave_2312",0.0274300501398494
"Wave_2313",0.0247421554844213
"Wave_2314",0.0221528972434638
"Wave_2315",0.0188907954873781
"Wave_2316",0.0190761093957167
"Wave_2317",0.0152612565160501
"Wave_2318",0.0203882574584047
"Wave_2319",0.0188019511266346
"Wave_2320",0.0160138329650482
"Wave_2321",0.0175890854948874
"Wave_2322",0.0210284175522486
"Wave_2323",0.0217729357097561
"Wave_2324",0.0233482534349526
"Wave_2325",0.0250135621549578
"Wave_2326",0.0260471534635885
"Wave_2327",0.0284502300185541
"Wave_2328",0.0327171784706441
"Wave_2329",0.031243529623271
"Wave_2330",0.030739728536722
"Wave_2331",0.0306355093801173
"Wave_2332",0.0279929986832531
"Wave_2333",0.024105041926355
"Wave_2334",0.0221057298818449
"Wave_2335",0.0192959701078306
"Wave_2336",0.0225469647724418
"Wave_2337",0.0219325475241038
"Wave_2338",0.0240140835812279
"Wave_2339",0.0303832438965712
"Wave_2340",0.0357169488738558
"Wave_2341",0.0349294662813657
"Wave_2342",0.0381053084353292
"Wave_2343",0.036867135332385
"Wave_2344",0.0356736272467954
"Wave_2345",0.0324533429051017
"Wave_2346",0.034736162124759
"Wave_2347",0.033123555308043
"Wave_2348",0.0348187600723752
"Wave_2349",0.0330258029318126
"Wave_2350",0.0355842074535079
"Wave_2351",0.0357481455628206
"Wave_2352",0.0376125912147023
"Wave_2353",0.0376093970201831
"Wave_2354",0.0424418834851259
"Wave_2355",0.0455485180724994
"Wave_2356",0.0495551723943741
"Wave_2357",0.0529533631167724
"Wave_2358",0.0562836803235099
"Wave_2359",0.0588205086772341
"Wave_2360",0.0640582169383381
"Wave_2361",0.0658294240388475
"Wave_2362",0.0682410338277766
"Wave_2363",0.0706408843375509
"Wave_2364",0.0769797584515021
"Wave_2365",0.0797898194151354
"Wave_2366",0.0834949484206481
"Wave_2367",0.0859914136784428
"Wave_2368",0.0882300526706448
"Wave_2369",0.0885553540546389
"Wave_2370",0.0889650786278948
"Wave_2371",0.0895033194799749
"Wave_2372",0.0903752157313905
"Wave_2373",0.0928648753667091
"Wave_2374",0.0947520628690866
"Wave_2375",0.0967400892551595
"Wave_2376",0.0978271217818849
"Wave_2377",0.0954472737477402
"Wave_2378",0.0936141143260673
"Wave_2379",0.0896015009824601
"Wave_2380",0.0848231167411106
"Wave_2381",0.0819673818702587
"Wave_2382",0.0804946243574075
"Wave_2383",0.0784423803256504
"Wave_2384",0.076823314592209
"Wave_2385",0.0734866001243016
"Wave_2386",0.0697052623868202
"Wave_2387",0.0674056432457904
"Wave_2388",0.0641373146291073
"Wave_2389",0.0621684510002483
"Wave_2390",0.062659793142
"Wave_2391",0.0607426964853762
"Wave_2392",0.059764031936524
"Wave_2393",0.0594805409628476
"Wave_2394",0.0582851746960027
"Wave_2395",0.0572543380789033
"Wave_2396",0.057779950060415
"Wave_2397",0.0564601223666804
"Wave_2398",0.055257159577745
"Wave_2399",0.0555285882082453
"Wave_2400",0.0567478927206048
