"","Vcmax25_Bern.4.comps"
"(Intercept)",119.621858262742
"Wave_500",0.0392952353318311
"Wave_501",0.0387447589327421
"Wave_502",0.0380227697943422
"Wave_503",0.0374249686600745
"Wave_504",0.036531521998576
"Wave_505",0.0354410147893385
"Wave_506",0.0346037696465722
"Wave_507",0.0341563338967721
"Wave_508",0.0331791530814023
"Wave_509",0.0321584338655319
"Wave_510",0.0313972850359712
"Wave_511",0.0300718043470007
"Wave_512",0.0285104457588568
"Wave_513",0.0267819210098077
"Wave_514",0.0253041405773264
"Wave_515",0.023444163463413
"Wave_516",0.021271737448371
"Wave_517",0.0196644833385151
"Wave_518",0.0172445075703834
"Wave_519",0.0145797666021729
"Wave_520",0.0117079063782925
"Wave_521",0.00912192516248748
"Wave_522",0.00636367809066581
"Wave_523",0.00346119717510862
"Wave_524",0.000377249969300938
"Wave_525",-0.00211086667033704
"Wave_526",-0.00505630600465025
"Wave_527",-0.00790307500480876
"Wave_528",-0.0100418354610987
"Wave_529",-0.0122260899890729
"Wave_530",-0.0138094211579093
"Wave_531",-0.0151064168137247
"Wave_532",-0.016663082146733
"Wave_533",-0.0182065724851035
"Wave_534",-0.0200398765019203
"Wave_535",-0.0212325330077956
"Wave_536",-0.0218433179135149
"Wave_537",-0.0220598866006116
"Wave_538",-0.0224088758357744
"Wave_539",-0.0226823708740758
"Wave_540",-0.02299268180136
"Wave_541",-0.0235124476221139
"Wave_542",-0.0238610836243236
"Wave_543",-0.024226189420741
"Wave_544",-0.0245527509658306
"Wave_545",-0.0246909270680283
"Wave_546",-0.0244078538285585
"Wave_547",-0.0240339645504623
"Wave_548",-0.0236927088319305
"Wave_549",-0.0237116092710283
"Wave_550",-0.0234326918701253
"Wave_551",-0.023494674791972
"Wave_552",-0.0235592286297735
"Wave_553",-0.0231383929904304
"Wave_554",-0.0224711768475644
"Wave_555",-0.0216017544033393
"Wave_556",-0.0209055115071108
"Wave_557",-0.0205604997807221
"Wave_558",-0.0206007072417699
"Wave_559",-0.0200073030597462
"Wave_560",-0.0192535180069594
"Wave_561",-0.0182712512131174
"Wave_562",-0.0170976093173913
"Wave_563",-0.0155800180281069
"Wave_564",-0.0143216899615982
"Wave_565",-0.0127767787339665
"Wave_566",-0.0112863104679643
"Wave_567",-0.00929668816674284
"Wave_568",-0.00757123330823459
"Wave_569",-0.00576081090101589
"Wave_570",-0.00411886866227591
"Wave_571",-0.00302016527279696
"Wave_572",-0.00205833584799551
"Wave_573",-0.00104625875977299
"Wave_574",9.5079478009014e-05
"Wave_575",0.00109396951403511
"Wave_576",0.00210245589048371
"Wave_577",0.00285336964656937
"Wave_578",0.00378866929296288
"Wave_579",0.0045936984962161
"Wave_580",0.00539479215849801
"Wave_581",0.00643328288452159
"Wave_582",0.00724329185500393
"Wave_583",0.00792603811993337
"Wave_584",0.00848323208124365
"Wave_585",0.0092960437036232
"Wave_586",0.0101218541591624
"Wave_587",0.0109919166771258
"Wave_588",0.0114739803089524
"Wave_589",0.0121043467499216
"Wave_590",0.0128133460322231
"Wave_591",0.0134106004014206
"Wave_592",0.014177494009579
"Wave_593",0.0148123663855517
"Wave_594",0.0153441295604628
"Wave_595",0.0159798095635124
"Wave_596",0.0164858938043782
"Wave_597",0.0170749675574317
"Wave_598",0.0177778573975075
"Wave_599",0.0184728730898012
"Wave_600",0.0191381407137952
"Wave_601",0.0199082221099152
"Wave_602",0.0207761838128618
"Wave_603",0.0215091279446553
"Wave_604",0.0222305369594186
"Wave_605",0.0228537192479411
"Wave_606",0.0234922634724808
"Wave_607",0.024083479461342
"Wave_608",0.0246304378836543
"Wave_609",0.0250183440752394
"Wave_610",0.0255018375880129
"Wave_611",0.0260447293584064
"Wave_612",0.0266411772518501
"Wave_613",0.027285782172053
"Wave_614",0.0277295345321309
"Wave_615",0.0278687216147591
"Wave_616",0.0280055495186422
"Wave_617",0.0282604449366729
"Wave_618",0.0284019946966437
"Wave_619",0.0285891042046625
"Wave_620",0.028789909905525
"Wave_621",0.0289747256970639
"Wave_622",0.0290849315147641
"Wave_623",0.0292235821339404
"Wave_624",0.0293599798664635
"Wave_625",0.0295387447068898
"Wave_626",0.0297703237440541
"Wave_627",0.0299299129963044
"Wave_628",0.0299971599589185
"Wave_629",0.0299721581333844
"Wave_630",0.0297906606529175
"Wave_631",0.0296176206154515
"Wave_632",0.0296193256359249
"Wave_633",0.029991889857613
"Wave_634",0.0303270560438472
"Wave_635",0.0306011159668131
"Wave_636",0.0310862647105557
"Wave_637",0.0318577755523373
"Wave_638",0.0327129701733862
"Wave_639",0.033649061716718
"Wave_640",0.0346962122306894
"Wave_641",0.0355366609824545
"Wave_642",0.0364032244322829
"Wave_643",0.0373622037901983
"Wave_644",0.038054260224884
"Wave_645",0.0385496391056685
"Wave_646",0.0390895803933011
"Wave_647",0.0398931032973019
"Wave_648",0.0403221698022841
"Wave_649",0.0405503823467124
"Wave_650",0.040635332236144
"Wave_651",0.0404094336350038
"Wave_652",0.040119480217915
"Wave_653",0.0400337472899112
"Wave_654",0.040083770626459
"Wave_655",0.0402862816595542
"Wave_656",0.0400101505336826
"Wave_657",0.0397875506118981
"Wave_658",0.0396911170847055
"Wave_659",0.0393238041618083
"Wave_660",0.0393117320321156
"Wave_661",0.0393716194122021
"Wave_662",0.0392554172680091
"Wave_663",0.0391080268663044
"Wave_664",0.0390690200015259
"Wave_665",0.0388392284590598
"Wave_666",0.0385085601916878
"Wave_667",0.0381854861108041
"Wave_668",0.0381242312479948
"Wave_669",0.038168570964484
"Wave_670",0.0382175299913617
"Wave_671",0.0383458159091853
"Wave_672",0.0382984378971442
"Wave_673",0.0381820814319465
"Wave_674",0.0381088367472525
"Wave_675",0.0380822345951445
"Wave_676",0.0382547271789711
"Wave_677",0.0383165496962241
"Wave_678",0.0381518802494198
"Wave_679",0.0382790494708837
"Wave_680",0.0381845851816348
"Wave_681",0.0380635027246366
"Wave_682",0.038030041018784
"Wave_683",0.0378299734522987
"Wave_684",0.0374461138507631
"Wave_685",0.0367837324144405
"Wave_686",0.0366601602325231
"Wave_687",0.0362752937179549
"Wave_688",0.0354379402332081
"Wave_689",0.0339186873698253
"Wave_690",0.0323904037450179
"Wave_691",0.02988444039629
"Wave_692",0.0269556937720212
"Wave_693",0.0241450940316223
"Wave_694",0.0198214512292444
"Wave_695",0.0168822746960025
"Wave_696",0.0131052572749245
"Wave_697",0.00814780330363637
"Wave_698",0.00190152805191615
"Wave_699",-0.00367480592935649
"Wave_700",-0.00872369981098467
"Wave_701",-0.0149347559675213
"Wave_702",-0.0206696872367354
"Wave_703",-0.0266568640461041
"Wave_704",-0.033121687626522
"Wave_705",-0.0398743805886622
"Wave_706",-0.0442812656654402
"Wave_707",-0.050439044109018
"Wave_708",-0.0566438521221066
"Wave_709",-0.0629930512822425
"Wave_710",-0.0674208534446538
"Wave_711",-0.0700212917775577
"Wave_712",-0.0740917923445869
"Wave_713",-0.0792773575228422
"Wave_714",-0.0827071199256547
"Wave_715",-0.0842230238230935
"Wave_716",-0.0869409018483702
"Wave_717",-0.0885135112582698
"Wave_718",-0.0875547059664598
"Wave_719",-0.0887515987598788
"Wave_720",-0.0884774167964339
"Wave_721",-0.0879697760764561
"Wave_722",-0.0877686576887629
"Wave_723",-0.0868274310859187
"Wave_724",-0.0840812092682427
"Wave_725",-0.0807879122111501
"Wave_726",-0.0774042370816948
"Wave_727",-0.0733346343684656
"Wave_728",-0.0705642607803642
"Wave_729",-0.0670569377508623
"Wave_730",-0.0625980727776572
"Wave_731",-0.059280487934298
"Wave_732",-0.0549536232094753
"Wave_733",-0.0510447158784221
"Wave_734",-0.0477790509889356
"Wave_735",-0.0448506750586429
"Wave_736",-0.0393292312364196
"Wave_737",-0.0358913317739505
"Wave_738",-0.0322624224398396
"Wave_739",-0.0284346484361881
"Wave_740",-0.0243175038112396
"Wave_741",-0.0221145691984047
"Wave_742",-0.0183134489530224
"Wave_743",-0.0156990426055211
"Wave_744",-0.0134787244055564
"Wave_745",-0.0100336504050324
"Wave_746",-0.00746580148979394
"Wave_747",-0.00509372029690484
"Wave_748",-0.00406725352136363
"Wave_749",-0.00178466649440716
"Wave_750",-0.000369477644992048
"Wave_751",0.00139975232288642
"Wave_752",0.00351990724826206
"Wave_753",0.00446660249678432
"Wave_754",0.00590821709762081
"Wave_755",0.00766650473842412
"Wave_756",0.00923511042173519
"Wave_757",0.0100952433693983
"Wave_758",0.0105152405133647
"Wave_759",0.0115466012136759
"Wave_760",0.0126107807308179
"Wave_761",0.0131370375426901
"Wave_762",0.0137249732251533
"Wave_763",0.014305684423628
"Wave_764",0.0144342559888229
"Wave_765",0.0146529262079231
"Wave_766",0.0150967251296196
"Wave_767",0.0159989461533331
"Wave_768",0.0165071012144738
"Wave_769",0.0167916447814809
"Wave_770",0.0165423978464704
"Wave_771",0.0161172645073526
"Wave_772",0.0162618671512349
"Wave_773",0.0166552034381566
"Wave_774",0.0162376077443306
"Wave_775",0.0173108906951765
"Wave_776",0.0172294263661119
"Wave_777",0.0168886396418399
"Wave_778",0.0171970177563534
"Wave_779",0.0174214059813834
"Wave_780",0.017384747590208
"Wave_781",0.0175662923298629
"Wave_782",0.01766056127756
"Wave_783",0.017504641517145
"Wave_784",0.0173873738246287
"Wave_785",0.0174967317132732
"Wave_786",0.0178102667428348
"Wave_787",0.0179855560954329
"Wave_788",0.0176753152269702
"Wave_789",0.0180512881905741
"Wave_790",0.0174282717427492
"Wave_791",0.0172801277780223
"Wave_792",0.0172265170220612
"Wave_793",0.0172400356236198
"Wave_794",0.0167194115985563
"Wave_795",0.0175708727438972
"Wave_796",0.0176733079977639
"Wave_797",0.0173691113173752
"Wave_798",0.0170547851234631
"Wave_799",0.0172623914988083
"Wave_800",0.0175031165058926
"Wave_801",0.0179596612648918
"Wave_802",0.0180810137884119
"Wave_803",0.0177706828542094
"Wave_804",0.017960476775153
"Wave_805",0.0179497038937597
"Wave_806",0.0173405985742081
"Wave_807",0.0174096853814465
"Wave_808",0.0175273321085278
"Wave_809",0.0179027992108068
"Wave_810",0.017546360176426
"Wave_811",0.017214917295206
"Wave_812",0.0162111371680421
"Wave_813",0.0168640428951469
"Wave_814",0.0173631444178881
"Wave_815",0.0167118887905611
"Wave_816",0.017713425419745
"Wave_817",0.0177661660592815
"Wave_818",0.0177307313329206
"Wave_819",0.0178500657417596
"Wave_820",0.0171864038498736
"Wave_821",0.0169048266297789
"Wave_822",0.0167589772185031
"Wave_823",0.0168079397231152
"Wave_824",0.0171349414908381
"Wave_825",0.0167751190335772
"Wave_826",0.0169661110166721
"Wave_827",0.0170573531245531
"Wave_828",0.0170047751906594
"Wave_829",0.0168784874930386
"Wave_830",0.017156098636699
"Wave_831",0.0167289409810507
"Wave_832",0.0158849110334795
"Wave_833",0.0161493956787306
"Wave_834",0.0164004164491116
"Wave_835",0.016483723206792
"Wave_836",0.0161312271203482
"Wave_837",0.0162897223883187
"Wave_838",0.017088920261952
"Wave_839",0.0172509940015236
"Wave_840",0.0167774440500844
"Wave_841",0.0162163871331687
"Wave_842",0.0166055174304044
"Wave_843",0.0163743346724668
"Wave_844",0.0157750758163911
"Wave_845",0.0156330774381495
"Wave_846",0.0157345631147345
"Wave_847",0.0165615830270088
"Wave_848",0.0159006669150636
"Wave_849",0.0157280108111545
"Wave_850",0.0155257636533505
"Wave_851",0.0151744466251458
"Wave_852",0.0144191028183328
"Wave_853",0.0154554405653604
"Wave_854",0.0164324573207813
"Wave_855",0.0159108853294369
"Wave_856",0.0163438289297113
"Wave_857",0.0163157757773567
"Wave_858",0.0154853132095674
"Wave_859",0.0158254973317835
"Wave_860",0.015513194990311
"Wave_861",0.0161493054134741
"Wave_862",0.0155733363855919
"Wave_863",0.0157956986307324
"Wave_864",0.0152677333572369
"Wave_865",0.0159015654740563
"Wave_866",0.0160731012571768
"Wave_867",0.015712894969374
"Wave_868",0.0156647446781574
"Wave_869",0.0159682165409213
"Wave_870",0.015124908541801
"Wave_871",0.01524967609294
"Wave_872",0.0151451604866823
"Wave_873",0.0143953570875292
"Wave_874",0.0148525115852712
"Wave_875",0.0155091803745399
"Wave_876",0.0140047311717911
"Wave_877",0.0141799154872059
"Wave_878",0.0141668278064792
"Wave_879",0.0148629938485208
"Wave_880",0.0146507334563034
"Wave_881",0.0149619249160968
"Wave_882",0.0146480559358097
"Wave_883",0.0141319976138006
"Wave_884",0.0135301789098115
"Wave_885",0.0134958873750637
"Wave_886",0.013930148754785
"Wave_887",0.0138573943325872
"Wave_888",0.013222590584209
"Wave_889",0.0139053451593498
"Wave_890",0.0143650958066361
"Wave_891",0.0139999576595917
"Wave_892",0.0141108128425026
"Wave_893",0.0127399851347938
"Wave_894",0.0141024062262157
"Wave_895",0.0137042721715255
"Wave_896",0.0127193665718661
"Wave_897",0.012549039797708
"Wave_898",0.0130668677049959
"Wave_899",0.0138671802070187
"Wave_900",0.0127458757933855
"Wave_901",0.0125022743822978
"Wave_902",0.0120793041900522
"Wave_903",0.0113861339250095
"Wave_904",0.0125617496813443
"Wave_905",0.0136670476099412
"Wave_906",0.0124458933653085
"Wave_907",0.0122914477314999
"Wave_908",0.0115502719827699
"Wave_909",0.0117185370622866
"Wave_910",0.0121977883844552
"Wave_911",0.0116267362787701
"Wave_912",0.0121190240747959
"Wave_913",0.0133072653965339
"Wave_914",0.0121067103477306
"Wave_915",0.0118656940123766
"Wave_916",0.0118710485034702
"Wave_917",0.0121265676771209
"Wave_918",0.0126965312013455
"Wave_919",0.012296920784682
"Wave_920",0.0118709907081794
"Wave_921",0.0122734099803875
"Wave_922",0.0115822903456472
"Wave_923",0.0113777095516678
"Wave_924",0.0108496132624345
"Wave_925",0.0108203263782854
"Wave_926",0.0110017254581441
"Wave_927",0.00976019288532936
"Wave_928",0.00962942663647373
"Wave_929",0.0105132641097396
"Wave_930",0.0104163127837124
"Wave_931",0.00871357488434476
"Wave_932",0.00863524640831952
"Wave_933",0.00835765453567805
"Wave_934",0.00849018183955816
"Wave_935",0.00961790052730949
"Wave_936",0.00862266503326266
"Wave_937",0.00731414632221627
"Wave_938",0.00747966463759405
"Wave_939",0.00779382180174247
"Wave_940",0.00758842465166655
"Wave_941",0.00812366236865665
"Wave_942",0.00688623620830633
"Wave_943",0.00757378785459316
"Wave_944",0.00777017716473241
"Wave_945",0.00697696562839
"Wave_946",0.00640814721145294
"Wave_947",0.00723772797543211
"Wave_948",0.00750751001195794
"Wave_949",0.00716863180222325
"Wave_950",0.00752713589609544
"Wave_951",0.00676421138475758
"Wave_952",0.00480804998126543
"Wave_953",0.00363677472545355
"Wave_954",0.00363628229769196
"Wave_955",0.00398724437227068
"Wave_956",0.00217778879957923
"Wave_957",0.00224136936419511
"Wave_958",0.00223325209128162
"Wave_959",0.00267442633895339
"Wave_960",0.00351827388574943
"Wave_961",0.00362933559389581
"Wave_962",0.00271430546286668
"Wave_963",0.00237034098877584
"Wave_964",0.00325570984618563
"Wave_965",0.00254030201618831
"Wave_966",0.00141124507592732
"Wave_967",0.00106554981094931
"Wave_968",0.00142328137207036
"Wave_969",0.0018452700276998
"Wave_970",0.00039511170185755
"Wave_971",0.000931387553116549
"Wave_972",0.00180817894217351
"Wave_973",0.00171346010768374
"Wave_974",0.00165031115120108
"Wave_975",0.00125051991883555
"Wave_976",1.19604068263368e-05
"Wave_977",0.000422925744119664
"Wave_978",-0.000578490644575319
"Wave_979",-0.00220112656590099
"Wave_980",-0.00325007479894553
"Wave_981",-0.00338926022297965
"Wave_982",-0.00366984915754016
"Wave_983",-0.00370458307839255
"Wave_984",-0.00297528600872497
"Wave_985",-0.00234190835608882
"Wave_986",-0.00142558798388573
"Wave_987",-0.00156638063341065
"Wave_988",-0.00270904657158289
"Wave_989",-0.00356876784475898
"Wave_990",-0.00430416328158304
"Wave_991",-0.00445393562203366
"Wave_992",-0.00375455653330652
"Wave_993",-0.0032908037071443
"Wave_994",-0.00278024394763599
"Wave_995",-0.00244592795141682
"Wave_996",-0.00267356164186294
"Wave_997",-0.00281637784604711
"Wave_998",-0.00284105477706377
"Wave_999",-0.00264753502857398
"Wave_1000",-0.00266828813864372
"Wave_1001",-0.0025776475240136
"Wave_1002",-0.00251799756186102
"Wave_1003",-0.00272730826489604
"Wave_1004",-0.00271466483757544
"Wave_1005",-0.00281103983391749
"Wave_1006",-0.00299661861640076
"Wave_1007",-0.00276141711177776
"Wave_1008",-0.00279234264834009
"Wave_1009",-0.00293293877349301
"Wave_1010",-0.00293062765193761
"Wave_1011",-0.00242961192259035
"Wave_1012",-0.00174436195556517
"Wave_1013",-0.00117203846337215
"Wave_1014",-0.000528832691776344
"Wave_1015",-0.000413401273193389
"Wave_1016",-0.000196764047242674
"Wave_1017",-0.00023687983869688
"Wave_1018",-0.000481214117059996
"Wave_1019",-0.000159483884485028
"Wave_1020",0.000445471495661029
"Wave_1021",0.000745412195018274
"Wave_1022",0.00113168223454277
"Wave_1023",0.0012634019588469
"Wave_1024",0.00139069150705506
"Wave_1025",0.00117608486482497
"Wave_1026",0.00105869280266956
"Wave_1027",0.00119860893270951
"Wave_1028",0.00132962460398362
"Wave_1029",0.00132093566566211
"Wave_1030",0.00131803729306795
"Wave_1031",0.00149182479972129
"Wave_1032",0.00155047975575254
"Wave_1033",0.00163525969719281
"Wave_1034",0.0017846282471369
"Wave_1035",0.00225131689032218
"Wave_1036",0.00241037936549664
"Wave_1037",0.00271030937013294
"Wave_1038",0.00285897448564092
"Wave_1039",0.00285860667302944
"Wave_1040",0.00294137950477486
"Wave_1041",0.00280534919350895
"Wave_1042",0.00277061310774683
"Wave_1043",0.00286427579885667
"Wave_1044",0.00294198609991975
"Wave_1045",0.00296075887772717
"Wave_1046",0.00304352403480654
"Wave_1047",0.00312507267154808
"Wave_1048",0.00318921357733873
"Wave_1049",0.00337850909499551
"Wave_1050",0.00329682208145259
"Wave_1051",0.00331954042556485
"Wave_1052",0.00366150619939593
"Wave_1053",0.0036809878209141
"Wave_1054",0.00381450102098878
"Wave_1055",0.00394106596874494
"Wave_1056",0.0040467875466636
"Wave_1057",0.00422788627731654
"Wave_1058",0.00439358580357098
"Wave_1059",0.00433009875584856
"Wave_1060",0.00429947380302072
"Wave_1061",0.00436901366866105
"Wave_1062",0.00435759871280238
"Wave_1063",0.00455055204654623
"Wave_1064",0.00458273762745941
"Wave_1065",0.00453064207932046
"Wave_1066",0.00458875133393262
"Wave_1067",0.00487359869208033
"Wave_1068",0.00476423692960665
"Wave_1069",0.0048668939737802
"Wave_1070",0.00497093584454426
"Wave_1071",0.00470838588831944
"Wave_1072",0.00485957079818955
"Wave_1073",0.00469669256642566
"Wave_1074",0.00463175383896457
"Wave_1075",0.00440355037859392
"Wave_1076",0.00439107908163672
"Wave_1077",0.00459136205291259
"Wave_1078",0.00460193196887186
"Wave_1079",0.00528868696205185
"Wave_1080",0.00532409011077859
"Wave_1081",0.00511704390040362
"Wave_1082",0.00498341481053787
"Wave_1083",0.00482457700677761
"Wave_1084",0.00481835388999222
"Wave_1085",0.0047547206508585
"Wave_1086",0.00475383235763836
"Wave_1087",0.00467007755268326
"Wave_1088",0.00473133117021769
"Wave_1089",0.0051173675327931
"Wave_1090",0.00536719627518226
"Wave_1091",0.00590826253120826
"Wave_1092",0.00548373243145328
"Wave_1093",0.00547761117512112
"Wave_1094",0.00488256053808965
"Wave_1095",0.00487776681748536
"Wave_1096",0.00479461362786707
"Wave_1097",0.00480851755408201
"Wave_1098",0.00456653390919107
"Wave_1099",0.00480725108852059
"Wave_1100",0.00475482084452039
"Wave_1101",0.00468610491308252
"Wave_1102",0.00470212739112949
"Wave_1103",0.0049735460051125
"Wave_1104",0.00461640855355792
"Wave_1105",0.00494543232013493
"Wave_1106",0.00492355183872136
"Wave_1107",0.00497420970948934
"Wave_1108",0.00481297682971256
"Wave_1109",0.00498631350417376
"Wave_1110",0.00456058482186822
"Wave_1111",0.00475037577397419
"Wave_1112",0.00493375279221119
"Wave_1113",0.00499365459137669
"Wave_1114",0.00515225953342477
"Wave_1115",0.00576492945052939
"Wave_1116",0.00573164237897208
"Wave_1117",0.00656121494431103
"Wave_1118",0.00664237146644247
"Wave_1119",0.00656992930511742
"Wave_1120",0.00649323619989998
"Wave_1121",0.00629725730852401
"Wave_1122",0.00611953470444037
"Wave_1123",0.00621479069514114
"Wave_1124",0.00624874183847596
"Wave_1125",0.00574298724985015
"Wave_1126",0.00577760896400534
"Wave_1127",0.00622892120926624
"Wave_1128",0.00582631858774387
"Wave_1129",0.00593096525987675
"Wave_1130",0.00578284077709872
"Wave_1131",0.00560897587143649
"Wave_1132",0.00530562481626455
"Wave_1133",0.00512287556300345
"Wave_1134",0.00501567613572068
"Wave_1135",0.00474590815417848
"Wave_1136",0.0042526964640508
"Wave_1137",0.00398442042267913
"Wave_1138",0.00352975758727008
"Wave_1139",0.00298481581641106
"Wave_1140",0.00199627853273086
"Wave_1141",0.00141447525670461
"Wave_1142",0.000772769773351535
"Wave_1143",0.000658757827629583
"Wave_1144",0.000358829917425367
"Wave_1145",-0.000685557337503455
"Wave_1146",-0.00193189723433559
"Wave_1147",-0.00257343358127682
"Wave_1148",-0.00319236130226304
"Wave_1149",-0.00391044113059595
"Wave_1150",-0.00460965365345572
"Wave_1151",-0.00503572814781768
"Wave_1152",-0.00557399569011481
"Wave_1153",-0.0056332678786944
"Wave_1154",-0.00570516936094157
"Wave_1155",-0.0047654237069833
"Wave_1156",-0.00518179782658221
"Wave_1157",-0.00583627905127199
"Wave_1158",-0.00682982245812617
"Wave_1159",-0.0071995202339928
"Wave_1160",-0.00759543373582816
"Wave_1161",-0.00799654816582361
"Wave_1162",-0.00812622863122708
"Wave_1163",-0.0082186267120418
"Wave_1164",-0.0086109918702382
"Wave_1165",-0.00880404494100767
"Wave_1166",-0.00892993666855938
"Wave_1167",-0.0089903546665167
"Wave_1168",-0.00902939505601493
"Wave_1169",-0.00926532816813811
"Wave_1170",-0.00939776974229885
"Wave_1171",-0.00927468291368757
"Wave_1172",-0.00911712900457967
"Wave_1173",-0.00916079264648289
"Wave_1174",-0.00924059977717625
"Wave_1175",-0.00952616241530676
"Wave_1176",-0.0089874270254562
"Wave_1177",-0.00954613002508643
"Wave_1178",-0.00990295246684474
"Wave_1179",-0.00992679555307504
"Wave_1180",-0.0100504844526198
"Wave_1181",-0.0101545478900767
"Wave_1182",-0.0102493189823099
"Wave_1183",-0.0103201152180597
"Wave_1184",-0.0103878664270447
"Wave_1185",-0.0102578216358115
"Wave_1186",-0.0101495840769071
"Wave_1187",-0.0102940564393749
"Wave_1188",-0.0105311782312022
"Wave_1189",-0.0110024278513239
"Wave_1190",-0.0109628484516213
"Wave_1191",-0.0109718346369512
"Wave_1192",-0.0106070522010794
"Wave_1193",-0.00971396524514834
"Wave_1194",-0.0100007531574426
"Wave_1195",-0.0104221318908354
"Wave_1196",-0.0110882459394379
"Wave_1197",-0.0115047284056239
"Wave_1198",-0.0115802188653944
"Wave_1199",-0.0116536953868378
"Wave_1200",-0.0116655682581839
"Wave_1201",-0.0115766964200804
"Wave_1202",-0.0114901509170341
"Wave_1203",-0.0114033294448993
"Wave_1204",-0.0112397245102632
"Wave_1205",-0.0111199461214862
"Wave_1206",-0.011088649805775
"Wave_1207",-0.0110150338737829
"Wave_1208",-0.0108364874859597
"Wave_1209",-0.0109017235702524
"Wave_1210",-0.011015743201501
"Wave_1211",-0.0112682973371662
"Wave_1212",-0.0114582447773467
"Wave_1213",-0.0115492994759815
"Wave_1214",-0.0115440939121409
"Wave_1215",-0.0116724584471611
"Wave_1216",-0.0117578541365205
"Wave_1217",-0.0117243582334355
"Wave_1218",-0.0115851287988513
"Wave_1219",-0.0112842508525744
"Wave_1220",-0.011305602993523
"Wave_1221",-0.0114521490823062
"Wave_1222",-0.0116176746690075
"Wave_1223",-0.0119056679426614
"Wave_1224",-0.0118924853429633
"Wave_1225",-0.0119350102604802
"Wave_1226",-0.0120937893022759
"Wave_1227",-0.0120922336525448
"Wave_1228",-0.0121174682914472
"Wave_1229",-0.0120383723093991
"Wave_1230",-0.0119645426846981
"Wave_1231",-0.0120241380198234
"Wave_1232",-0.012008205686215
"Wave_1233",-0.0118868886058753
"Wave_1234",-0.0119199850827985
"Wave_1235",-0.0119537443133482
"Wave_1236",-0.0117647546483465
"Wave_1237",-0.0115658812552596
"Wave_1238",-0.0113425016830171
"Wave_1239",-0.0112567588578774
"Wave_1240",-0.0112781750852749
"Wave_1241",-0.0111299310666
"Wave_1242",-0.0111831319174518
"Wave_1243",-0.011224631304763
"Wave_1244",-0.0111656566849321
"Wave_1245",-0.0110975810498463
"Wave_1246",-0.0110265664998582
"Wave_1247",-0.0109523686845981
"Wave_1248",-0.0108782333145257
"Wave_1249",-0.0108601490100359
"Wave_1250",-0.0110254618579766
"Wave_1251",-0.0108614168057295
"Wave_1252",-0.0106950783980602
"Wave_1253",-0.0105474422236957
"Wave_1254",-0.0105175462556486
"Wave_1255",-0.0104646014522688
"Wave_1256",-0.0103600869041911
"Wave_1257",-0.0103072275521985
"Wave_1258",-0.0101641759806751
"Wave_1259",-0.0100001892454482
"Wave_1260",-0.00982120829369487
"Wave_1261",-0.00964010846558586
"Wave_1262",-0.00956501263579996
"Wave_1263",-0.00959565268654298
"Wave_1264",-0.00948529588328601
"Wave_1265",-0.00952097035535597
"Wave_1266",-0.00944444983325136
"Wave_1267",-0.00936525262026812
"Wave_1268",-0.00912189015097079
"Wave_1269",-0.00926947127220464
"Wave_1270",-0.00934591447287993
"Wave_1271",-0.00915957133847494
"Wave_1272",-0.00924898001274979
"Wave_1273",-0.00931550604412872
"Wave_1274",-0.0091633430081603
"Wave_1275",-0.0090571344674381
"Wave_1276",-0.00812913095341301
"Wave_1277",-0.00830917002453412
"Wave_1278",-0.00858957810892037
"Wave_1279",-0.00878412697785303
"Wave_1280",-0.00877463552718167
"Wave_1281",-0.00874869916348758
"Wave_1282",-0.00862456869613001
"Wave_1283",-0.00830376627106725
"Wave_1284",-0.00849307335270674
"Wave_1285",-0.00837089167630515
"Wave_1286",-0.00852519069720451
"Wave_1287",-0.00878964495307369
"Wave_1288",-0.0089282571984872
"Wave_1289",-0.00913037348995868
"Wave_1290",-0.00902334241457968
"Wave_1291",-0.00916640506251517
"Wave_1292",-0.00918270046038793
"Wave_1293",-0.00929030567273377
"Wave_1294",-0.00961802799224414
"Wave_1295",-0.00997984174485969
"Wave_1296",-0.00961635607791592
"Wave_1297",-0.00944897424283564
"Wave_1298",-0.00955058497708397
"Wave_1299",-0.00951636006511784
"Wave_1300",-0.00984423194803681
"Wave_1301",-0.0101544538315559
"Wave_1302",-0.0107471362299352
"Wave_1303",-0.0106695564740716
"Wave_1304",-0.0106408899344448
"Wave_1305",-0.0106504465094654
"Wave_1306",-0.0106605536742469
"Wave_1307",-0.0110480813465304
"Wave_1308",-0.011049303266168
"Wave_1309",-0.0117889172957289
"Wave_1310",-0.0120796555246611
"Wave_1311",-0.0121238749447329
"Wave_1312",-0.0120705940883447
"Wave_1313",-0.0120647721581693
"Wave_1314",-0.0121090282282376
"Wave_1315",-0.0122632739857492
"Wave_1316",-0.0124500436609055
"Wave_1317",-0.0131385702693598
"Wave_1318",-0.0130614022981504
"Wave_1319",-0.0134633208755797
"Wave_1320",-0.013638110754447
"Wave_1321",-0.0137885281926121
"Wave_1322",-0.0142307651166981
"Wave_1323",-0.0141982396100146
"Wave_1324",-0.0146753566566055
"Wave_1325",-0.0151504334920475
"Wave_1326",-0.0147936455819416
"Wave_1327",-0.0149887840141026
"Wave_1328",-0.0152988827405038
"Wave_1329",-0.0156796793244207
"Wave_1330",-0.015745603442554
"Wave_1331",-0.0160497047693474
"Wave_1332",-0.0163425724724919
"Wave_1333",-0.0165420088417657
"Wave_1334",-0.0167422493220638
"Wave_1335",-0.0168496874529924
"Wave_1336",-0.0169763242631263
"Wave_1337",-0.0172499777539017
"Wave_1338",-0.0177919073040942
"Wave_1339",-0.018040137762611
"Wave_1340",-0.0181414783528438
"Wave_1341",-0.0185689434902831
"Wave_1342",-0.0189011271918976
"Wave_1343",-0.0192178965935256
"Wave_1344",-0.0192102301774596
"Wave_1345",-0.0192823633641526
"Wave_1346",-0.01953942244234
"Wave_1347",-0.0194299019650596
"Wave_1348",-0.0198182750193307
"Wave_1349",-0.019850232154852
"Wave_1350",-0.0201633223438854
"Wave_1351",-0.0204888510560039
"Wave_1352",-0.0200303841548735
"Wave_1353",-0.0198275601499719
"Wave_1354",-0.0193641064569615
"Wave_1355",-0.0191414866729624
"Wave_1356",-0.0189093213771778
"Wave_1357",-0.0185830026177203
"Wave_1358",-0.0190106914513229
"Wave_1359",-0.0186523440071843
"Wave_1360",-0.0182918920861887
"Wave_1361",-0.0184107502189938
"Wave_1362",-0.0182265535659606
"Wave_1363",-0.0174722863925277
"Wave_1364",-0.0166361385254888
"Wave_1365",-0.0164112524883368
"Wave_1366",-0.0159623861424908
"Wave_1367",-0.0150149877563032
"Wave_1368",-0.0142434553982292
"Wave_1369",-0.0143206026238106
"Wave_1370",-0.0132670846031465
"Wave_1371",-0.0119226014452022
"Wave_1372",-0.0110286837098845
"Wave_1373",-0.0112432381991982
"Wave_1374",-0.00984677844842844
"Wave_1375",-0.00830487506767667
"Wave_1376",-0.00809236046660871
"Wave_1377",-0.0080353290978153
"Wave_1378",-0.0065763446501128
"Wave_1379",-0.00527187261698521
"Wave_1380",-0.00571004429759789
"Wave_1381",-0.00537436852398694
"Wave_1382",-0.00466426436687752
"Wave_1383",-0.00415611681161526
"Wave_1384",-0.0048703731193971
"Wave_1385",-0.00445857446473043
"Wave_1386",-0.00378794043967631
"Wave_1387",-0.00332598972619052
"Wave_1388",-0.00315042421990043
"Wave_1389",-0.00296506393270174
"Wave_1390",-0.00271682960800957
"Wave_1391",-0.00248530376624774
"Wave_1392",-0.00225772767349602
"Wave_1393",-0.00201717811198756
"Wave_1394",-0.00162060943944424
"Wave_1395",-0.000542788629223502
"Wave_1396",-0.000357875059588192
"Wave_1397",-0.000416380773060522
"Wave_1398",-3.82750389323352e-05
"Wave_1399",0.00130996541445337
"Wave_1400",0.00124333666370506
"Wave_1401",0.00122123129471153
"Wave_1402",0.00210484141192072
"Wave_1403",0.00306735831113685
"Wave_1404",0.00300220329512619
"Wave_1405",0.00297421036619555
"Wave_1406",0.00433825130897013
"Wave_1407",0.00471655992265354
"Wave_1408",0.00462324272517508
"Wave_1409",0.00482161706988438
"Wave_1410",0.00607678845708819
"Wave_1411",0.00590387574586181
"Wave_1412",0.0056940868404762
"Wave_1413",0.00601782644566556
"Wave_1414",0.00672813077200929
"Wave_1415",0.00641372863716213
"Wave_1416",0.00610082046247805
"Wave_1417",0.00642443254051592
"Wave_1418",0.00636298170045939
"Wave_1419",0.00597159454380939
"Wave_1420",0.00565665350525307
"Wave_1421",0.00603668054773245
"Wave_1422",0.00566993692429839
"Wave_1423",0.00514624672091629
"Wave_1424",0.0048541415089883
"Wave_1425",0.00459947289069331
"Wave_1426",0.004031458394081
"Wave_1427",0.00343234514712724
"Wave_1428",0.00296544784976078
"Wave_1429",0.00252977901589431
"Wave_1430",0.00197530715690786
"Wave_1431",0.00139266139969264
"Wave_1432",0.00143250071039397
"Wave_1433",0.000872743762396809
"Wave_1434",0.000177376674618041
"Wave_1435",-0.000442990748351689
"Wave_1436",-0.000904966515019767
"Wave_1437",-0.0015134597704199
"Wave_1438",-0.00215271088759466
"Wave_1439",-0.00257974414462188
"Wave_1440",-0.00303573395976626
"Wave_1441",-0.00357814301533007
"Wave_1442",-0.00418972738561464
"Wave_1443",-0.0046509613186774
"Wave_1444",-0.00511799084208535
"Wave_1445",-0.00568488642464397
"Wave_1446",-0.00617496698180343
"Wave_1447",-0.00649578631472259
"Wave_1448",-0.00698615122525403
"Wave_1449",-0.00753597191708954
"Wave_1450",-0.00799478851564773
"Wave_1451",-0.00840116759613492
"Wave_1452",-0.00897675224384146
"Wave_1453",-0.00958412187526515
"Wave_1454",-0.00998332608309722
"Wave_1455",-0.0105426745316029
"Wave_1456",-0.0112024585089796
"Wave_1457",-0.011857898615212
"Wave_1458",-0.0121673449267109
"Wave_1459",-0.0129374388687117
"Wave_1460",-0.0136844835713002
"Wave_1461",-0.0142705381752773
"Wave_1462",-0.0148783249869675
"Wave_1463",-0.0156627844283416
"Wave_1464",-0.0164774287956282
"Wave_1465",-0.0170139939092092
"Wave_1466",-0.0176610797093744
"Wave_1467",-0.0184681965316819
"Wave_1468",-0.0191807707490299
"Wave_1469",-0.0196817871104581
"Wave_1470",-0.0204206845501635
"Wave_1471",-0.0213084867745121
"Wave_1472",-0.0220355495453759
"Wave_1473",-0.0226297323851031
"Wave_1474",-0.0233147485343256
"Wave_1475",-0.0240378829598133
"Wave_1476",-0.0245574732026454
"Wave_1477",-0.0252133537359153
"Wave_1478",-0.0258602178349759
"Wave_1479",-0.0266205670082044
"Wave_1480",-0.02719703404095
"Wave_1481",-0.0278706749023454
"Wave_1482",-0.0285097347950574
"Wave_1483",-0.029073196664004
"Wave_1484",-0.0295686578506113
"Wave_1485",-0.0301463036012675
"Wave_1486",-0.030768802046855
"Wave_1487",-0.0311592113459323
"Wave_1488",-0.0316584454689528
"Wave_1489",-0.0323250091565801
"Wave_1490",-0.0329514607727285
"Wave_1491",-0.0334010135468379
"Wave_1492",-0.0338725515461078
"Wave_1493",-0.0344424531267521
"Wave_1494",-0.034995654433787
"Wave_1495",-0.0353272768967247
"Wave_1496",-0.0357068989998618
"Wave_1497",-0.0359579499954183
"Wave_1498",-0.0363250860475436
"Wave_1499",-0.0365789733413681
"Wave_1500",-0.0368984164030586
"Wave_1501",-0.0370027368960642
"Wave_1502",-0.0371660007847385
"Wave_1503",-0.0373925493707821
"Wave_1504",-0.0377062834474431
"Wave_1505",-0.0381602134363029
"Wave_1506",-0.0383814202679098
"Wave_1507",-0.0385457018319646
"Wave_1508",-0.0386142854445189
"Wave_1509",-0.038876215325646
"Wave_1510",-0.0389398495882741
"Wave_1511",-0.0390011564479403
"Wave_1512",-0.0390647672084829
"Wave_1513",-0.0388839906769725
"Wave_1514",-0.0388833167469412
"Wave_1515",-0.0389002430748859
"Wave_1516",-0.0389205580883142
"Wave_1517",-0.0391208761516557
"Wave_1518",-0.0386960811868493
"Wave_1519",-0.0385204959087598
"Wave_1520",-0.0383029676367945
"Wave_1521",-0.0382205522811263
"Wave_1522",-0.0382056976448375
"Wave_1523",-0.0381883083631189
"Wave_1524",-0.0381701307934156
"Wave_1525",-0.0379464568623036
"Wave_1526",-0.037956991227263
"Wave_1527",-0.0378613608510013
"Wave_1528",-0.0378583614176211
"Wave_1529",-0.0377066813175901
"Wave_1530",-0.0374485343198463
"Wave_1531",-0.0373313477368285
"Wave_1532",-0.0371688236835136
"Wave_1533",-0.0369789331703745
"Wave_1534",-0.0367351307252161
"Wave_1535",-0.0367221387600095
"Wave_1536",-0.0364266229520194
"Wave_1537",-0.0361907759159221
"Wave_1538",-0.0359612288472909
"Wave_1539",-0.0356401860148304
"Wave_1540",-0.0352466064907737
"Wave_1541",-0.0349588297174871
"Wave_1542",-0.0344417540409199
"Wave_1543",-0.0343039494156885
"Wave_1544",-0.0340468748820862
"Wave_1545",-0.0336222073541544
"Wave_1546",-0.0331632463411293
"Wave_1547",-0.0329137154571584
"Wave_1548",-0.0325303010471691
"Wave_1549",-0.0323529196527885
"Wave_1550",-0.0322170672348667
"Wave_1551",-0.0317093035366486
"Wave_1552",-0.0314267861207674
"Wave_1553",-0.0311324229917533
"Wave_1554",-0.0307568547676185
"Wave_1555",-0.0303304313692299
"Wave_1556",-0.0299030857469581
"Wave_1557",-0.029440627066675
"Wave_1558",-0.029178837224311
"Wave_1559",-0.0287646881693124
"Wave_1560",-0.0283962280915227
"Wave_1561",-0.0281659429550071
"Wave_1562",-0.0276883910837263
"Wave_1563",-0.0273876047846187
"Wave_1564",-0.0271572548518844
"Wave_1565",-0.0268176368681421
"Wave_1566",-0.0263717956536262
"Wave_1567",-0.0261069031049282
"Wave_1568",-0.0254355069941662
"Wave_1569",-0.0251054472828715
"Wave_1570",-0.0247889984350844
"Wave_1571",-0.0247247436343918
"Wave_1572",-0.0245603769123093
"Wave_1573",-0.024096584047987
"Wave_1574",-0.0238733301856422
"Wave_1575",-0.0236108542516269
"Wave_1576",-0.0233418943640618
"Wave_1577",-0.0230040521167253
"Wave_1578",-0.0226615716489533
"Wave_1579",-0.0222619618171765
"Wave_1580",-0.0220582552097337
"Wave_1581",-0.0218556132880532
"Wave_1582",-0.0215189764183995
"Wave_1583",-0.0213615794821365
"Wave_1584",-0.0211717255771478
"Wave_1585",-0.0210429936198651
"Wave_1586",-0.0208790185074935
"Wave_1587",-0.0205398751726133
"Wave_1588",-0.0201973975449615
"Wave_1589",-0.0197869900841682
"Wave_1590",-0.0193026154120933
"Wave_1591",-0.0188983582494823
"Wave_1592",-0.018622813646789
"Wave_1593",-0.0183550916903866
"Wave_1594",-0.0179994458705087
"Wave_1595",-0.0176510465714455
"Wave_1596",-0.0173652075169483
"Wave_1597",-0.0173018456660349
"Wave_1598",-0.0170883055242438
"Wave_1599",-0.0167019779414571
"Wave_1600",-0.0164318156916173
"Wave_1601",-0.0163413015481567
"Wave_1602",-0.0158610922596932
"Wave_1603",-0.015569181951816
"Wave_1604",-0.0153561429841424
"Wave_1605",-0.0150403335301678
"Wave_1606",-0.014641842752077
"Wave_1607",-0.014150155104386
"Wave_1608",-0.0133059338230023
"Wave_1609",-0.0130543823978009
"Wave_1610",-0.0130260345229747
"Wave_1611",-0.0132331172855045
"Wave_1612",-0.0135288340198918
"Wave_1613",-0.0131160003207669
"Wave_1614",-0.0127029393477327
"Wave_1615",-0.0123616478804618
"Wave_1616",-0.0121563411794818
"Wave_1617",-0.0119720924519368
"Wave_1618",-0.0117272063097451
"Wave_1619",-0.0114195303748708
"Wave_1620",-0.011104246127902
"Wave_1621",-0.0109944204816701
"Wave_1622",-0.0107941918782265
"Wave_1623",-0.0105331081174546
"Wave_1624",-0.0103576815552928
"Wave_1625",-0.0101174643491089
"Wave_1626",-0.00960486984930831
"Wave_1627",-0.00954036662838343
"Wave_1628",-0.00934569208217153
"Wave_1629",-0.00915420207901934
"Wave_1630",-0.00875656374418789
"Wave_1631",-0.0082445734576091
"Wave_1632",-0.00780886821320326
"Wave_1633",-0.00745189103042152
"Wave_1634",-0.00703424908285447
"Wave_1635",-0.00657365035733986
"Wave_1636",-0.00612718514119262
"Wave_1637",-0.00568891643835708
"Wave_1638",-0.00486700678996456
"Wave_1639",-0.00445535308223439
"Wave_1640",-0.00374975995541229
"Wave_1641",-0.00323714462234492
"Wave_1642",-0.00244350640316253
"Wave_1643",-0.00198244755363208
"Wave_1644",-0.00121395049253652
"Wave_1645",-0.000730931829880762
"Wave_1646",3.05810976450591e-05
"Wave_1647",0.000523978314002324
"Wave_1648",0.00121856230995925
"Wave_1649",0.00194268755382204
"Wave_1650",0.00260972569083574
"Wave_1651",0.00320059273656485
"Wave_1652",0.00363035649336456
"Wave_1653",0.00430728418029153
"Wave_1654",0.00463053811482668
"Wave_1655",0.00488312587127396
"Wave_1656",0.00564080336304643
"Wave_1657",0.00574024699873778
"Wave_1658",0.00586488581663838
"Wave_1659",0.00637024446866894
"Wave_1660",0.0064330724241739
"Wave_1661",0.00662020600846024
"Wave_1662",0.00686384027599949
"Wave_1663",0.00690274107287463
"Wave_1664",0.00667460533680131
"Wave_1665",0.00669948690442777
"Wave_1666",0.00629875217919149
"Wave_1667",0.00614127880955789
"Wave_1668",0.00631634737465992
"Wave_1669",0.00597251830055304
"Wave_1670",0.00590004457477078
"Wave_1671",0.00591481486798811
"Wave_1672",0.00568413487955594
"Wave_1673",0.00564645739996399
"Wave_1674",0.0056414690565662
"Wave_1675",0.00591312787807355
"Wave_1676",0.00654405266670931
"Wave_1677",0.00625668325088014
"Wave_1678",0.00617690678504276
"Wave_1679",0.00616193018142911
"Wave_1680",0.00591300746902676
"Wave_1681",0.0054272442478434
"Wave_1682",0.00553353187102317
"Wave_1683",0.00548524234120525
"Wave_1684",0.00575016855722994
"Wave_1685",0.00599543984003044
"Wave_1686",0.00600166288148921
"Wave_1687",0.00578850659254083
"Wave_1688",0.00578035156569276
"Wave_1689",0.00593266455065019
"Wave_1690",0.00607512228436943
"Wave_1691",0.00620710208664509
"Wave_1692",0.00656470003457698
"Wave_1693",0.00664948994281519
"Wave_1694",0.00664951374388189
"Wave_1695",0.00666301821884609
"Wave_1696",0.00667683759258355
"Wave_1697",0.00700241521666673
"Wave_1698",0.00742481945225655
"Wave_1699",0.00770662063565748
"Wave_1700",0.00808350911775539
"Wave_1701",0.0081612874974559
"Wave_1702",0.00839741392393594
"Wave_1703",0.00876123806385159
"Wave_1704",0.00894552190952306
"Wave_1705",0.00907857092326316
"Wave_1706",0.00974516185707343
"Wave_1707",0.00994368366482973
"Wave_1708",0.00956135045041179
"Wave_1709",0.0101014900805036
"Wave_1710",0.0100483242366982
"Wave_1711",0.0101190945732294
"Wave_1712",0.0103327714089122
"Wave_1713",0.0105704258382455
"Wave_1714",0.0106433858215184
"Wave_1715",0.0109264655303589
"Wave_1716",0.0110460831133586
"Wave_1717",0.0111244574835493
"Wave_1718",0.0112459461798197
"Wave_1719",0.0115720011910304
"Wave_1720",0.0114683292070184
"Wave_1721",0.0117210579993342
"Wave_1722",0.0117904475720595
"Wave_1723",0.0118071579016727
"Wave_1724",0.011692313853674
"Wave_1725",0.0118636410327725
"Wave_1726",0.011647852722758
"Wave_1727",0.0116134168131109
"Wave_1728",0.0117280474992732
"Wave_1729",0.0112998444354533
"Wave_1730",0.0111964970584869
"Wave_1731",0.0107193729374248
"Wave_1732",0.0104952776917616
"Wave_1733",0.0107089324612344
"Wave_1734",0.0106767006726984
"Wave_1735",0.0105111422564078
"Wave_1736",0.010542363424668
"Wave_1737",0.0103187163783709
"Wave_1738",0.010276260330546
"Wave_1739",0.0105142290649301
"Wave_1740",0.0104354054221585
"Wave_1741",0.0104774077339828
"Wave_1742",0.0102574320627973
"Wave_1743",0.0103499168055108
"Wave_1744",0.0101862300387283
"Wave_1745",0.0100656958684977
"Wave_1746",0.00974210483561808
"Wave_1747",0.00969247115284047
"Wave_1748",0.00968472930275524
"Wave_1749",0.00953638457279496
"Wave_1750",0.00930242997798971
"Wave_1751",0.00951935667016118
"Wave_1752",0.00968545367872712
"Wave_1753",0.00966100617255685
"Wave_1754",0.00960305698303062
"Wave_1755",0.00943459724123803
"Wave_1756",0.00874880215690181
"Wave_1757",0.00859386299021971
"Wave_1758",0.00809023563604706
"Wave_1759",0.00771530201480127
"Wave_1760",0.00770716535791917
"Wave_1761",0.00739561913859809
"Wave_1762",0.00673469199082069
"Wave_1763",0.0065474884718824
"Wave_1764",0.00614930004882642
"Wave_1765",0.00572261714080657
"Wave_1766",0.00563884454651551
"Wave_1767",0.00526154039178765
"Wave_1768",0.00495003692484888
"Wave_1769",0.0052135020083595
"Wave_1770",0.00520657027905606
"Wave_1771",0.00511311914904982
"Wave_1772",0.00455941400013485
"Wave_1773",0.0040756715439736
"Wave_1774",0.00370671282245793
"Wave_1775",0.00387506166464356
"Wave_1776",0.00431914455571951
"Wave_1777",0.00488462179088199
"Wave_1778",0.00522543131237173
"Wave_1779",0.00489300450082859
"Wave_1780",0.00444081141926089
"Wave_1781",0.00412894452971208
"Wave_1782",0.00400834404039073
"Wave_1783",0.00407271244479515
"Wave_1784",0.00418717605658738
"Wave_1785",0.00418225505543077
"Wave_1786",0.00392427151799665
"Wave_1787",0.00397809101760923
"Wave_1788",0.00412354962221062
"Wave_1789",0.00390395471936945
"Wave_1790",0.00387315611773041
"Wave_1791",0.00378772409125411
"Wave_1792",0.00388049969912456
"Wave_1793",0.00410757353775651
"Wave_1794",0.00389111592866032
"Wave_1795",0.00398014762860288
"Wave_1796",0.0041006276554644
"Wave_1797",0.00388514515642658
"Wave_1798",0.00389576686783682
"Wave_1799",0.00406206604991839
"Wave_1800",0.00402655975906888
"Wave_1801",0.0043904666720151
"Wave_1802",0.00492761549987219
"Wave_1803",0.00508817375562611
"Wave_1804",0.00488014780694178
"Wave_1805",0.00445650328041855
"Wave_1806",0.00392949944339537
"Wave_1807",0.00433565571892483
"Wave_1808",0.00468051484301014
"Wave_1809",0.00493191157902492
"Wave_1810",0.00521917023411306
"Wave_1811",0.00538645002915539
"Wave_1812",0.00529654786877284
"Wave_1813",0.0053487179433776
"Wave_1814",0.00556224437208603
"Wave_1815",0.00564337858673319
"Wave_1816",0.00564369857424799
"Wave_1817",0.00561888354378892
"Wave_1818",0.00547225075354304
"Wave_1819",0.00619640061184011
"Wave_1820",0.00634639839987347
"Wave_1821",0.00635852556976564
"Wave_1822",0.00637805315894235
"Wave_1823",0.00617702665037158
"Wave_1824",0.00608662272036241
"Wave_1825",0.00610468453898738
"Wave_1826",0.00642892174638292
"Wave_1827",0.0066738970554348
"Wave_1828",0.00684898138892614
"Wave_1829",0.00679883860923619
"Wave_1830",0.00671232302826976
"Wave_1831",0.00648892567602154
"Wave_1832",0.00716043226131156
"Wave_1833",0.00728530434523032
"Wave_1834",0.00737171571696592
"Wave_1835",0.00761751415489158
"Wave_1836",0.00779986643071539
"Wave_1837",0.00785875849258327
"Wave_1838",0.00754287860258605
"Wave_1839",0.00777437401967051
"Wave_1840",0.00812338807742697
"Wave_1841",0.00858042096748183
"Wave_1842",0.00907446623629949
"Wave_1843",0.00947006138875662
"Wave_1844",0.0100508721257525
"Wave_1845",0.00950728200748312
"Wave_1846",0.009692042748947
"Wave_1847",0.00997497091000906
"Wave_1848",0.0102114449107473
"Wave_1849",0.0108208948124305
"Wave_1850",0.0114344740603411
"Wave_1851",0.0116817201703633
"Wave_1852",0.0119565015392804
"Wave_1853",0.0124411459378118
"Wave_1854",0.012790759707623
"Wave_1855",0.0128712429745576
"Wave_1856",0.0129445020094668
"Wave_1857",0.0135541616936608
"Wave_1858",0.0141229847329183
"Wave_1859",0.0148091223197606
"Wave_1860",0.0152828430230939
"Wave_1861",0.0161799300043927
"Wave_1862",0.0166737328744249
"Wave_1863",0.0174391658357763
"Wave_1864",0.0183341789855994
"Wave_1865",0.0195196040467942
"Wave_1866",0.0208272901440726
"Wave_1867",0.0219554173934266
"Wave_1868",0.0233728925971389
"Wave_1869",0.0247297748687245
"Wave_1870",0.026042408453821
"Wave_1871",0.0271748799744838
"Wave_1872",0.0281804586913368
"Wave_1873",0.0289115016723002
"Wave_1874",0.0300850556897477
"Wave_1875",0.0307199958967608
"Wave_1876",0.0320330699890316
"Wave_1877",0.0333297416922826
"Wave_1878",0.0342407219011636
"Wave_1879",0.035307207211444
"Wave_1880",0.0366623036991128
"Wave_1881",0.0377141161765895
"Wave_1882",0.0381799029962682
"Wave_1883",0.0390544650294369
"Wave_1884",0.0400222100691789
"Wave_1885",0.0405818684858343
"Wave_1886",0.0411763953535843
"Wave_1887",0.0420145072992706
"Wave_1888",0.0430416281618458
"Wave_1889",0.0433374266240068
"Wave_1890",0.0436227982652059
"Wave_1891",0.0442313356597431
"Wave_1892",0.0446264380901043
"Wave_1893",0.0447612687755369
"Wave_1894",0.0476642472161228
"Wave_1895",0.0499813249138416
"Wave_1896",0.0512904602167336
"Wave_1897",0.0526015311745674
"Wave_1898",0.0538274990630038
"Wave_1899",0.0543004466737268
"Wave_1900",0.0540874657631935
"Wave_1901",0.0526432003462048
"Wave_1902",0.0511037620625558
"Wave_1903",0.0501017636413896
"Wave_1904",0.0504767870400166
"Wave_1905",0.0501285369753994
"Wave_1906",0.0476024292295826
"Wave_1907",0.0460028664454176
"Wave_1908",0.0439378039087444
"Wave_1909",0.0420279879572418
"Wave_1910",0.0406873498534501
"Wave_1911",0.0387360523149427
"Wave_1912",0.0373364177887026
"Wave_1913",0.0361027149434417
"Wave_1914",0.0345979284056541
"Wave_1915",0.0335322515549735
"Wave_1916",0.0322824370309971
"Wave_1917",0.0309251922276205
"Wave_1918",0.029872055030544
"Wave_1919",0.028773949567119
"Wave_1920",0.0278595533744435
"Wave_1921",0.0271951122956887
"Wave_1922",0.0262602892443738
"Wave_1923",0.0255458735012677
"Wave_1924",0.0249137382347411
"Wave_1925",0.0240416883175592
"Wave_1926",0.0234106720177871
"Wave_1927",0.0225040555292475
"Wave_1928",0.0218060376924394
"Wave_1929",0.0211182017217671
"Wave_1930",0.0203657256888645
"Wave_1931",0.0197281419021522
"Wave_1932",0.0189845411770082
"Wave_1933",0.0183884447738524
"Wave_1934",0.0179056422747382
"Wave_1935",0.0172550288112829
"Wave_1936",0.0168265676270504
"Wave_1937",0.0163418699631347
"Wave_1938",0.0157979945330503
"Wave_1939",0.0154190053905598
"Wave_1940",0.0150927260796778
"Wave_1941",0.0145105936642712
"Wave_1942",0.0142066838951668
"Wave_1943",0.0136905573955435
"Wave_1944",0.0133228355854099
"Wave_1945",0.0130273828962709
"Wave_1946",0.0126213097618139
"Wave_1947",0.012313353889077
"Wave_1948",0.0120454485223157
"Wave_1949",0.0117749382351526
"Wave_1950",0.0115093281241914
"Wave_1951",0.0111997112709345
"Wave_1952",0.0109089984743767
"Wave_1953",0.0106276134905598
"Wave_1954",0.0103024007604021
"Wave_1955",0.0100740746151563
"Wave_1956",0.00984108893209852
"Wave_1957",0.00959401202133279
"Wave_1958",0.00920954656253397
"Wave_1959",0.009013969596107
"Wave_1960",0.00876718333740511
"Wave_1961",0.00848252763481453
"Wave_1962",0.00811585707102984
"Wave_1963",0.00781013538416464
"Wave_1964",0.00753500319749356
"Wave_1965",0.00712769860912525
"Wave_1966",0.00697562003555116
"Wave_1967",0.00674602407100306
"Wave_1968",0.00644643673934402
"Wave_1969",0.00616470543134815
"Wave_1970",0.005822875657018
"Wave_1971",0.00536989362250737
"Wave_1972",0.00500152926702919
"Wave_1973",0.00461553670264355
"Wave_1974",0.00429839400933509
"Wave_1975",0.00402790045947144
"Wave_1976",0.00380140433782464
"Wave_1977",0.00346264399039155
"Wave_1978",0.00307507574419521
"Wave_1979",0.00266022362955984
"Wave_1980",0.00230722743018679
"Wave_1981",0.00204393256248836
"Wave_1982",0.001756780807158
"Wave_1983",0.00136887447592657
"Wave_1984",0.00104372744129596
"Wave_1985",0.000690612120643505
"Wave_1986",0.000274953474186308
"Wave_1987",-0.000128223588290874
"Wave_1988",-0.000575893132032854
"Wave_1989",-0.00106778642029365
"Wave_1990",-0.001447426876838
"Wave_1991",-0.00179576089185709
"Wave_1992",-0.00210216154128743
"Wave_1993",-0.00249277998454179
"Wave_1994",-0.00288939979395947
"Wave_1995",-0.0032027284097432
"Wave_1996",-0.00359358291306284
"Wave_1997",-0.00400699103793563
"Wave_1998",-0.00440999006892225
"Wave_1999",-0.00464246646623606
"Wave_2000",-0.00500031404592519
"Wave_2001",-0.00541531015749886
"Wave_2002",-0.00581595373360864
"Wave_2003",-0.00627430453658435
"Wave_2004",-0.00680595147370655
"Wave_2005",-0.00720627224649923
"Wave_2006",-0.00782506490246359
"Wave_2007",-0.00840054033363775
"Wave_2008",-0.00876246248073385
"Wave_2009",-0.00931366803041407
"Wave_2010",-0.00966404362652053
"Wave_2011",-0.00992751142694998
"Wave_2012",-0.0101899280362893
"Wave_2013",-0.0105381193086164
"Wave_2014",-0.0109490522820805
"Wave_2015",-0.011490662607457
"Wave_2016",-0.0118464095905863
"Wave_2017",-0.0122707442860259
"Wave_2018",-0.0127118499901897
"Wave_2019",-0.0130736057671332
"Wave_2020",-0.0131916811443468
"Wave_2021",-0.0133944068546894
"Wave_2022",-0.0137326106208247
"Wave_2023",-0.0138465541271862
"Wave_2024",-0.0144089354320233
"Wave_2025",-0.0147571103721781
"Wave_2026",-0.0148341795649245
"Wave_2027",-0.0151271446412841
"Wave_2028",-0.0152141088066924
"Wave_2029",-0.0153376083041831
"Wave_2030",-0.0155643434496565
"Wave_2031",-0.0155891952125621
"Wave_2032",-0.0157133575405955
"Wave_2033",-0.0158320487673643
"Wave_2034",-0.015889403324086
"Wave_2035",-0.0158610031520166
"Wave_2036",-0.0157731209770321
"Wave_2037",-0.0157012931920921
"Wave_2038",-0.0154540779836323
"Wave_2039",-0.0153352608737484
"Wave_2040",-0.0153294994158357
"Wave_2041",-0.0155333430560389
"Wave_2042",-0.0154582443846246
"Wave_2043",-0.0152254889328137
"Wave_2044",-0.0151633423436658
"Wave_2045",-0.0152363159437315
"Wave_2046",-0.0152838491090897
"Wave_2047",-0.01533916182045
"Wave_2048",-0.0152820044593365
"Wave_2049",-0.0152541856491605
"Wave_2050",-0.0151786264805871
"Wave_2051",-0.0153082855936409
"Wave_2052",-0.0153278708880527
"Wave_2053",-0.0153837764925556
"Wave_2054",-0.0156817462316934
"Wave_2055",-0.0157746462271113
"Wave_2056",-0.0156547271285341
"Wave_2057",-0.0156291305037307
"Wave_2058",-0.0157636349508118
"Wave_2059",-0.0159647530025168
"Wave_2060",-0.0159687376508632
"Wave_2061",-0.0158418639769366
"Wave_2062",-0.0154505848885463
"Wave_2063",-0.01569758338058
"Wave_2064",-0.0156967197985574
"Wave_2065",-0.0157490848000543
"Wave_2066",-0.0158273665090016
"Wave_2067",-0.0156167490136749
"Wave_2068",-0.0154441651923358
"Wave_2069",-0.0155120301263425
"Wave_2070",-0.0154058966348228
"Wave_2071",-0.0152935982662188
"Wave_2072",-0.0153611922999637
"Wave_2073",-0.0149540975788809
"Wave_2074",-0.0146852153002212
"Wave_2075",-0.0146526632650747
"Wave_2076",-0.0144154527952166
"Wave_2077",-0.0140707125839343
"Wave_2078",-0.0137247339344682
"Wave_2079",-0.0132968156018538
"Wave_2080",-0.0129447491321222
"Wave_2081",-0.0132834286048461
"Wave_2082",-0.0129122712796216
"Wave_2083",-0.0122460868351974
"Wave_2084",-0.0125069744624022
"Wave_2085",-0.012241140555732
"Wave_2086",-0.0115539636476922
"Wave_2087",-0.0112586548788284
"Wave_2088",-0.0110388557738696
"Wave_2089",-0.0104056616856634
"Wave_2090",-0.0107042796283206
"Wave_2091",-0.010339421072168
"Wave_2092",-0.00991147945241635
"Wave_2093",-0.00940011980452957
"Wave_2094",-0.00875529430989341
"Wave_2095",-0.00819069757871201
"Wave_2096",-0.00786231391271025
"Wave_2097",-0.00750622093687391
"Wave_2098",-0.00676845266843732
"Wave_2099",-0.00681604543126907
"Wave_2100",-0.00630188804532599
"Wave_2101",-0.00575436935648551
"Wave_2102",-0.00571906056209545
"Wave_2103",-0.00491700646212705
"Wave_2104",-0.00407160539390766
"Wave_2105",-0.00385640749187299
"Wave_2106",-0.00311709636646939
"Wave_2107",-0.00191827785109697
"Wave_2108",-0.00166086648606138
"Wave_2109",-0.000901667346690105
"Wave_2110",-0.000125846087357597
"Wave_2111",0.000411579510145063
"Wave_2112",0.000473550032806697
"Wave_2113",0.00189097970064867
"Wave_2114",0.00188597114371127
"Wave_2115",0.00233537477288709
"Wave_2116",0.0032916604221018
"Wave_2117",0.00353995098979089
"Wave_2118",0.00414749038709284
"Wave_2119",0.0055625740815488
"Wave_2120",0.00562701459394891
"Wave_2121",0.00617325176929345
"Wave_2122",0.00710184807609405
"Wave_2123",0.00713197910673362
"Wave_2124",0.00765216091276225
"Wave_2125",0.00809464118235984
"Wave_2126",0.00783738302402674
"Wave_2127",0.00806084980457982
"Wave_2128",0.00897148271511575
"Wave_2129",0.00894526102089158
"Wave_2130",0.00915739196953667
"Wave_2131",0.00916683927077219
"Wave_2132",0.00941530852879323
"Wave_2133",0.00969529258038105
"Wave_2134",0.00974923440876878
"Wave_2135",0.0096897444410763
"Wave_2136",0.0103403732911666
"Wave_2137",0.0109299718661367
"Wave_2138",0.0106339980463267
"Wave_2139",0.0109554432432623
"Wave_2140",0.0109686119931955
"Wave_2141",0.0105628728776342
"Wave_2142",0.0104541092133545
"Wave_2143",0.0109054415792104
"Wave_2144",0.0100042768620139
"Wave_2145",0.00997230111889465
"Wave_2146",0.00999668410768066
"Wave_2147",0.00985662531662623
"Wave_2148",0.010026819432172
"Wave_2149",0.0102159597794969
"Wave_2150",0.0101673622047266
"Wave_2151",0.0108839686187739
"Wave_2152",0.010981652758446
"Wave_2153",0.0108059453336697
"Wave_2154",0.0110035130817719
"Wave_2155",0.0111864527008901
"Wave_2156",0.0106640362904315
"Wave_2157",0.0110973755859228
"Wave_2158",0.0107915387105565
"Wave_2159",0.0108099473294324
"Wave_2160",0.0107831511859356
"Wave_2161",0.0106434031956903
"Wave_2162",0.00981204701785248
"Wave_2163",0.0104933592779011
"Wave_2164",0.0106407619240585
"Wave_2165",0.0102302843801567
"Wave_2166",0.0104026040748774
"Wave_2167",0.0108742404503672
"Wave_2168",0.0106526059787068
"Wave_2169",0.0103228786101965
"Wave_2170",0.00995892488404051
"Wave_2171",0.00935667201613549
"Wave_2172",0.00884618049010287
"Wave_2173",0.00889510616118749
"Wave_2174",0.00825849871059943
"Wave_2175",0.00819229570697907
"Wave_2176",0.00782317820590301
"Wave_2177",0.00687668751120795
"Wave_2178",0.00667935792724953
"Wave_2179",0.0055879695511009
"Wave_2180",0.00539663002612629
"Wave_2181",0.00517705722380507
"Wave_2182",0.00474355562150761
"Wave_2183",0.004139861240959
"Wave_2184",0.0038935751150287
"Wave_2185",0.00352441928910318
"Wave_2186",0.00298096963435291
"Wave_2187",0.00331340903752829
"Wave_2188",0.00278376250923527
"Wave_2189",0.00227939216997881
"Wave_2190",0.00227952277845137
"Wave_2191",0.00221947976717258
"Wave_2192",0.00158259961983985
"Wave_2193",0.00130617321535027
"Wave_2194",0.00082507063543625
"Wave_2195",3.38833662870945e-05
"Wave_2196",0.000112820077646122
"Wave_2197",-1.58050064912594e-06
"Wave_2198",-0.0004752907960033
"Wave_2199",6.23927290683594e-05
"Wave_2200",-0.00011385740446891
"Wave_2201",-0.000616027208504642
"Wave_2202",-0.000442915138786864
"Wave_2203",-0.000645429306853906
"Wave_2204",-0.000959145450610445
"Wave_2205",-0.00120700985992034
"Wave_2206",-0.00155069994793674
"Wave_2207",-0.00206868372369277
"Wave_2208",-0.00249837093255152
"Wave_2209",-0.00281237906802086
"Wave_2210",-0.00290143839003535
"Wave_2211",-0.0028367071077724
"Wave_2212",-0.00335878616815851
"Wave_2213",-0.00415081769548404
"Wave_2214",-0.00368323586871868
"Wave_2215",-0.00384965033163692
"Wave_2216",-0.00367656645505678
"Wave_2217",-0.00314501128612536
"Wave_2218",-0.0028917247004246
"Wave_2219",-0.00311541219677614
"Wave_2220",-0.0028663958297773
"Wave_2221",-0.00299602543796658
"Wave_2222",-0.00304901187632747
"Wave_2223",-0.00259249106556006
"Wave_2224",-0.00310294642823017
"Wave_2225",-0.00292701944481813
"Wave_2226",-0.0024396089245532
"Wave_2227",-0.00226154194769997
"Wave_2228",-0.00170704840660105
"Wave_2229",-0.00144918707171467
"Wave_2230",-0.00129377709319418
"Wave_2231",-0.00104092287997971
"Wave_2232",-0.000776940493888932
"Wave_2233",-0.000895576729923527
"Wave_2234",-0.000624957089055818
"Wave_2235",-0.000114189581693884
"Wave_2236",-8.14603601170802e-05
"Wave_2237",0.000235087973431256
"Wave_2238",0.000688091040266948
"Wave_2239",0.000272844214972552
"Wave_2240",0.000858928536933061
"Wave_2241",0.00125863954189829
"Wave_2242",0.00189541743831631
"Wave_2243",0.00152850335052597
"Wave_2244",0.00194974566974172
"Wave_2245",0.00179575419736944
"Wave_2246",0.00180054057998478
"Wave_2247",0.0018996899727961
"Wave_2248",0.00219985966319862
"Wave_2249",0.00218202664554363
"Wave_2250",0.00271514952018501
"Wave_2251",0.00283979196555396
"Wave_2252",0.00330657866295662
"Wave_2253",0.00293522532019079
"Wave_2254",0.00275894557254791
"Wave_2255",0.00334877609192865
"Wave_2256",0.00380414682942767
"Wave_2257",0.00297492802219714
"Wave_2258",0.00300288409060048
"Wave_2259",0.00315016089351572
"Wave_2260",0.0032895510473982
"Wave_2261",0.00401373070435149
"Wave_2262",0.00508958528976256
"Wave_2263",0.00477572380972026
"Wave_2264",0.0047684644570216
"Wave_2265",0.00523781873796602
"Wave_2266",0.00488836130830641
"Wave_2267",0.00487728345069755
"Wave_2268",0.00576576598139865
"Wave_2269",0.00516709341777952
"Wave_2270",0.00573256725474729
"Wave_2271",0.0062139004441242
"Wave_2272",0.00633935838789006
"Wave_2273",0.00717353907016595
"Wave_2274",0.00754187612456888
"Wave_2275",0.00664054790847221
"Wave_2276",0.00807534047751726
"Wave_2277",0.00857410562712982
"Wave_2278",0.00829870603214974
"Wave_2279",0.00817520831419057
"Wave_2280",0.00901088941854351
"Wave_2281",0.00898590800582567
"Wave_2282",0.00939094978917309
"Wave_2283",0.0100464759895388
"Wave_2284",0.0104464740312604
"Wave_2285",0.0108133611023372
"Wave_2286",0.0118293184014894
"Wave_2287",0.0122104329777031
"Wave_2288",0.0134176601385355
"Wave_2289",0.0134182387468849
"Wave_2290",0.0136014329602561
"Wave_2291",0.0149585106573075
"Wave_2292",0.0153609468430007
"Wave_2293",0.0152915900011297
"Wave_2294",0.0169431851644063
"Wave_2295",0.0164635917791656
"Wave_2296",0.0176376180618225
"Wave_2297",0.0181319700931156
"Wave_2298",0.0189582715688595
"Wave_2299",0.0190433471641492
"Wave_2300",0.0202662540723255
"Wave_2301",0.0203980611387194
"Wave_2302",0.0214466430702516
"Wave_2303",0.0211752562098761
"Wave_2304",0.0216458040406352
"Wave_2305",0.0205203614502315
"Wave_2306",0.0217005098140429
"Wave_2307",0.021262433445066
"Wave_2308",0.0214360128713806
"Wave_2309",0.0209783561118379
"Wave_2310",0.0219595773666277
"Wave_2311",0.0207492385067139
"Wave_2312",0.021884149421792
"Wave_2313",0.0207430952678073
"Wave_2314",0.0200704209148342
"Wave_2315",0.0191229541148232
"Wave_2316",0.018811647217118
"Wave_2317",0.0165835391810579
"Wave_2318",0.0191148082148369
"Wave_2319",0.0190635992778803
"Wave_2320",0.0181460424402396
"Wave_2321",0.0184071479144692
"Wave_2322",0.0194359742439423
"Wave_2323",0.0192669431461589
"Wave_2324",0.0195345331488157
"Wave_2325",0.0198879046318324
"Wave_2326",0.0198797489308294
"Wave_2327",0.0204607015683316
"Wave_2328",0.021690584730105
"Wave_2329",0.0204370267879872
"Wave_2330",0.0202980130048438
"Wave_2331",0.0203748318122781
"Wave_2332",0.0202547536081134
"Wave_2333",0.0198905411402771
"Wave_2334",0.0194976744276176
"Wave_2335",0.0180872322981651
"Wave_2336",0.0194187042210782
"Wave_2337",0.0191433637401255
"Wave_2338",0.0201305885430061
"Wave_2339",0.0216389099650681
"Wave_2340",0.0225934216204722
"Wave_2341",0.0214535175653499
"Wave_2342",0.0223970582396548
"Wave_2343",0.0220134674360335
"Wave_2344",0.0223298026181566
"Wave_2345",0.0218558824156349
"Wave_2346",0.0233107241722204
"Wave_2347",0.022974170740173
"Wave_2348",0.0242184337636494
"Wave_2349",0.0237326803372506
"Wave_2350",0.0244256713148971
"Wave_2351",0.0239891280129457
"Wave_2352",0.0243583299869122
"Wave_2353",0.023598050213268
"Wave_2354",0.0250987915488033
"Wave_2355",0.0262292125941992
"Wave_2356",0.0275792790269895
"Wave_2357",0.0283307216428019
"Wave_2358",0.0288854643306698
"Wave_2359",0.0294148345215354
"Wave_2360",0.0313030523787609
"Wave_2361",0.0319341832265773
"Wave_2362",0.0336441832974041
"Wave_2363",0.0353380878215553
"Wave_2364",0.0370352773607003
"Wave_2365",0.0373615892552668
"Wave_2366",0.0386763520201276
"Wave_2367",0.0397186446064684
"Wave_2368",0.0409622725192798
"Wave_2369",0.0418542876846073
"Wave_2370",0.0424392547523656
"Wave_2371",0.0427443131582941
"Wave_2372",0.0432276200674715
"Wave_2373",0.0433896476511144
"Wave_2374",0.0432864422237289
"Wave_2375",0.0430891744439135
"Wave_2376",0.0431228531090319
"Wave_2377",0.0421990503616568
"Wave_2378",0.0421243620340893
"Wave_2379",0.0410907288143908
"Wave_2380",0.039526942391682
"Wave_2381",0.038847387722159
"Wave_2382",0.0377867434031871
"Wave_2383",0.0360048491474945
"Wave_2384",0.0356182231126428
"Wave_2385",0.0347268779674355
"Wave_2386",0.0336213238772603
"Wave_2387",0.0330453134610911
"Wave_2388",0.0319575568830934
"Wave_2389",0.0310834152031204
"Wave_2390",0.0311738266079977
"Wave_2391",0.030325276196224
"Wave_2392",0.0300151360287383
"Wave_2393",0.0300294735730532
"Wave_2394",0.0297417782354477
"Wave_2395",0.0291213877131241
"Wave_2396",0.0289681111847015
"Wave_2397",0.0289713128042921
"Wave_2398",0.0293211756484936
"Wave_2399",0.0301053186398813
"Wave_2400",0.0306260082646816
