"","CN_ratio.16.comps"
"(Intercept)",21.8617332845228
"Wave_500",-0.11156764050469
"Wave_501",-0.111332275960426
"Wave_502",-0.111143809264483
"Wave_503",-0.111799165076522
"Wave_504",-0.108209776260794
"Wave_505",-0.101069475650053
"Wave_506",-0.0979375902521006
"Wave_507",-0.0866934838207583
"Wave_508",-0.0834222910741423
"Wave_509",-0.0795835207668089
"Wave_510",-0.0790505900525292
"Wave_511",-0.0742433429515433
"Wave_512",-0.0660567131471989
"Wave_513",-0.0600590926330768
"Wave_514",-0.0450936023190599
"Wave_515",-0.0330992401336641
"Wave_516",-0.0182936145831481
"Wave_517",-0.00144695185929016
"Wave_518",0.0175206137737091
"Wave_519",0.0328295621275193
"Wave_520",0.0534078305681817
"Wave_521",0.069757566167049
"Wave_522",0.091179265040373
"Wave_523",0.105124393716734
"Wave_524",0.112691039344782
"Wave_525",0.130919704176967
"Wave_526",0.138966072472099
"Wave_527",0.146832700414989
"Wave_528",0.159681774147339
"Wave_529",0.166845981486791
"Wave_530",0.166993703536983
"Wave_531",0.171173955841534
"Wave_532",0.177164371226407
"Wave_533",0.18214572159195
"Wave_534",0.177320419161639
"Wave_535",0.165893518360957
"Wave_536",0.138778190263915
"Wave_537",0.111200049384522
"Wave_538",0.105072719198448
"Wave_539",0.0999012175499373
"Wave_540",0.0943192941881479
"Wave_541",0.0827402769637134
"Wave_542",0.0736908806676556
"Wave_543",0.0663450954057501
"Wave_544",0.0574715651303314
"Wave_545",0.0379796817103408
"Wave_546",0.0166266780911777
"Wave_547",-0.00135228381641888
"Wave_548",-0.0260485636109638
"Wave_549",-0.0309051201526086
"Wave_550",-0.038598167361058
"Wave_551",-0.0414686214827326
"Wave_552",-0.023245267554292
"Wave_553",-0.0080343605634988
"Wave_554",0.00145082561735304
"Wave_555",0.0094893226177003
"Wave_556",-0.000297989618593668
"Wave_557",-0.00463148868711394
"Wave_558",-2.38632217664896e-05
"Wave_559",-0.00486822578940896
"Wave_560",-0.0123200570233535
"Wave_561",-0.0188316032454972
"Wave_562",-0.0297067841888257
"Wave_563",-0.0353798480308339
"Wave_564",-0.0420418711401728
"Wave_565",-0.0571034439488583
"Wave_566",-0.0687715173554414
"Wave_567",-0.0712614500189554
"Wave_568",-0.0762274725129986
"Wave_569",-0.0864817893255088
"Wave_570",-0.0955991905860234
"Wave_571",-0.114504358686193
"Wave_572",-0.130691817178423
"Wave_573",-0.133140848736859
"Wave_574",-0.136521598472195
"Wave_575",-0.137229228516429
"Wave_576",-0.137513583148344
"Wave_577",-0.141200394652467
"Wave_578",-0.147211308024538
"Wave_579",-0.154096112617937
"Wave_580",-0.160705133826407
"Wave_581",-0.160930360948352
"Wave_582",-0.154713329732102
"Wave_583",-0.151493681128353
"Wave_584",-0.148678889261118
"Wave_585",-0.145731227208748
"Wave_586",-0.145609070706832
"Wave_587",-0.144059150860994
"Wave_588",-0.140641374140959
"Wave_589",-0.136198679991437
"Wave_590",-0.125722152227186
"Wave_591",-0.116769199171988
"Wave_592",-0.113095833643015
"Wave_593",-0.109721422982207
"Wave_594",-0.101797812133199
"Wave_595",-0.0900088917896235
"Wave_596",-0.0726936043011106
"Wave_597",-0.0535114797500931
"Wave_598",-0.0405429466716868
"Wave_599",-0.0389424696307187
"Wave_600",-0.0343926053874876
"Wave_601",-0.0302994963896564
"Wave_602",-0.0204583765836818
"Wave_603",-0.00348779535631456
"Wave_604",0.00774770636472044
"Wave_605",0.0122130811922493
"Wave_606",0.0125430376147507
"Wave_607",0.0215927052791876
"Wave_608",0.0293366792344206
"Wave_609",0.0287906832926566
"Wave_610",0.0179249581777119
"Wave_611",0.0189225939187687
"Wave_612",0.0236445608086575
"Wave_613",0.0259459938844961
"Wave_614",0.023386098102706
"Wave_615",0.0216920940457557
"Wave_616",0.0247395358282896
"Wave_617",0.0279543965490522
"Wave_618",0.022579341318712
"Wave_619",0.0224712868454554
"Wave_620",0.0293045381675358
"Wave_621",0.0283954426666041
"Wave_622",0.026424077785028
"Wave_623",0.023649950141175
"Wave_624",0.0228884109654111
"Wave_625",0.0349099159523919
"Wave_626",0.0438739868579585
"Wave_627",0.0460970521956067
"Wave_628",0.0459133949793065
"Wave_629",0.0462955143298147
"Wave_630",0.0479228572339915
"Wave_631",0.0529632128003332
"Wave_632",0.0563672571477696
"Wave_633",0.0544515861987881
"Wave_634",0.052844869446303
"Wave_635",0.0514945734744797
"Wave_636",0.0565567127118259
"Wave_637",0.0664255538389844
"Wave_638",0.0743549088726687
"Wave_639",0.0766993184655099
"Wave_640",0.0863790585914052
"Wave_641",0.0929637287096085
"Wave_642",0.104917054248533
"Wave_643",0.123514554013192
"Wave_644",0.137167035569872
"Wave_645",0.147263260025135
"Wave_646",0.153524481633081
"Wave_647",0.158879334212288
"Wave_648",0.159980293852558
"Wave_649",0.160823477638558
"Wave_650",0.164620101403564
"Wave_651",0.172965000169251
"Wave_652",0.172092847395639
"Wave_653",0.167180196394161
"Wave_654",0.155079861465874
"Wave_655",0.143679687089151
"Wave_656",0.136391814838823
"Wave_657",0.127041218873024
"Wave_658",0.1167246599048
"Wave_659",0.105825175647135
"Wave_660",0.0936444977707837
"Wave_661",0.0792705824991627
"Wave_662",0.0689385935865632
"Wave_663",0.0523502895356755
"Wave_664",0.0445130712285774
"Wave_665",0.0407475277121995
"Wave_666",0.0393344764130071
"Wave_667",0.0474720680145864
"Wave_668",0.0494444480662999
"Wave_669",0.0445048563563584
"Wave_670",0.0369782194074023
"Wave_671",0.0322996487075988
"Wave_672",0.0335328010248219
"Wave_673",0.0334132344141882
"Wave_674",0.0261993188115064
"Wave_675",0.028623040469352
"Wave_676",0.0329242155029184
"Wave_677",0.0362522665060756
"Wave_678",0.0361002865851244
"Wave_679",0.0424023266657376
"Wave_680",0.0408506281448095
"Wave_681",0.0372308961316979
"Wave_682",0.0329435293747676
"Wave_683",0.02972926196375
"Wave_684",0.0244401165397904
"Wave_685",0.0147673368076493
"Wave_686",0.00359014407249556
"Wave_687",-0.013250360339618
"Wave_688",-0.0296664499076199
"Wave_689",-0.0346220853423438
"Wave_690",-0.0442465399190589
"Wave_691",-0.0583674502421071
"Wave_692",-0.0647909421543105
"Wave_693",-0.0605410650189138
"Wave_694",-0.0661269844561121
"Wave_695",-0.0520074005379737
"Wave_696",-0.0387842536566129
"Wave_697",-0.0160356658773461
"Wave_698",-0.0082631850661213
"Wave_699",0.0134726771065165
"Wave_700",0.0447022015501938
"Wave_701",0.0513939459818274
"Wave_702",0.0898128957152614
"Wave_703",0.0977188260779786
"Wave_704",0.0987160263361062
"Wave_705",0.0865975176851295
"Wave_706",0.112768889441243
"Wave_707",0.100455856289092
"Wave_708",0.0799715110988957
"Wave_709",0.0342766980384415
"Wave_710",0.0684089799768459
"Wave_711",0.0881046130980242
"Wave_712",0.0702107452885436
"Wave_713",0.00154381841044048
"Wave_714",0.0223911190651061
"Wave_715",0.031560799085443
"Wave_716",0.0154228358952961
"Wave_717",-0.0278170620910419
"Wave_718",-0.0278649986150799
"Wave_719",-0.00576308585312101
"Wave_720",0.00740729026318889
"Wave_721",-0.0205678981641072
"Wave_722",-0.0473975519312844
"Wave_723",-0.0309006451616817
"Wave_724",-0.0168228995750133
"Wave_725",-0.0145256317049445
"Wave_726",0.000860350980700669
"Wave_727",-0.00472053840844782
"Wave_728",-0.0132558430285317
"Wave_729",-0.00601812734703936
"Wave_730",-0.0236232320527523
"Wave_731",-0.0198829727373978
"Wave_732",-0.00938934875985768
"Wave_733",-0.00956393284614725
"Wave_734",-0.00191055433284607
"Wave_735",0.00279339875487238
"Wave_736",0.00246763948183639
"Wave_737",-0.00746149466591278
"Wave_738",-0.0301953058243978
"Wave_739",-0.0395704753145324
"Wave_740",-0.054694208026049
"Wave_741",-0.0561591912358821
"Wave_742",-0.0560205601520892
"Wave_743",-0.036064391251202
"Wave_744",-0.0444717838916809
"Wave_745",-0.0678446435322945
"Wave_746",-0.0706560121841983
"Wave_747",-0.0793717902836273
"Wave_748",-0.0819121706084786
"Wave_749",-0.0731466020447729
"Wave_750",-0.0585576531339209
"Wave_751",-0.0510485887285767
"Wave_752",-0.0435067932107855
"Wave_753",-0.0318661926622529
"Wave_754",-0.0171143177938195
"Wave_755",-0.0149879138982776
"Wave_756",-0.009105080149816
"Wave_757",0.00306433592201552
"Wave_758",0.00382061869204981
"Wave_759",-0.00950361704374536
"Wave_760",-0.0103174910974809
"Wave_761",0.00115718590268849
"Wave_762",0.00618185226182926
"Wave_763",-0.00384731561013967
"Wave_764",-0.00451501910613412
"Wave_765",-0.00475223702232199
"Wave_766",-0.0122677111755452
"Wave_767",-0.00710587146558022
"Wave_768",0.00280647703875294
"Wave_769",0.0126882071312711
"Wave_770",0.0170842229408124
"Wave_771",0.0201069473460314
"Wave_772",0.0150877622965982
"Wave_773",-0.00335356754660727
"Wave_774",-0.0124160650847076
"Wave_775",0.00269451087868675
"Wave_776",0.0195766912373279
"Wave_777",0.00237722017185453
"Wave_778",-0.00651012244159528
"Wave_779",0.0019716196399836
"Wave_780",0.0119729349135819
"Wave_781",0.0342231410766061
"Wave_782",0.0276001026908579
"Wave_783",0.0273083107528118
"Wave_784",0.015883234473594
"Wave_785",-0.0279597080414189
"Wave_786",-0.0216854859627085
"Wave_787",-0.00841771481530235
"Wave_788",0.00343506372977426
"Wave_789",0.0138503326829209
"Wave_790",0.0291169079075869
"Wave_791",0.00758290615182215
"Wave_792",0.000557979533598639
"Wave_793",0.00996862854441157
"Wave_794",0.0213201882454916
"Wave_795",0.0366484638857559
"Wave_796",0.0532049137589757
"Wave_797",0.0557012481843924
"Wave_798",0.0364118643753209
"Wave_799",0.00435815617620546
"Wave_800",0.0249195937343872
"Wave_801",0.0328305213060373
"Wave_802",0.0340516051515274
"Wave_803",0.0553075603686401
"Wave_804",0.0687112349171058
"Wave_805",0.0566440328165975
"Wave_806",0.042884562007486
"Wave_807",0.036325034171797
"Wave_808",0.024215480037486
"Wave_809",0.063475233624472
"Wave_810",0.0652361823289326
"Wave_811",0.0587193548452113
"Wave_812",0.0517018233453955
"Wave_813",0.0628511973866775
"Wave_814",0.0649898744909936
"Wave_815",0.0549563824481716
"Wave_816",0.0507098363228716
"Wave_817",0.0628946085936381
"Wave_818",0.0722499647085638
"Wave_819",0.0411354408380321
"Wave_820",0.0224214951449969
"Wave_821",0.018498128464033
"Wave_822",0.0184575497120037
"Wave_823",0.0325406075310723
"Wave_824",0.0208565352853587
"Wave_825",0.0308899639434744
"Wave_826",0.0337991934138576
"Wave_827",0.0425687034725832
"Wave_828",0.0518329653642956
"Wave_829",0.0408899844224663
"Wave_830",0.0404624837542002
"Wave_831",0.0404743136156391
"Wave_832",0.0296273833733176
"Wave_833",0.0345147256079714
"Wave_834",0.0465162324726015
"Wave_835",0.0478614245842499
"Wave_836",0.0371495673983753
"Wave_837",0.065737101415941
"Wave_838",0.0867469857421932
"Wave_839",0.0740360143643485
"Wave_840",0.0563637266708913
"Wave_841",0.0112885418513888
"Wave_842",-0.0289156256510812
"Wave_843",0.00156925850051712
"Wave_844",0.0153544255000335
"Wave_845",0.0272929672962641
"Wave_846",0.0284290301005415
"Wave_847",0.00301553478985619
"Wave_848",-0.0312465559276673
"Wave_849",0.0193059606430023
"Wave_850",0.0288075797272804
"Wave_851",0.0418866978166758
"Wave_852",0.029199706588616
"Wave_853",-0.0107816156261758
"Wave_854",0.0267611269167271
"Wave_855",0.0344411591288058
"Wave_856",0.0129584155422519
"Wave_857",0.00825233266022743
"Wave_858",0.00462739198337706
"Wave_859",-0.024094989297757
"Wave_860",-0.0745677688759614
"Wave_861",-0.0585770194012484
"Wave_862",-0.0349390863645544
"Wave_863",-0.0178262559684194
"Wave_864",-0.00753555827976696
"Wave_865",-0.0094127343158562
"Wave_866",-0.0127839061443034
"Wave_867",0.00250104542049402
"Wave_868",0.013878015182588
"Wave_869",0.016333048538635
"Wave_870",0.0279391014040393
"Wave_871",0.0461693099533396
"Wave_872",0.0161535388991382
"Wave_873",0.00862462421021469
"Wave_874",-0.00276958282741652
"Wave_875",-0.040575597722051
"Wave_876",-0.0598199853250261
"Wave_877",-0.0227998835789333
"Wave_878",-0.0114861577260615
"Wave_879",-0.00172091334266804
"Wave_880",0.00670183502593271
"Wave_881",-0.0101710520282774
"Wave_882",-0.00148480696383072
"Wave_883",-0.0171937166749671
"Wave_884",-0.0172468952136286
"Wave_885",-0.0218076593717804
"Wave_886",-0.0146625336422809
"Wave_887",-0.0120657474441572
"Wave_888",-0.00201794893790551
"Wave_889",0.00851484321253461
"Wave_890",0.00431982972345114
"Wave_891",-0.000573077774274477
"Wave_892",-0.00161069984622345
"Wave_893",-0.00957229897169416
"Wave_894",-0.00278892964152379
"Wave_895",0.00319848145462213
"Wave_896",-0.00928046438703182
"Wave_897",-0.0151770450567588
"Wave_898",-0.023881592803421
"Wave_899",-0.0228566789591985
"Wave_900",0.0144698033967658
"Wave_901",0.00799162280684643
"Wave_902",0.00400539149280218
"Wave_903",0.0210569022477938
"Wave_904",0.0270199655064987
"Wave_905",0.000575867222322924
"Wave_906",-0.0205450419096886
"Wave_907",-0.0286344514967308
"Wave_908",-0.0126528308880693
"Wave_909",0.00166152760138657
"Wave_910",0.00971141152572494
"Wave_911",0.00650849219588779
"Wave_912",0.0188646278435126
"Wave_913",-0.0184521702036365
"Wave_914",-0.025812541555801
"Wave_915",0.0155430960773698
"Wave_916",0.0277529997640911
"Wave_917",0.0374441352432631
"Wave_918",0.0452865916078367
"Wave_919",0.0542076272501506
"Wave_920",-0.0065347857728612
"Wave_921",-0.0249467280049476
"Wave_922",-0.0459880375405743
"Wave_923",-0.0758596240671919
"Wave_924",-0.06871629565188
"Wave_925",-0.0318110722538005
"Wave_926",0.0118287884789231
"Wave_927",-0.0185987249831929
"Wave_928",-0.0455465143430369
"Wave_929",-0.0692810830003663
"Wave_930",-0.035425079869082
"Wave_931",0.00041436730107544
"Wave_932",-0.00227004094336448
"Wave_933",-0.0196703373893405
"Wave_934",-0.0241295877194026
"Wave_935",-0.0718133563195355
"Wave_936",-0.0675031538054683
"Wave_937",-0.0515238919722395
"Wave_938",-0.0189242356584613
"Wave_939",-0.0141654182569708
"Wave_940",-0.0444811483688643
"Wave_941",-0.00630284899537985
"Wave_942",-0.0270087148227631
"Wave_943",-0.0331597991788804
"Wave_944",-0.0263603070052927
"Wave_945",-0.0127330696877184
"Wave_946",-0.0160134351840336
"Wave_947",-0.0526389227598281
"Wave_948",-0.0214176230361053
"Wave_949",-0.00842191027739254
"Wave_950",0.0358973642814562
"Wave_951",0.0272117141455013
"Wave_952",-0.0252604709352192
"Wave_953",-0.0487005966499808
"Wave_954",-0.0382408965222818
"Wave_955",-0.00645018898322287
"Wave_956",0.0363930277334277
"Wave_957",0.0258915820622775
"Wave_958",-0.00133831197219275
"Wave_959",-0.0236773264514722
"Wave_960",0.0201774595807841
"Wave_961",0.0487708281375286
"Wave_962",-0.0442448231690937
"Wave_963",0.0144156471196984
"Wave_964",0.0203259230495606
"Wave_965",-0.0170527816988532
"Wave_966",-0.0438003074863684
"Wave_967",0.00358562761665161
"Wave_968",0.0402390414669875
"Wave_969",0.0145774369858246
"Wave_970",-0.0596502895944082
"Wave_971",-0.0412895625833889
"Wave_972",-0.0373425430902803
"Wave_973",-0.0211423035360077
"Wave_974",0.0263263605062895
"Wave_975",0.0543556317297104
"Wave_976",-0.0360297752845991
"Wave_977",-0.118356460137373
"Wave_978",-0.0557134328989301
"Wave_979",-0.0142858819490826
"Wave_980",0.00955777627841432
"Wave_981",0.0299569448991789
"Wave_982",0.0492753164779612
"Wave_983",0.0548146738527631
"Wave_984",0.0403142639717128
"Wave_985",0.0290269899735118
"Wave_986",0.0196967258782628
"Wave_987",0.00525980464912805
"Wave_988",0.00180008545490434
"Wave_989",0.00244358786855784
"Wave_990",0.00377204200172973
"Wave_991",0.0126776319325158
"Wave_992",0.0139460422006778
"Wave_993",0.0178420894112644
"Wave_994",0.0208581859947039
"Wave_995",0.0168649770101571
"Wave_996",0.018361461135001
"Wave_997",0.0212076541049808
"Wave_998",0.0231999516217672
"Wave_999",0.0185366762623311
"Wave_1000",0.0105750877330246
"Wave_1001",0.00293725784116672
"Wave_1002",-0.0035952701102147
"Wave_1003",0.00696640535849728
"Wave_1004",0.0229099561394764
"Wave_1005",0.0383732525187794
"Wave_1006",0.047423748779804
"Wave_1007",0.0447045009485255
"Wave_1008",0.040119936043312
"Wave_1009",0.0345087289320106
"Wave_1010",0.0306769659225539
"Wave_1011",0.027400453593174
"Wave_1012",0.0233729741473505
"Wave_1013",0.0190123660346031
"Wave_1014",0.0122256857566618
"Wave_1015",0.00283459694373969
"Wave_1016",-0.00711148821363422
"Wave_1017",-0.0166998341660984
"Wave_1018",-0.0230350942390853
"Wave_1019",-0.0270771237791141
"Wave_1020",-0.0294526802961336
"Wave_1021",-0.0329540292309335
"Wave_1022",-0.0329097374456677
"Wave_1023",-0.0345698652312404
"Wave_1024",-0.0358307013376887
"Wave_1025",-0.0374484586105608
"Wave_1026",-0.0403135120183309
"Wave_1027",-0.0422015610335728
"Wave_1028",-0.0443123804004778
"Wave_1029",-0.0438777392611055
"Wave_1030",-0.0401956520897131
"Wave_1031",-0.0359782556306354
"Wave_1032",-0.0317428341281434
"Wave_1033",-0.0253462453337493
"Wave_1034",-0.0195854569429858
"Wave_1035",-0.01113995487245
"Wave_1036",-0.00375671898853199
"Wave_1037",-0.00138572467979908
"Wave_1038",-0.00418483677268106
"Wave_1039",-0.00880319719201571
"Wave_1040",-0.0138045588769254
"Wave_1041",-0.0176785966579104
"Wave_1042",-0.0189395234622216
"Wave_1043",-0.0201435076536919
"Wave_1044",-0.0212727842001436
"Wave_1045",-0.0217494092994324
"Wave_1046",-0.0214691895245704
"Wave_1047",-0.021238262320748
"Wave_1048",-0.0210677267627442
"Wave_1049",-0.0193190240066626
"Wave_1050",-0.0196596683170326
"Wave_1051",-0.0196561175616599
"Wave_1052",-0.0183338270045034
"Wave_1053",-0.0229002253682234
"Wave_1054",-0.027366581469719
"Wave_1055",-0.0319781302735261
"Wave_1056",-0.0379848790028296
"Wave_1057",-0.0432880322637331
"Wave_1058",-0.0492767054067561
"Wave_1059",-0.0562801664060659
"Wave_1060",-0.0608253920849566
"Wave_1061",-0.0633590063765547
"Wave_1062",-0.0662577122540015
"Wave_1063",-0.0676277499941027
"Wave_1064",-0.0689227645452332
"Wave_1065",-0.0706399879814869
"Wave_1066",-0.0715605791931409
"Wave_1067",-0.0718378024437863
"Wave_1068",-0.0729491353313476
"Wave_1069",-0.0733918163574176
"Wave_1070",-0.0738563865207685
"Wave_1071",-0.0754928860868552
"Wave_1072",-0.0790956182753436
"Wave_1073",-0.0843969751974256
"Wave_1074",-0.0892799273974945
"Wave_1075",-0.0933047428372895
"Wave_1076",-0.0918829790771732
"Wave_1077",-0.0878969083444996
"Wave_1078",-0.0849969257738367
"Wave_1079",-0.0819932506694969
"Wave_1080",-0.0865061713366454
"Wave_1081",-0.0927865412575205
"Wave_1082",-0.0983405167977185
"Wave_1083",-0.102766720670925
"Wave_1084",-0.104849662560419
"Wave_1085",-0.105985562601408
"Wave_1086",-0.106780181139983
"Wave_1087",-0.10511477526968
"Wave_1088",-0.100751367534668
"Wave_1089",-0.0949501308315796
"Wave_1090",-0.0911545959876393
"Wave_1091",-0.0886947097200606
"Wave_1092",-0.0929877689655155
"Wave_1093",-0.09542144646758
"Wave_1094",-0.0998077052681278
"Wave_1095",-0.0992247508711593
"Wave_1096",-0.0972377716846654
"Wave_1097",-0.0947533704155394
"Wave_1098",-0.091075106514252
"Wave_1099",-0.0833945511690314
"Wave_1100",-0.0771002484517297
"Wave_1101",-0.0709042088006082
"Wave_1102",-0.0676232368841475
"Wave_1103",-0.0638736411230949
"Wave_1104",-0.0628622080368987
"Wave_1105",-0.0585372576818188
"Wave_1106",-0.0558108640078356
"Wave_1107",-0.0547634177631902
"Wave_1108",-0.0539739218920455
"Wave_1109",-0.0529135336133971
"Wave_1110",-0.0569764339341823
"Wave_1111",-0.0558339405626589
"Wave_1112",-0.0553804554923785
"Wave_1113",-0.0549433439991495
"Wave_1114",-0.0528789433839475
"Wave_1115",-0.0489200778213007
"Wave_1116",-0.0475136253367238
"Wave_1117",-0.043318316087813
"Wave_1118",-0.0437502697662507
"Wave_1119",-0.0467356541234742
"Wave_1120",-0.0495929359824978
"Wave_1121",-0.0528507257794318
"Wave_1122",-0.0536807512931991
"Wave_1123",-0.0529572216044112
"Wave_1124",-0.053110153933516
"Wave_1125",-0.0532677118123297
"Wave_1126",-0.0521756762000719
"Wave_1127",-0.0488337603257672
"Wave_1128",-0.0490818041917265
"Wave_1129",-0.0464416807307081
"Wave_1130",-0.0441605064311175
"Wave_1131",-0.0419969371486409
"Wave_1132",-0.0409854726431616
"Wave_1133",-0.0379748491522175
"Wave_1134",-0.0349848173216714
"Wave_1135",-0.0321778284942998
"Wave_1136",-0.0310543810783588
"Wave_1137",-0.0284641277907111
"Wave_1138",-0.0271186582385086
"Wave_1139",-0.0262789155213521
"Wave_1140",-0.02544501858834
"Wave_1141",-0.0196527165798431
"Wave_1142",-0.0140104035294903
"Wave_1143",-0.00519384136874615
"Wave_1144",-0.00196913587989419
"Wave_1145",-0.00340248455980763
"Wave_1146",-0.00559247001581195
"Wave_1147",-0.0052855197313515
"Wave_1148",-0.00787917748569807
"Wave_1149",-0.00862465196249184
"Wave_1150",-0.0101460937068765
"Wave_1151",-0.00900230178391754
"Wave_1152",-0.00358948562131977
"Wave_1153",0.00591850683040249
"Wave_1154",0.01417571150965
"Wave_1155",0.0265859510881859
"Wave_1156",0.0218939613158387
"Wave_1157",0.0141594324601854
"Wave_1158",0.00496376032197781
"Wave_1159",0.00145360172150536
"Wave_1160",0.00259617121347658
"Wave_1161",0.00388528607678053
"Wave_1162",0.0062686046473057
"Wave_1163",0.00741638623811166
"Wave_1164",0.00738953486326597
"Wave_1165",0.00829555705727283
"Wave_1166",0.0108706743873774
"Wave_1167",0.0158178854761805
"Wave_1168",0.0209741122774032
"Wave_1169",0.0250251320591644
"Wave_1170",0.0290446146952473
"Wave_1171",0.0339503775780178
"Wave_1172",0.0395231034615946
"Wave_1173",0.0440713993222089
"Wave_1174",0.0475550700114869
"Wave_1175",0.0477966173808859
"Wave_1176",0.0512833852499556
"Wave_1177",0.05033159893102
"Wave_1178",0.0494096445628683
"Wave_1179",0.0514170531397819
"Wave_1180",0.0530391840971632
"Wave_1181",0.0540936655357865
"Wave_1182",0.0549110241535328
"Wave_1183",0.0553941086647442
"Wave_1184",0.0555558074432669
"Wave_1185",0.0571297394792195
"Wave_1186",0.0570350868118211
"Wave_1187",0.0550309501123473
"Wave_1188",0.0525650232493728
"Wave_1189",0.0496258130629628
"Wave_1190",0.0532903215987463
"Wave_1191",0.0578546910324296
"Wave_1192",0.0657572755043937
"Wave_1193",0.0757212255920974
"Wave_1194",0.0704781875467122
"Wave_1195",0.0636780936236149
"Wave_1196",0.0537762347212036
"Wave_1197",0.0447458905111727
"Wave_1198",0.0411210150300505
"Wave_1199",0.0377051406025597
"Wave_1200",0.0341583227124376
"Wave_1201",0.0328910406716669
"Wave_1202",0.0323675982135064
"Wave_1203",0.0321016064994201
"Wave_1204",0.0316546090987797
"Wave_1205",0.0271784646147156
"Wave_1206",0.021327136400837
"Wave_1207",0.0155851998655498
"Wave_1208",0.0147286105368186
"Wave_1209",0.0129314187102273
"Wave_1210",0.0110149530342346
"Wave_1211",0.00838825613443643
"Wave_1212",0.00553066235623742
"Wave_1213",0.00339512536429455
"Wave_1214",0.00143050355380941
"Wave_1215",-0.0012489845786359
"Wave_1216",-0.000901364289910516
"Wave_1217",0.000326962529074749
"Wave_1218",0.00190394563814574
"Wave_1219",0.00629946105140577
"Wave_1220",0.00732245052118808
"Wave_1221",0.00554199682142291
"Wave_1222",0.00398084062008769
"Wave_1223",2.06932621795962e-05
"Wave_1224",-0.000214675272120299
"Wave_1225",-8.93260969413584e-05
"Wave_1226",-0.000780078914055734
"Wave_1227",-0.000415900779136055
"Wave_1228",3.76444294196837e-05
"Wave_1229",0.00102805673418253
"Wave_1230",0.00201183945106599
"Wave_1231",0.00294519210245852
"Wave_1232",0.00477355680481329
"Wave_1233",0.00657859837404793
"Wave_1234",0.00790171602837713
"Wave_1235",0.0137050424068419
"Wave_1236",0.0212441674800554
"Wave_1237",0.028833827761309
"Wave_1238",0.0351557032826618
"Wave_1239",0.0361105462519463
"Wave_1240",0.0355037032324337
"Wave_1241",0.0350206347710985
"Wave_1242",0.0322579638774736
"Wave_1243",0.0294388422526827
"Wave_1244",0.0271150384629804
"Wave_1245",0.0251179118968252
"Wave_1246",0.0285715455357543
"Wave_1247",0.0332831986046634
"Wave_1248",0.0381012303084737
"Wave_1249",0.0422502190374368
"Wave_1250",0.0438783750094903
"Wave_1251",0.0472162708609581
"Wave_1252",0.0500114846969572
"Wave_1253",0.051874623230051
"Wave_1254",0.0531857419855434
"Wave_1255",0.0547559429241302
"Wave_1256",0.0559025053232984
"Wave_1257",0.0571211076187453
"Wave_1258",0.0593589197521127
"Wave_1259",0.0618821706218048
"Wave_1260",0.0647467919583011
"Wave_1261",0.0680541626874679
"Wave_1262",0.0700301206020134
"Wave_1263",0.0711964539316513
"Wave_1264",0.0707130123263699
"Wave_1265",0.070512377193737
"Wave_1266",0.071218083125119
"Wave_1267",0.0713719276179079
"Wave_1268",0.0732180317303537
"Wave_1269",0.0730288768527392
"Wave_1270",0.0721100491809267
"Wave_1271",0.0719385014986434
"Wave_1272",0.0705800290831744
"Wave_1273",0.0706867527715629
"Wave_1274",0.0712652743951409
"Wave_1275",0.0696899198851233
"Wave_1276",0.0730435360422698
"Wave_1277",0.0716013657940909
"Wave_1278",0.069615443123657
"Wave_1279",0.0693814601114356
"Wave_1280",0.0745279149880166
"Wave_1281",0.0805195155654539
"Wave_1282",0.0870067558333202
"Wave_1283",0.091774939678754
"Wave_1284",0.0862655986248638
"Wave_1285",0.0810119663310688
"Wave_1286",0.0743835545098274
"Wave_1287",0.0709636463738128
"Wave_1288",0.0731603633685572
"Wave_1289",0.0747157163424717
"Wave_1290",0.0783399724918668
"Wave_1291",0.0726851492480217
"Wave_1292",0.0666199964361243
"Wave_1293",0.0598978962370282
"Wave_1294",0.050995280898513
"Wave_1295",0.0503305349133539
"Wave_1296",0.0547104403075378
"Wave_1297",0.0585322329919313
"Wave_1298",0.0603784680169094
"Wave_1299",0.0608946274540204
"Wave_1300",0.0597200186516304
"Wave_1301",0.0578108175787847
"Wave_1302",0.0572901648288451
"Wave_1303",0.0634143672383965
"Wave_1304",0.0692810077438161
"Wave_1305",0.0743933048103632
"Wave_1306",0.0771303706217338
"Wave_1307",0.0761999503934132
"Wave_1308",0.0769360152141713
"Wave_1309",0.0720226611658235
"Wave_1310",0.0751363389833201
"Wave_1311",0.0807787046198116
"Wave_1312",0.0869185393344042
"Wave_1313",0.0925082736102325
"Wave_1314",0.0927420738798086
"Wave_1315",0.0913263895080775
"Wave_1316",0.089755700419713
"Wave_1317",0.0842278330988384
"Wave_1318",0.0844619600078615
"Wave_1319",0.0830769577514402
"Wave_1320",0.0807119071727226
"Wave_1321",0.0825025590302025
"Wave_1322",0.0843540229984651
"Wave_1323",0.0882616387734238
"Wave_1324",0.0863596180087589
"Wave_1325",0.0843415798742098
"Wave_1326",0.0853341997092674
"Wave_1327",0.0838420537414352
"Wave_1328",0.0843113608075214
"Wave_1329",0.0832096432842255
"Wave_1330",0.0840517723439725
"Wave_1331",0.0831482444650082
"Wave_1332",0.0826727716832746
"Wave_1333",0.0854549364483806
"Wave_1334",0.0872917496660468
"Wave_1335",0.0898743780554464
"Wave_1336",0.0859727625140027
"Wave_1337",0.0795388861847133
"Wave_1338",0.0724008440685097
"Wave_1339",0.0692741352585114
"Wave_1340",0.0677595168646549
"Wave_1341",0.0646945545776414
"Wave_1342",0.0624734803945337
"Wave_1343",0.0576220666290535
"Wave_1344",0.053712205162359
"Wave_1345",0.0500388909074254
"Wave_1346",0.0462306109075924
"Wave_1347",0.0452359967746593
"Wave_1348",0.0407861794739122
"Wave_1349",0.0376075198011544
"Wave_1350",0.0313737530907519
"Wave_1351",0.0250743996818103
"Wave_1352",0.0228530074142769
"Wave_1353",0.0191984195813287
"Wave_1354",0.017282838970585
"Wave_1355",0.00926790220040941
"Wave_1356",0.000306433643116517
"Wave_1357",-0.00927312197097974
"Wave_1358",-0.0212929840595613
"Wave_1359",-0.0259491527981689
"Wave_1360",-0.0304514718272886
"Wave_1361",-0.0400202733585749
"Wave_1362",-0.0458503608961048
"Wave_1363",-0.0477589778471976
"Wave_1364",-0.0489625448505678
"Wave_1365",-0.0566831785428305
"Wave_1366",-0.0575126885108452
"Wave_1367",-0.0570486838028633
"Wave_1368",-0.0584033873504521
"Wave_1369",-0.0673669735105843
"Wave_1370",-0.0610248189200031
"Wave_1371",-0.0530688951168813
"Wave_1372",-0.0524645437894929
"Wave_1373",-0.0556892475808848
"Wave_1374",-0.04726430417398
"Wave_1375",-0.0382341920967289
"Wave_1376",-0.0488669843347657
"Wave_1377",-0.0469715878318087
"Wave_1378",-0.0397502122100272
"Wave_1379",-0.0336676731706437
"Wave_1380",-0.0493055250037149
"Wave_1381",-0.0466419218518072
"Wave_1382",-0.0422828506806426
"Wave_1383",-0.0410722889052908
"Wave_1384",-0.0527643376142943
"Wave_1385",-0.0543063329561369
"Wave_1386",-0.0552042027764371
"Wave_1387",-0.0607488856860635
"Wave_1388",-0.0652825060203127
"Wave_1389",-0.0673063622074829
"Wave_1390",-0.069900777652597
"Wave_1391",-0.0746823183728774
"Wave_1392",-0.0744253237127435
"Wave_1393",-0.0729106376136245
"Wave_1394",-0.0709818071553002
"Wave_1395",-0.0652430461079209
"Wave_1396",-0.0705130274782432
"Wave_1397",-0.0765139451577414
"Wave_1398",-0.0762390906698565
"Wave_1399",-0.0784463118654152
"Wave_1400",-0.0916042225215332
"Wave_1401",-0.104330342809962
"Wave_1402",-0.0999445270973048
"Wave_1403",-0.105838134310493
"Wave_1404",-0.114127617425964
"Wave_1405",-0.122517433804921
"Wave_1406",-0.114143941008398
"Wave_1407",-0.123364578651641
"Wave_1408",-0.133443140651115
"Wave_1409",-0.139244686089906
"Wave_1410",-0.13600802852614
"Wave_1411",-0.144425355860692
"Wave_1412",-0.152426474167487
"Wave_1413",-0.150757003822484
"Wave_1414",-0.150557711562109
"Wave_1415",-0.157940823366553
"Wave_1416",-0.164657943777036
"Wave_1417",-0.162081720703396
"Wave_1418",-0.163591498757862
"Wave_1419",-0.165366379301867
"Wave_1420",-0.165613046419141
"Wave_1421",-0.157771147701707
"Wave_1422",-0.157680398050109
"Wave_1423",-0.158144378297388
"Wave_1424",-0.153817256320546
"Wave_1425",-0.148514051714143
"Wave_1426",-0.148299346318915
"Wave_1427",-0.148161006974182
"Wave_1428",-0.144455099680464
"Wave_1429",-0.143554498176992
"Wave_1430",-0.142220648403079
"Wave_1431",-0.140845667390286
"Wave_1432",-0.130471846110348
"Wave_1433",-0.123661861260268
"Wave_1434",-0.117267673505368
"Wave_1435",-0.109740213040085
"Wave_1436",-0.101828190461716
"Wave_1437",-0.0960821772351698
"Wave_1438",-0.0908284920087397
"Wave_1439",-0.0824514391298354
"Wave_1440",-0.076362915458708
"Wave_1441",-0.0711812007357889
"Wave_1442",-0.0660714808392233
"Wave_1443",-0.058511342361775
"Wave_1444",-0.0526504411335225
"Wave_1445",-0.0469668362376555
"Wave_1446",-0.0405899641895551
"Wave_1447",-0.0328293299917976
"Wave_1448",-0.027477303341959
"Wave_1449",-0.0219241044812478
"Wave_1450",-0.0151501456178063
"Wave_1451",-0.00856043169904158
"Wave_1452",-0.00310992682849997
"Wave_1453",0.00194313187331814
"Wave_1454",0.00966045488541861
"Wave_1455",0.0139367256495897
"Wave_1456",0.0177480572041911
"Wave_1457",0.0219516339365287
"Wave_1458",0.0293452221606189
"Wave_1459",0.0313749884323025
"Wave_1460",0.0336456041957361
"Wave_1461",0.0380009839032046
"Wave_1462",0.0412796431824446
"Wave_1463",0.0423448152925974
"Wave_1464",0.0432428282571851
"Wave_1465",0.04895160016806
"Wave_1466",0.0508457283329736
"Wave_1467",0.0526864238391909
"Wave_1468",0.054636050463854
"Wave_1469",0.0597610085149612
"Wave_1470",0.0603841622818308
"Wave_1471",0.0605046648267979
"Wave_1472",0.0624482127333236
"Wave_1473",0.069495338848932
"Wave_1474",0.0759383354064147
"Wave_1475",0.0823019414968354
"Wave_1476",0.0901857765006643
"Wave_1477",0.0930981949591669
"Wave_1478",0.0957383329692458
"Wave_1479",0.0979499371808892
"Wave_1480",0.101000320826163
"Wave_1481",0.102393316849097
"Wave_1482",0.10378119695578
"Wave_1483",0.106009113467029
"Wave_1484",0.109799465450249
"Wave_1485",0.112599817192867
"Wave_1486",0.114750733485355
"Wave_1487",0.118588075982805
"Wave_1488",0.118704402902307
"Wave_1489",0.118546773958331
"Wave_1490",0.11885508931894
"Wave_1491",0.122104972375883
"Wave_1492",0.124526116489498
"Wave_1493",0.126564328550874
"Wave_1494",0.128722589942763
"Wave_1495",0.130470510556376
"Wave_1496",0.132908239835107
"Wave_1497",0.13586955244928
"Wave_1498",0.136580586025929
"Wave_1499",0.137099654441776
"Wave_1500",0.137835232752491
"Wave_1501",0.139540353342438
"Wave_1502",0.142295442552105
"Wave_1503",0.139061422712404
"Wave_1504",0.134142808341033
"Wave_1505",0.128605540038534
"Wave_1506",0.126048211084698
"Wave_1507",0.126486216682205
"Wave_1508",0.127240273029898
"Wave_1509",0.126613502039568
"Wave_1510",0.128232299415789
"Wave_1511",0.130116008161231
"Wave_1512",0.131939775990714
"Wave_1513",0.133046888726455
"Wave_1514",0.12886037994038
"Wave_1515",0.124095464490395
"Wave_1516",0.119001568835593
"Wave_1517",0.115628829865603
"Wave_1518",0.118265251780608
"Wave_1519",0.11937076790622
"Wave_1520",0.120625770776366
"Wave_1521",0.117105376500989
"Wave_1522",0.112009262471964
"Wave_1523",0.107010304365454
"Wave_1524",0.100614619087265
"Wave_1525",0.0937465214681226
"Wave_1526",0.0861845226650124
"Wave_1527",0.0792520897709616
"Wave_1528",0.0754012636505684
"Wave_1529",0.0744590091152994
"Wave_1530",0.0738565224576701
"Wave_1531",0.0704316345595417
"Wave_1532",0.0613292419066977
"Wave_1533",0.0523664947919255
"Wave_1534",0.0425907615991574
"Wave_1535",0.0343654570506974
"Wave_1536",0.0310179693407397
"Wave_1537",0.0272448033914902
"Wave_1538",0.0235838703309819
"Wave_1539",0.0169773257739541
"Wave_1540",0.0100590420918718
"Wave_1541",0.00266576166479698
"Wave_1542",-0.00429369898195328
"Wave_1543",-0.00919365946760931
"Wave_1544",-0.0138825901081007
"Wave_1545",-0.0174901815479341
"Wave_1546",-0.0197744264077581
"Wave_1547",-0.0231966754538972
"Wave_1548",-0.0263067043890371
"Wave_1549",-0.0305569217813401
"Wave_1550",-0.0385104221162167
"Wave_1551",-0.0436218076389247
"Wave_1552",-0.0504626666972909
"Wave_1553",-0.0583605415843811
"Wave_1554",-0.0618960904983996
"Wave_1555",-0.0648136825741705
"Wave_1556",-0.0675037860422584
"Wave_1557",-0.0694665227655755
"Wave_1558",-0.0743212853872569
"Wave_1559",-0.0787102061085451
"Wave_1560",-0.083769555193605
"Wave_1561",-0.0894027607296269
"Wave_1562",-0.0923050841742254
"Wave_1563",-0.0957318447361107
"Wave_1564",-0.102215328194631
"Wave_1565",-0.107784463901232
"Wave_1566",-0.112393609208601
"Wave_1567",-0.118120374708219
"Wave_1568",-0.117664167389304
"Wave_1569",-0.122236106498811
"Wave_1570",-0.127794975464512
"Wave_1571",-0.134394178592714
"Wave_1572",-0.140946542112724
"Wave_1573",-0.142988712458698
"Wave_1574",-0.145943941566284
"Wave_1575",-0.150088338561363
"Wave_1576",-0.153602878308946
"Wave_1577",-0.156930951706695
"Wave_1578",-0.160384336948689
"Wave_1579",-0.162536400904965
"Wave_1580",-0.165934571652264
"Wave_1581",-0.16889718346469
"Wave_1582",-0.172687472059984
"Wave_1583",-0.176309739998103
"Wave_1584",-0.178838613026054
"Wave_1585",-0.181704396125855
"Wave_1586",-0.184058344311932
"Wave_1587",-0.183435358850141
"Wave_1588",-0.182271233433953
"Wave_1589",-0.18063308670112
"Wave_1590",-0.177100945768019
"Wave_1591",-0.173844773018079
"Wave_1592",-0.171134641552884
"Wave_1593",-0.168235324322785
"Wave_1594",-0.166327117979037
"Wave_1595",-0.165056535122453
"Wave_1596",-0.164175370785105
"Wave_1597",-0.164822311939015
"Wave_1598",-0.162294357021345
"Wave_1599",-0.157726356265176
"Wave_1600",-0.155275349385671
"Wave_1601",-0.152382969420982
"Wave_1602",-0.147097451753016
"Wave_1603",-0.142942897964725
"Wave_1604",-0.138506535490471
"Wave_1605",-0.132204019577891
"Wave_1606",-0.125188222152609
"Wave_1607",-0.116860364481815
"Wave_1608",-0.106711260204862
"Wave_1609",-0.10617328191328
"Wave_1610",-0.109190549425494
"Wave_1611",-0.114307384883369
"Wave_1612",-0.114680411629416
"Wave_1613",-0.106071127837113
"Wave_1614",-0.0974602180465221
"Wave_1615",-0.088897033966424
"Wave_1616",-0.0817163074787452
"Wave_1617",-0.0742164125843584
"Wave_1618",-0.0670102745489347
"Wave_1619",-0.0606818686228126
"Wave_1620",-0.0563243786199088
"Wave_1621",-0.0530705409453212
"Wave_1622",-0.0490669596535121
"Wave_1623",-0.0454043829574008
"Wave_1624",-0.0446425077680666
"Wave_1625",-0.0429897198220349
"Wave_1626",-0.0457093457246256
"Wave_1627",-0.0508018480836574
"Wave_1628",-0.0531176965615189
"Wave_1629",-0.0536571316938367
"Wave_1630",-0.0497979467588682
"Wave_1631",-0.0453064354234441
"Wave_1632",-0.0415486302496115
"Wave_1633",-0.0369973953093559
"Wave_1634",-0.0311308814355273
"Wave_1635",-0.0242806753938151
"Wave_1636",-0.0190033445920179
"Wave_1637",-0.0173912783369135
"Wave_1638",-0.0158456913384223
"Wave_1639",-0.015975562076915
"Wave_1640",-0.015277761671856
"Wave_1641",-0.0139733535869874
"Wave_1642",-0.0133298799234055
"Wave_1643",-0.0131072617223773
"Wave_1644",-0.013387636472291
"Wave_1645",-0.0144055391239138
"Wave_1646",-0.0148516083810976
"Wave_1647",-0.0162192871826822
"Wave_1648",-0.0154445456198446
"Wave_1649",-0.0125035931535063
"Wave_1650",-0.00986641994811244
"Wave_1651",-0.00852251838871806
"Wave_1652",-0.0103970739179764
"Wave_1653",-0.0112230586018138
"Wave_1654",-0.0140802666865485
"Wave_1655",-0.0203109296571611
"Wave_1656",-0.0263798560211638
"Wave_1657",-0.0343992920002777
"Wave_1658",-0.0423725611879307
"Wave_1659",-0.0437210779492154
"Wave_1660",-0.0467255956425745
"Wave_1661",-0.0488759228328115
"Wave_1662",-0.0518379998722555
"Wave_1663",-0.0578257917493013
"Wave_1664",-0.0651951151561923
"Wave_1665",-0.0716125127497931
"Wave_1666",-0.0716713136020523
"Wave_1667",-0.0660797306352562
"Wave_1668",-0.0580603122502955
"Wave_1669",-0.0573289456470829
"Wave_1670",-0.0589711320918968
"Wave_1671",-0.0585860308597841
"Wave_1672",-0.0591575435302291
"Wave_1673",-0.0559000093744187
"Wave_1674",-0.0540067069063583
"Wave_1675",-0.0538027406856059
"Wave_1676",-0.0511873974988188
"Wave_1677",-0.0479872436325962
"Wave_1678",-0.0403746917909819
"Wave_1679",-0.0328687564802912
"Wave_1680",-0.0284138517607848
"Wave_1681",-0.0291965665571191
"Wave_1682",-0.0244365234710068
"Wave_1683",-0.0205872710816559
"Wave_1684",-0.0146481873448253
"Wave_1685",-0.00999942388435118
"Wave_1686",-0.00689497982498474
"Wave_1687",-0.00417703801545793
"Wave_1688",-0.000913245975839014
"Wave_1689",0.0042296075944592
"Wave_1690",0.00971852630001083
"Wave_1691",0.014380572857637
"Wave_1692",0.0208537082355476
"Wave_1693",0.0240809967368155
"Wave_1694",0.0285056001146553
"Wave_1695",0.0331353675218432
"Wave_1696",0.0381034522907815
"Wave_1697",0.0455338511666135
"Wave_1698",0.051636041380104
"Wave_1699",0.0580948007230656
"Wave_1700",0.0637486278553958
"Wave_1701",0.067432173962508
"Wave_1702",0.0735777052094707
"Wave_1703",0.0800493040780129
"Wave_1704",0.0859767560133984
"Wave_1705",0.090729254048359
"Wave_1706",0.0893009075174138
"Wave_1707",0.0832948220431556
"Wave_1708",0.0738858550778892
"Wave_1709",0.0708421228012238
"Wave_1710",0.0685002421190893
"Wave_1711",0.0673937698526661
"Wave_1712",0.0683050252868059
"Wave_1713",0.0682322295616659
"Wave_1714",0.067115594356354
"Wave_1715",0.0667808337850065
"Wave_1716",0.066165160605345
"Wave_1717",0.0664838950350377
"Wave_1718",0.0671973015550491
"Wave_1719",0.0667130177087893
"Wave_1720",0.0667688255608431
"Wave_1721",0.0685211208021342
"Wave_1722",0.0695537539558221
"Wave_1723",0.0699418266013286
"Wave_1724",0.0687903638095009
"Wave_1725",0.0676446583296764
"Wave_1726",0.0651116529148678
"Wave_1727",0.0607639415202658
"Wave_1728",0.0549986142759278
"Wave_1729",0.0457936566622141
"Wave_1730",0.036466900272064
"Wave_1731",0.0328058451581998
"Wave_1732",0.0312763754112474
"Wave_1733",0.0322857267167455
"Wave_1734",0.0304570496631371
"Wave_1735",0.0252235040115615
"Wave_1736",0.0220898354665188
"Wave_1737",0.0170817703594341
"Wave_1738",0.0153164668260574
"Wave_1739",0.0163783112974005
"Wave_1740",0.0160813845367418
"Wave_1741",0.0156193678361899
"Wave_1742",0.0144501827222542
"Wave_1743",0.0136770345184373
"Wave_1744",0.011358500734488
"Wave_1745",0.00873478801653641
"Wave_1746",0.00515937506470579
"Wave_1747",0.00453450126512032
"Wave_1748",0.00499779385556062
"Wave_1749",0.00925240076689372
"Wave_1750",0.0120914004942073
"Wave_1751",0.0181436936691097
"Wave_1752",0.020655242354229
"Wave_1753",0.0251444117565325
"Wave_1754",0.0282672285211933
"Wave_1755",0.0282072018834787
"Wave_1756",0.0245598863437581
"Wave_1757",0.0227560120724965
"Wave_1758",0.0198812831219432
"Wave_1759",0.0191299465230445
"Wave_1760",0.0223898311402157
"Wave_1761",0.0223473140540071
"Wave_1762",0.0202821765349265
"Wave_1763",0.0182891228295706
"Wave_1764",0.0166282097166986
"Wave_1765",0.015708753002584
"Wave_1766",0.0185629919296085
"Wave_1767",0.0201917559330994
"Wave_1768",0.0212485000984204
"Wave_1769",0.0271441981483809
"Wave_1770",0.0259762709023976
"Wave_1771",0.0280002498299664
"Wave_1772",0.0272445355138085
"Wave_1773",0.0262406972135356
"Wave_1774",0.0248255650344963
"Wave_1775",0.0268292520216793
"Wave_1776",0.0359937680340583
"Wave_1777",0.0367833770482614
"Wave_1778",0.0390389289089257
"Wave_1779",0.0330630653847361
"Wave_1780",0.0256710092941505
"Wave_1781",0.0161029123521472
"Wave_1782",0.00760227350500957
"Wave_1783",0.00333619239837709
"Wave_1784",0.000619324570363462
"Wave_1785",-0.00162258510890455
"Wave_1786",-0.00358832602924103
"Wave_1787",-0.00453703067139873
"Wave_1788",-0.00685242703273945
"Wave_1789",-0.00998558858922138
"Wave_1790",-0.009243653543199
"Wave_1791",-0.00991786321613212
"Wave_1792",-0.00853520707184273
"Wave_1793",-0.00504925464577552
"Wave_1794",-0.00242233112972266
"Wave_1795",-0.00246682667044482
"Wave_1796",-0.00128006704168056
"Wave_1797",-0.00224134086107755
"Wave_1798",-0.00126575583924654
"Wave_1799",0.00146249957742906
"Wave_1800",0.00461249506142395
"Wave_1801",0.0129497640865599
"Wave_1802",0.0198079807904362
"Wave_1803",0.0268516604723472
"Wave_1804",0.0269616876971433
"Wave_1805",0.0229431301887789
"Wave_1806",0.0163614520138193
"Wave_1807",0.011154115117474
"Wave_1808",0.0112040024477817
"Wave_1809",0.00759194503318756
"Wave_1810",0.00628580891108393
"Wave_1811",0.00063263043532527
"Wave_1812",-0.00388583256290594
"Wave_1813",-0.00497292781240918
"Wave_1814",-0.00482856173766553
"Wave_1815",-0.00652053882768403
"Wave_1816",-0.0037888817375095
"Wave_1817",-0.00317874772580817
"Wave_1818",-0.00461123812871682
"Wave_1819",-0.00329327869715823
"Wave_1820",-0.00304306585177444
"Wave_1821",0.000115125285499906
"Wave_1822",0.000387714624779909
"Wave_1823",0.00056471173016755
"Wave_1824",-0.00154514426349366
"Wave_1825",-0.00324017871578739
"Wave_1826",-0.00171955171269357
"Wave_1827",0.000491349935576561
"Wave_1828",0.00181206005456413
"Wave_1829",-0.00401127608083287
"Wave_1830",-0.00176892767195666
"Wave_1831",0.00230310658241362
"Wave_1832",0.00711056058348936
"Wave_1833",0.00693414888173711
"Wave_1834",0.00662280018394786
"Wave_1835",0.00561703414645905
"Wave_1836",0.000895928007272449
"Wave_1837",0.00744845084542344
"Wave_1838",0.0158651249438897
"Wave_1839",0.0219002515443155
"Wave_1840",0.0262772581245304
"Wave_1841",0.0344574722465001
"Wave_1842",0.0367409201719413
"Wave_1843",0.0253203328537301
"Wave_1844",0.0279068101184551
"Wave_1845",0.0297669396988167
"Wave_1846",0.0314070432753139
"Wave_1847",0.0324155335993148
"Wave_1848",0.04176768422495
"Wave_1849",0.0499746488843833
"Wave_1850",0.0455749753864593
"Wave_1851",0.050994895811512
"Wave_1852",0.0650649360637357
"Wave_1853",0.0637760119974243
"Wave_1854",0.0530625995765007
"Wave_1855",0.0692995452135956
"Wave_1856",0.0761027959914956
"Wave_1857",0.0723374153307671
"Wave_1858",0.0768418262351102
"Wave_1859",0.0880374198042128
"Wave_1860",0.0844732455438333
"Wave_1861",0.0770479398411664
"Wave_1862",0.0936118717253015
"Wave_1863",0.101553407360126
"Wave_1864",0.0868076494771283
"Wave_1865",0.0910646401142133
"Wave_1866",0.108786495940176
"Wave_1867",0.0998871262565932
"Wave_1868",0.0863431193422079
"Wave_1869",0.0987085347591306
"Wave_1870",0.102864811372674
"Wave_1871",0.0921928247178911
"Wave_1872",0.0944682680816636
"Wave_1873",0.104572321181018
"Wave_1874",0.100317883192104
"Wave_1875",0.092605358388176
"Wave_1876",0.0933837665498706
"Wave_1877",0.0935617632703518
"Wave_1878",0.102623719074973
"Wave_1879",0.106917419133408
"Wave_1880",0.106533589034009
"Wave_1881",0.103212953980253
"Wave_1882",0.0976405046380904
"Wave_1883",0.0785526867877948
"Wave_1884",0.0631248018101076
"Wave_1885",0.0671300015351782
"Wave_1886",0.0563166654914313
"Wave_1887",0.0344381815462996
"Wave_1888",0.0389984924226139
"Wave_1889",0.0450521850275611
"Wave_1890",0.0699863892595227
"Wave_1891",0.0907626726071483
"Wave_1892",0.125664864524621
"Wave_1893",0.114431207098662
"Wave_1894",0.100549932868303
"Wave_1895",0.0857031378348203
"Wave_1896",0.0597265270329986
"Wave_1897",0.06942038620305
"Wave_1898",0.0878077227605843
"Wave_1899",0.0491823550367301
"Wave_1900",0.036194968131671
"Wave_1901",0.0194200580465016
"Wave_1902",0.0477129368922482
"Wave_1903",0.0806301364399355
"Wave_1904",0.0951973985580016
"Wave_1905",0.107454524116988
"Wave_1906",0.0916460167655042
"Wave_1907",0.0839260847475762
"Wave_1908",0.0818653098330061
"Wave_1909",0.0740315440629074
"Wave_1910",0.0652570087022604
"Wave_1911",0.0450320205039605
"Wave_1912",0.0222378182002051
"Wave_1913",0.011778567531975
"Wave_1914",-0.00846111301091684
"Wave_1915",-0.0208938119792789
"Wave_1916",-0.0322071814952476
"Wave_1917",-0.0468581899395158
"Wave_1918",-0.054146982067612
"Wave_1919",-0.0625996866077614
"Wave_1920",-0.0721559155657483
"Wave_1921",-0.0743996555640033
"Wave_1922",-0.0812389167227577
"Wave_1923",-0.086921353012379
"Wave_1924",-0.0891115238770512
"Wave_1925",-0.0962941543469052
"Wave_1926",-0.0999515487182562
"Wave_1927",-0.106530245523616
"Wave_1928",-0.113338333794132
"Wave_1929",-0.117657829682454
"Wave_1930",-0.122799347632171
"Wave_1931",-0.127481835716669
"Wave_1932",-0.130418532898849
"Wave_1933",-0.134140705131923
"Wave_1934",-0.135350935892908
"Wave_1935",-0.1369818766707
"Wave_1936",-0.139517802300252
"Wave_1937",-0.140167097532466
"Wave_1938",-0.141971287410627
"Wave_1939",-0.14428538846618
"Wave_1940",-0.14621666381983
"Wave_1941",-0.149654878188244
"Wave_1942",-0.152260264993728
"Wave_1943",-0.156174863942217
"Wave_1944",-0.15688596598045
"Wave_1945",-0.155781259790929
"Wave_1946",-0.154582419740401
"Wave_1947",-0.153643001274323
"Wave_1948",-0.150594976929167
"Wave_1949",-0.149794304643589
"Wave_1950",-0.152244526186583
"Wave_1951",-0.152732508401343
"Wave_1952",-0.154075127975931
"Wave_1953",-0.154053645332669
"Wave_1954",-0.153895390193578
"Wave_1955",-0.15179987344148
"Wave_1956",-0.149451049609394
"Wave_1957",-0.146913026121287
"Wave_1958",-0.144692427268248
"Wave_1959",-0.13977258615914
"Wave_1960",-0.134724455176178
"Wave_1961",-0.130123405752993
"Wave_1962",-0.128129926063034
"Wave_1963",-0.12467419424645
"Wave_1964",-0.121066989448169
"Wave_1965",-0.119488424776752
"Wave_1966",-0.118553424230061
"Wave_1967",-0.117977204990518
"Wave_1968",-0.117118707920416
"Wave_1969",-0.115113559192527
"Wave_1970",-0.110698803842556
"Wave_1971",-0.107566266395963
"Wave_1972",-0.103677641078675
"Wave_1973",-0.100040096956233
"Wave_1974",-0.0976068104757645
"Wave_1975",-0.0945056079929493
"Wave_1976",-0.089572898403495
"Wave_1977",-0.0845872027108944
"Wave_1978",-0.0795249842776827
"Wave_1979",-0.0750030960045992
"Wave_1980",-0.070186679277765
"Wave_1981",-0.0653334763967707
"Wave_1982",-0.0620667027625974
"Wave_1983",-0.0578111494239308
"Wave_1984",-0.0519303090598149
"Wave_1985",-0.0471067931383175
"Wave_1986",-0.0407241346749792
"Wave_1987",-0.0320113799905402
"Wave_1988",-0.0251202402757316
"Wave_1989",-0.0195809166989183
"Wave_1990",-0.015629145021612
"Wave_1991",-0.0133935437143938
"Wave_1992",-0.0115037290477978
"Wave_1993",-0.00859893045321473
"Wave_1994",-0.00297997090017009
"Wave_1995",0.00454766497515265
"Wave_1996",0.0125654122162233
"Wave_1997",0.0200910092640624
"Wave_1998",0.0246485377065367
"Wave_1999",0.0286962581343703
"Wave_2000",0.0302304863672218
"Wave_2001",0.0316413825456298
"Wave_2002",0.0352266282024099
"Wave_2003",0.0409042083401237
"Wave_2004",0.0463618229271638
"Wave_2005",0.0546745221720133
"Wave_2006",0.0639642348708145
"Wave_2007",0.0714522745640888
"Wave_2008",0.0796434116045537
"Wave_2009",0.0873555676595911
"Wave_2010",0.0946257722215164
"Wave_2011",0.0986005088782156
"Wave_2012",0.101574800955111
"Wave_2013",0.103612939016913
"Wave_2014",0.105980600904659
"Wave_2015",0.105349202541537
"Wave_2016",0.107165719432444
"Wave_2017",0.110705740966451
"Wave_2018",0.1206491168922
"Wave_2019",0.126985352931477
"Wave_2020",0.132719104445312
"Wave_2021",0.136879618105705
"Wave_2022",0.142482624026004
"Wave_2023",0.148818421978914
"Wave_2024",0.147196479285597
"Wave_2025",0.146348352837661
"Wave_2026",0.146610277793492
"Wave_2027",0.15077755684824
"Wave_2028",0.154493885199545
"Wave_2029",0.159293383063084
"Wave_2030",0.162760990306155
"Wave_2031",0.165192169587399
"Wave_2032",0.163667709621698
"Wave_2033",0.161132202611567
"Wave_2034",0.15979567755941
"Wave_2035",0.162177636117806
"Wave_2036",0.16264124702617
"Wave_2037",0.160770218750444
"Wave_2038",0.155774057769959
"Wave_2039",0.151237030856215
"Wave_2040",0.158857961390581
"Wave_2041",0.166791234025906
"Wave_2042",0.167834343344114
"Wave_2043",0.163467603808429
"Wave_2044",0.156398110148348
"Wave_2045",0.15167179070298
"Wave_2046",0.148314233167239
"Wave_2047",0.14908794588338
"Wave_2048",0.15240092074049
"Wave_2049",0.155779012715218
"Wave_2050",0.157099456140933
"Wave_2051",0.156966200607346
"Wave_2052",0.154361208929404
"Wave_2053",0.146523109350663
"Wave_2054",0.136805374647859
"Wave_2055",0.132616384761825
"Wave_2056",0.131956818808883
"Wave_2057",0.131008908737659
"Wave_2058",0.12288742231466
"Wave_2059",0.115004479880254
"Wave_2060",0.109049985304653
"Wave_2061",0.103057863808633
"Wave_2062",0.096566408939097
"Wave_2063",0.0903810554398224
"Wave_2064",0.0810729894796449
"Wave_2065",0.0688277004369745
"Wave_2066",0.0612984558988311
"Wave_2067",0.0557307001085516
"Wave_2068",0.0490747685603993
"Wave_2069",0.0378506730876747
"Wave_2070",0.0255092797146048
"Wave_2071",0.0157690052756259
"Wave_2072",0.00392958284896808
"Wave_2073",-0.000704997054646753
"Wave_2074",-0.00635318997519256
"Wave_2075",-0.0143931078318246
"Wave_2076",-0.0249249946138754
"Wave_2077",-0.0310815283422732
"Wave_2078",-0.0441574590899875
"Wave_2079",-0.0510854784720472
"Wave_2080",-0.0560483764831041
"Wave_2081",-0.0632347160428231
"Wave_2082",-0.0619863608086402
"Wave_2083",-0.0550532400893028
"Wave_2084",-0.0677497917654591
"Wave_2085",-0.0837662604524783
"Wave_2086",-0.0996232974795663
"Wave_2087",-0.10450344115923
"Wave_2088",-0.111895148960972
"Wave_2089",-0.124596049157869
"Wave_2090",-0.146735545989678
"Wave_2091",-0.163355060775168
"Wave_2092",-0.164763402100163
"Wave_2093",-0.164154140441657
"Wave_2094",-0.163152490898092
"Wave_2095",-0.164924140094865
"Wave_2096",-0.17101480830724
"Wave_2097",-0.182115019818679
"Wave_2098",-0.192875014779475
"Wave_2099",-0.197432218530935
"Wave_2100",-0.198610577930392
"Wave_2101",-0.199107921975083
"Wave_2102",-0.20748688199829
"Wave_2103",-0.217480614212126
"Wave_2104",-0.220985344535687
"Wave_2105",-0.222002353233588
"Wave_2106",-0.22355971323787
"Wave_2107",-0.224743568166276
"Wave_2108",-0.225072335639458
"Wave_2109",-0.224424257471677
"Wave_2110",-0.234286765595115
"Wave_2111",-0.248737477709122
"Wave_2112",-0.255301799514569
"Wave_2113",-0.252365089919729
"Wave_2114",-0.253954992153239
"Wave_2115",-0.248481308732645
"Wave_2116",-0.239904428765695
"Wave_2117",-0.229928127083682
"Wave_2118",-0.222418370938888
"Wave_2119",-0.225153013930048
"Wave_2120",-0.233288441832915
"Wave_2121",-0.244492178690553
"Wave_2122",-0.247583672561104
"Wave_2123",-0.251501853879406
"Wave_2124",-0.245961014095659
"Wave_2125",-0.244754331553198
"Wave_2126",-0.244488290817508
"Wave_2127",-0.251268341332332
"Wave_2128",-0.249272652445253
"Wave_2129",-0.254027611273431
"Wave_2130",-0.244550396229368
"Wave_2131",-0.232021308339925
"Wave_2132",-0.227608813008294
"Wave_2133",-0.229397224312717
"Wave_2134",-0.231642933236136
"Wave_2135",-0.209731103545765
"Wave_2136",-0.186969344599862
"Wave_2137",-0.175119367943927
"Wave_2138",-0.17295219210435
"Wave_2139",-0.173077660480307
"Wave_2140",-0.174202314223456
"Wave_2141",-0.176860849303512
"Wave_2142",-0.175683121704635
"Wave_2143",-0.16945164691816
"Wave_2144",-0.160172654677952
"Wave_2145",-0.155891615108614
"Wave_2146",-0.151211472087078
"Wave_2147",-0.144023867786401
"Wave_2148",-0.126090638039219
"Wave_2149",-0.116545559837156
"Wave_2150",-0.11018711175683
"Wave_2151",-0.098838870025708
"Wave_2152",-0.0860912523294149
"Wave_2153",-0.0703931169076391
"Wave_2154",-0.0589937560727493
"Wave_2155",-0.0481806298660776
"Wave_2156",-0.041610312744197
"Wave_2157",-0.0309203349175117
"Wave_2158",-0.0203246804559947
"Wave_2159",-0.0166984747031915
"Wave_2160",-0.00871980381338645
"Wave_2161",-0.00247818633795501
"Wave_2162",0.00441322659299709
"Wave_2163",0.0218192367497236
"Wave_2164",0.0439326228745336
"Wave_2165",0.0465800392902803
"Wave_2166",0.0466381933046172
"Wave_2167",0.0468101463289342
"Wave_2168",0.048658512182541
"Wave_2169",0.0498422497398452
"Wave_2170",0.0555309594868453
"Wave_2171",0.0641434811328781
"Wave_2172",0.0696729193920425
"Wave_2173",0.0723422791502609
"Wave_2174",0.0779633174480203
"Wave_2175",0.10510631672546
"Wave_2176",0.125524914121372
"Wave_2177",0.133611065276729
"Wave_2178",0.140326704406567
"Wave_2179",0.141660617955616
"Wave_2180",0.145868786942099
"Wave_2181",0.147804923789273
"Wave_2182",0.142721100827763
"Wave_2183",0.135791984037748
"Wave_2184",0.133243815084585
"Wave_2185",0.148983748192985
"Wave_2186",0.167139791738931
"Wave_2187",0.172280905328205
"Wave_2188",0.166070409950079
"Wave_2189",0.157300871205742
"Wave_2190",0.154725582483816
"Wave_2191",0.159412512502049
"Wave_2192",0.165481645524115
"Wave_2193",0.169769418410227
"Wave_2194",0.175381142956803
"Wave_2195",0.181033472909542
"Wave_2196",0.18374067787972
"Wave_2197",0.188251841916134
"Wave_2198",0.192406326459346
"Wave_2199",0.190111804799676
"Wave_2200",0.17641038900457
"Wave_2201",0.165226141109247
"Wave_2202",0.17324657530101
"Wave_2203",0.175129882163357
"Wave_2204",0.175335612233558
"Wave_2205",0.171808388442307
"Wave_2206",0.162223127040512
"Wave_2207",0.156837643739522
"Wave_2208",0.153545760581703
"Wave_2209",0.163028174733624
"Wave_2210",0.177722523426708
"Wave_2211",0.187097640859629
"Wave_2212",0.180997334291075
"Wave_2213",0.17061903989516
"Wave_2214",0.157838656377191
"Wave_2215",0.142594304179929
"Wave_2216",0.137257971532122
"Wave_2217",0.136154879762823
"Wave_2218",0.133538419504945
"Wave_2219",0.136524426208048
"Wave_2220",0.137592020150527
"Wave_2221",0.136682829018862
"Wave_2222",0.136722961549105
"Wave_2223",0.140790893102467
"Wave_2224",0.139204562560357
"Wave_2225",0.142816754912766
"Wave_2226",0.137212655360817
"Wave_2227",0.123554720429112
"Wave_2228",0.113021855145645
"Wave_2229",0.101121424575409
"Wave_2230",0.0890824663318052
"Wave_2231",0.0892781910783992
"Wave_2232",0.0858673736460535
"Wave_2233",0.0778219812595475
"Wave_2234",0.0737132217359522
"Wave_2235",0.0700510452725737
"Wave_2236",0.0558359688635372
"Wave_2237",0.0437533360567128
"Wave_2238",0.037306907633272
"Wave_2239",0.0299867158421748
"Wave_2240",0.0287255108441555
"Wave_2241",0.022905285165897
"Wave_2242",0.0156141064343184
"Wave_2243",0.00358486125252717
"Wave_2244",-0.00693533636770041
"Wave_2245",-0.0150701517837817
"Wave_2246",-0.0187977544329615
"Wave_2247",-0.0258886185533535
"Wave_2248",-0.0332847003290937
"Wave_2249",-0.0446779030042735
"Wave_2250",-0.054837163506515
"Wave_2251",-0.0612957700591392
"Wave_2252",-0.0627268007610089
"Wave_2253",-0.0664999025424839
"Wave_2254",-0.0682321765866326
"Wave_2255",-0.064442843200935
"Wave_2256",-0.0616816580003748
"Wave_2257",-0.0659267388535944
"Wave_2258",-0.0687787502075194
"Wave_2259",-0.0719913441091308
"Wave_2260",-0.0715483469710292
"Wave_2261",-0.0706132943557369
"Wave_2262",-0.0674484368385316
"Wave_2263",-0.065312784761932
"Wave_2264",-0.0652520689767798
"Wave_2265",-0.0635150106746865
"Wave_2266",-0.0672231116102157
"Wave_2267",-0.0814170553078505
"Wave_2268",-0.0949359408394673
"Wave_2269",-0.0978324313244105
"Wave_2270",-0.0847484151847949
"Wave_2271",-0.0776341676363939
"Wave_2272",-0.0812803340379906
"Wave_2273",-0.0800732356579637
"Wave_2274",-0.0668870497238972
"Wave_2275",-0.0549938567089547
"Wave_2276",-0.0402068079112357
"Wave_2277",-0.0363584997145611
"Wave_2278",-0.0369284740767734
"Wave_2279",-0.0397180792977057
"Wave_2280",-0.0393376146423752
"Wave_2281",-0.0422863404331839
"Wave_2282",-0.0427926843075273
"Wave_2283",-0.0353456624433758
"Wave_2284",-0.0209910306201246
"Wave_2285",-0.00485975707081392
"Wave_2286",0.0190609973411079
"Wave_2287",0.0407321326049509
"Wave_2288",0.0374225216613251
"Wave_2289",0.023602550562067
"Wave_2290",0.0166938081418903
"Wave_2291",0.0132542553857237
"Wave_2292",0.00637579680222158
"Wave_2293",0.0166773965865029
"Wave_2294",0.0357639589865288
"Wave_2295",0.0306867873345113
"Wave_2296",0.0361975502929585
"Wave_2297",0.0482768721469396
"Wave_2298",0.0596039696794396
"Wave_2299",0.0629364649087398
"Wave_2300",0.0611387078201211
"Wave_2301",0.0549145010779551
"Wave_2302",0.0527939360353257
"Wave_2303",0.0412436970004348
"Wave_2304",0.0398478863118403
"Wave_2305",0.0438146789668926
"Wave_2306",0.0532514709232314
"Wave_2307",0.0505884034245671
"Wave_2308",0.0530357309299403
"Wave_2309",0.0507951070797481
"Wave_2310",0.0430728886640159
"Wave_2311",0.0266850290029275
"Wave_2312",0.0338483682517673
"Wave_2313",0.0207540827016953
"Wave_2314",-0.0221524932764965
"Wave_2315",-0.0644295369186957
"Wave_2316",-0.059218840989205
"Wave_2317",-0.0580747987019898
"Wave_2318",-0.0510655761561458
"Wave_2319",-0.057176948474194
"Wave_2320",-0.0614296355088306
"Wave_2321",-0.0542205252712878
"Wave_2322",-0.0450758315140805
"Wave_2323",-0.0491543899481768
"Wave_2324",-0.0460702075067421
"Wave_2325",-0.0382597860620491
"Wave_2326",-0.040029274991857
"Wave_2327",-0.0340152218991793
"Wave_2328",-0.0170356384805081
"Wave_2329",-0.0116010392084596
"Wave_2330",-0.0225870591177083
"Wave_2331",-0.0335551818747404
"Wave_2332",-0.0534400906227056
"Wave_2333",-0.0793905650682923
"Wave_2334",-0.0707387888141035
"Wave_2335",-0.04046776513047
"Wave_2336",-0.000547249322160619
"Wave_2337",0.0123759570614812
"Wave_2338",0.0278735034144005
"Wave_2339",0.0451998313051953
"Wave_2340",0.0636795527977036
"Wave_2341",0.0464776097426723
"Wave_2342",0.0220269913813758
"Wave_2343",0.0036416227177354
"Wave_2344",0.0188725179208932
"Wave_2345",0.0334431901709255
"Wave_2346",0.0728503490570893
"Wave_2347",0.106925322379044
"Wave_2348",0.104093224150809
"Wave_2349",0.0845479967388461
"Wave_2350",0.0746098628541387
"Wave_2351",0.0694224335394217
"Wave_2352",0.0630887166071785
"Wave_2353",0.0564948813801409
"Wave_2354",0.0678425483376106
"Wave_2355",0.061339345876494
"Wave_2356",0.048980240106464
"Wave_2357",0.0340758884675387
"Wave_2358",0.0106750207137776
"Wave_2359",-0.00573228922358583
"Wave_2360",-0.00501769640758394
"Wave_2361",-0.012962078106906
"Wave_2362",-0.0132863961016477
"Wave_2363",-0.0140782729941381
"Wave_2364",0.00491056913299208
"Wave_2365",0.00227316908154628
"Wave_2366",-0.0173453667273387
"Wave_2367",-0.0308586999642098
"Wave_2368",-0.0349927515396469
"Wave_2369",-0.038504326391077
"Wave_2370",-0.0427218338902506
"Wave_2371",-0.0420087034268914
"Wave_2372",-0.0370450776198557
"Wave_2373",-0.0364089147979419
"Wave_2374",-0.048599629339382
"Wave_2375",-0.0267689394908207
"Wave_2376",-0.000677250434961755
"Wave_2377",0.00670388797666758
"Wave_2378",0.00704338124753629
"Wave_2379",0.00567670755203822
"Wave_2380",-0.00674413545340157
"Wave_2381",-0.0232482210839393
"Wave_2382",0.00676322470779855
"Wave_2383",0.0311612741015455
"Wave_2384",0.0287920595919606
"Wave_2385",0.0142712366411146
"Wave_2386",0.00617923074754567
"Wave_2387",0.0203664726990525
"Wave_2388",0.0320310671243793
"Wave_2389",0.0450181293426124
"Wave_2390",0.0715837012567097
"Wave_2391",0.0828491965629555
"Wave_2392",0.0951726746852689
"Wave_2393",0.0899055454573005
"Wave_2394",0.0651519223847671
"Wave_2395",0.0567600624957985
"Wave_2396",0.0589079877311536
"Wave_2397",0.0427996840362032
"Wave_2398",0.0079031368945677
"Wave_2399",0.00392712482938611
"Wave_2400",0.0177226104829319
