"","Vcmax_Spec_Tleaf.8.comps"
"(Intercept)",39.1996162621532
"Wave_500",-0.0598319684942264
"Wave_501",-0.0562456428837616
"Wave_502",-0.0526582223716798
"Wave_503",-0.0488754494899663
"Wave_504",-0.0460318931764914
"Wave_505",-0.0430233151951802
"Wave_506",-0.0397621800459
"Wave_507",-0.0353878861006702
"Wave_508",-0.0312117097361068
"Wave_509",-0.0276438217827118
"Wave_510",-0.0245140227075596
"Wave_511",-0.0223447306283721
"Wave_512",-0.0197867046383287
"Wave_513",-0.0168951046615746
"Wave_514",-0.0141562092827216
"Wave_515",-0.0112614493066077
"Wave_516",-0.00835896313329217
"Wave_517",-0.00553907286617233
"Wave_518",-0.00610304780972315
"Wave_519",-0.00943332879042365
"Wave_520",-0.015176211332722
"Wave_521",-0.0202289997186724
"Wave_522",-0.0240805954645043
"Wave_523",-0.0276504194872263
"Wave_524",-0.0319324122887286
"Wave_525",-0.0382808390256151
"Wave_526",-0.0448556711176368
"Wave_527",-0.0524454805282242
"Wave_528",-0.0617297403690612
"Wave_529",-0.0681866620190862
"Wave_530",-0.0727885475217013
"Wave_531",-0.0751903961461074
"Wave_532",-0.0796658153839977
"Wave_533",-0.0847728938349925
"Wave_534",-0.0884847859775834
"Wave_535",-0.0920723361034507
"Wave_536",-0.094810420793614
"Wave_537",-0.0963398294083919
"Wave_538",-0.0979303640009959
"Wave_539",-0.0995122889292067
"Wave_540",-0.0995276958977917
"Wave_541",-0.0984777591301551
"Wave_542",-0.0993320233198844
"Wave_543",-0.0989171772969557
"Wave_544",-0.0983825794791316
"Wave_545",-0.097160758133028
"Wave_546",-0.0905001580618454
"Wave_547",-0.0826984296063444
"Wave_548",-0.0746956192105435
"Wave_549",-0.070931347842365
"Wave_550",-0.0674272148644494
"Wave_551",-0.0646620876811621
"Wave_552",-0.0629849645569093
"Wave_553",-0.0672406285814826
"Wave_554",-0.0709637114726824
"Wave_555",-0.0726247102533803
"Wave_556",-0.0718440510649111
"Wave_557",-0.0715496677200223
"Wave_558",-0.07015987858223
"Wave_559",-0.0668820971315564
"Wave_560",-0.0666285476037314
"Wave_561",-0.0646330712875336
"Wave_562",-0.0625679849734848
"Wave_563",-0.0636230360985555
"Wave_564",-0.0642131842896523
"Wave_565",-0.0639336640653275
"Wave_566",-0.0630321664766259
"Wave_567",-0.0616099117039871
"Wave_568",-0.0600434857273832
"Wave_569",-0.0575644637700947
"Wave_570",-0.0532407500742442
"Wave_571",-0.0473801412657084
"Wave_572",-0.0416698337023618
"Wave_573",-0.0367667959883085
"Wave_574",-0.0321903553082115
"Wave_575",-0.0265081260367245
"Wave_576",-0.020010198060047
"Wave_577",-0.013268070308732
"Wave_578",-0.0074054601621876
"Wave_579",-0.00153172659373082
"Wave_580",0.00340453572194191
"Wave_581",0.00641036103917036
"Wave_582",0.00965970781927514
"Wave_583",0.0130604968845702
"Wave_584",0.0170860614661279
"Wave_585",0.0211312817695883
"Wave_586",0.0264565334692793
"Wave_587",0.0327509764270868
"Wave_588",0.0384356823184287
"Wave_589",0.0455267395403605
"Wave_590",0.05154787483813
"Wave_591",0.0554602126327942
"Wave_592",0.0566784646544177
"Wave_593",0.059719758342314
"Wave_594",0.0637064355342597
"Wave_595",0.0670748618217201
"Wave_596",0.0696376601033242
"Wave_597",0.0723500449932394
"Wave_598",0.0750839921623896
"Wave_599",0.0782836504403196
"Wave_600",0.0818869447154898
"Wave_601",0.0844942442052984
"Wave_602",0.0866078241235566
"Wave_603",0.0876585858378569
"Wave_604",0.0884566405622996
"Wave_605",0.0896982106503446
"Wave_606",0.0924224140662736
"Wave_607",0.0946499091953224
"Wave_608",0.097002718576409
"Wave_609",0.0996969913383553
"Wave_610",0.102078746541238
"Wave_611",0.103403094026929
"Wave_612",0.104725293415538
"Wave_613",0.106397346514301
"Wave_614",0.10748336567758
"Wave_615",0.108464705200417
"Wave_616",0.109050901750017
"Wave_617",0.1087924886736
"Wave_618",0.108055039129071
"Wave_619",0.107354939700927
"Wave_620",0.106827672560052
"Wave_621",0.105861076432716
"Wave_622",0.107041346068179
"Wave_623",0.109078771066453
"Wave_624",0.111293141933929
"Wave_625",0.112510861733515
"Wave_626",0.113657185640638
"Wave_627",0.115169898128827
"Wave_628",0.116933507373042
"Wave_629",0.118500230119897
"Wave_630",0.119738840841939
"Wave_631",0.120582092928189
"Wave_632",0.120792018123969
"Wave_633",0.121445918005693
"Wave_634",0.121538242405794
"Wave_635",0.121207564160464
"Wave_636",0.120725522780541
"Wave_637",0.119322851237067
"Wave_638",0.116670625337084
"Wave_639",0.113561659167174
"Wave_640",0.113928070951774
"Wave_641",0.114715023730839
"Wave_642",0.115201718336871
"Wave_643",0.114964578040525
"Wave_644",0.113561006709451
"Wave_645",0.112303750495693
"Wave_646",0.110573717097112
"Wave_647",0.108031690610314
"Wave_648",0.106742953805136
"Wave_649",0.105292765952068
"Wave_650",0.103376646545982
"Wave_651",0.100686745978408
"Wave_652",0.097284789972634
"Wave_653",0.0959264523087383
"Wave_654",0.0956537599414029
"Wave_655",0.0947174956900778
"Wave_656",0.0935076658325466
"Wave_657",0.0900948153688339
"Wave_658",0.0844266822129402
"Wave_659",0.0791406066754978
"Wave_660",0.0717935016343133
"Wave_661",0.0658829098930106
"Wave_662",0.0619803581721547
"Wave_663",0.0558087001839237
"Wave_664",0.0494598203589923
"Wave_665",0.0433342961769317
"Wave_666",0.0379741623526754
"Wave_667",0.0315172993874429
"Wave_668",0.0270798644060338
"Wave_669",0.0238710990930058
"Wave_670",0.0220538647654155
"Wave_671",0.0187696094594587
"Wave_672",0.0141134342208128
"Wave_673",0.00896898825038486
"Wave_674",0.00578461798526169
"Wave_675",0.00480340476013922
"Wave_676",0.00284263227592378
"Wave_677",1.79590726946729e-05
"Wave_678",-0.00196565906714625
"Wave_679",-0.00310218002702633
"Wave_680",-0.00308596135185949
"Wave_681",-0.00156926627893277
"Wave_682",0.00135004639466095
"Wave_683",0.0051721298749606
"Wave_684",0.011275262695689
"Wave_685",0.019192374322653
"Wave_686",0.0300135614473358
"Wave_687",0.0425769552089892
"Wave_688",0.054455892919183
"Wave_689",0.0650129919357678
"Wave_690",0.0752526557544318
"Wave_691",0.0836984265707224
"Wave_692",0.0908325749537608
"Wave_693",0.096639383322447
"Wave_694",0.0989969897881298
"Wave_695",0.101081317773332
"Wave_696",0.101365512178011
"Wave_697",0.098635000422179
"Wave_698",0.0931990973551259
"Wave_699",0.086431853173659
"Wave_700",0.0791421446027118
"Wave_701",0.0730257210016008
"Wave_702",0.0640732462043903
"Wave_703",0.0543195426988584
"Wave_704",0.0459049081054583
"Wave_705",0.0379879770225061
"Wave_706",0.0238641871385806
"Wave_707",0.0149519163726932
"Wave_708",0.00845909515259337
"Wave_709",0.00331277483746625
"Wave_710",-0.00589921010365312
"Wave_711",-0.0190608318039592
"Wave_712",-0.0292364556082219
"Wave_713",-0.0365846104504949
"Wave_714",-0.0472291543549462
"Wave_715",-0.0550338135171267
"Wave_716",-0.0489986470129735
"Wave_717",-0.0375292567228073
"Wave_718",-0.0400358379686606
"Wave_719",-0.0452239781952984
"Wave_720",-0.0635319285642773
"Wave_721",-0.0837180770900869
"Wave_722",-0.0925157285687903
"Wave_723",-0.0958851497875427
"Wave_724",-0.0919662835066272
"Wave_725",-0.0900005195767397
"Wave_726",-0.0987912291783384
"Wave_727",-0.1109527902995
"Wave_728",-0.107674960214953
"Wave_729",-0.106781578193791
"Wave_730",-0.104662449230367
"Wave_731",-0.105801749638673
"Wave_732",-0.108497423873049
"Wave_733",-0.115559541793648
"Wave_734",-0.112091097561893
"Wave_735",-0.104752833906815
"Wave_736",-0.0958213236495083
"Wave_737",-0.0784216087652841
"Wave_738",-0.0673544503979252
"Wave_739",-0.0575741513970307
"Wave_740",-0.0379076478242804
"Wave_741",-0.0216252726979943
"Wave_742",-0.0135451999459664
"Wave_743",-0.00399282853601427
"Wave_744",0.00476800567700255
"Wave_745",0.0217914901034607
"Wave_746",0.034502600966792
"Wave_747",0.0490600671843608
"Wave_748",0.0620012081024459
"Wave_749",0.0749572532778175
"Wave_750",0.090269704485621
"Wave_751",0.0939623920857911
"Wave_752",0.102730509042958
"Wave_753",0.109199755549234
"Wave_754",0.113324648539239
"Wave_755",0.108150455228123
"Wave_756",0.102439108735714
"Wave_757",0.087755812200163
"Wave_758",0.0927232293041494
"Wave_759",0.106824998642905
"Wave_760",0.136559216593324
"Wave_761",0.164728079235297
"Wave_762",0.1825184064713
"Wave_763",0.162157169998892
"Wave_764",0.148638727527802
"Wave_765",0.152801419990863
"Wave_766",0.142180839599137
"Wave_767",0.14749468708484
"Wave_768",0.148229723497985
"Wave_769",0.142474705928644
"Wave_770",0.139401835681337
"Wave_771",0.144554204253851
"Wave_772",0.143680350794697
"Wave_773",0.138296745162414
"Wave_774",0.127714206890081
"Wave_775",0.126466728262443
"Wave_776",0.137054900685402
"Wave_777",0.143124687527573
"Wave_778",0.13983662160277
"Wave_779",0.135231972973322
"Wave_780",0.131356282567539
"Wave_781",0.121779006462718
"Wave_782",0.124100927975153
"Wave_783",0.123100561361572
"Wave_784",0.115140752678208
"Wave_785",0.101014530360149
"Wave_786",0.10134313246516
"Wave_787",0.0990566341915645
"Wave_788",0.10302452604288
"Wave_789",0.0923820197969137
"Wave_790",0.0844751626226093
"Wave_791",0.0869250569139889
"Wave_792",0.0866507532323669
"Wave_793",0.084170684432724
"Wave_794",0.0807821259540229
"Wave_795",0.0771037833630564
"Wave_796",0.0733485512945992
"Wave_797",0.0759009996171445
"Wave_798",0.077829480361374
"Wave_799",0.0739114177956461
"Wave_800",0.0684155516564395
"Wave_801",0.0638618850402323
"Wave_802",0.060311947750123
"Wave_803",0.0583790530894184
"Wave_804",0.0561079185046006
"Wave_805",0.0485497837068099
"Wave_806",0.0513876658470329
"Wave_807",0.0465834729604832
"Wave_808",0.0442442338293248
"Wave_809",0.0361524597018308
"Wave_810",0.0224187282790177
"Wave_811",0.0136112913923106
"Wave_812",0.00574765314914048
"Wave_813",0.00277359720567409
"Wave_814",0.00255882412501715
"Wave_815",0.0138504317814534
"Wave_816",0.0205169764971616
"Wave_817",0.0103792389402385
"Wave_818",0.0111613779875715
"Wave_819",-0.00211073685963384
"Wave_820",-0.00173608280791531
"Wave_821",-0.000368279657503124
"Wave_822",-0.0058360908795756
"Wave_823",-0.0190007167701117
"Wave_824",-0.0268526657892941
"Wave_825",-0.0265641871190494
"Wave_826",-0.0353060023136077
"Wave_827",-0.0282768499646458
"Wave_828",-0.0353416128175661
"Wave_829",-0.0324294412645678
"Wave_830",-0.0315229202464162
"Wave_831",-0.041371294697356
"Wave_832",-0.0438084720984255
"Wave_833",-0.0471586201022767
"Wave_834",-0.0487198190974754
"Wave_835",-0.060406216536252
"Wave_836",-0.0562860524511699
"Wave_837",-0.0536434172496923
"Wave_838",-0.0651252070495935
"Wave_839",-0.0676566987237046
"Wave_840",-0.077000340394467
"Wave_841",-0.0770997649639518
"Wave_842",-0.0818317909578672
"Wave_843",-0.0915252050140183
"Wave_844",-0.0845660262101467
"Wave_845",-0.0849418620069094
"Wave_846",-0.0984307496090633
"Wave_847",-0.102052717016621
"Wave_848",-0.0811869978583486
"Wave_849",-0.0992969746825593
"Wave_850",-0.106167460416599
"Wave_851",-0.105625189123766
"Wave_852",-0.106928563611857
"Wave_853",-0.111535897079037
"Wave_854",-0.117470918308902
"Wave_855",-0.129489558399556
"Wave_856",-0.125478814292233
"Wave_857",-0.115128048882164
"Wave_858",-0.111120529848667
"Wave_859",-0.122566370536358
"Wave_860",-0.12278009435408
"Wave_861",-0.115153627657473
"Wave_862",-0.111344940162987
"Wave_863",-0.120830633976046
"Wave_864",-0.140013631155924
"Wave_865",-0.115120628682821
"Wave_866",-0.110514338060526
"Wave_867",-0.114675732643681
"Wave_868",-0.118943067260887
"Wave_869",-0.126402616887852
"Wave_870",-0.126179740124405
"Wave_871",-0.134127745583361
"Wave_872",-0.144902938275553
"Wave_873",-0.128346543111736
"Wave_874",-0.125522421239645
"Wave_875",-0.121828550073465
"Wave_876",-0.133398869415591
"Wave_877",-0.133653612598095
"Wave_878",-0.161069018471772
"Wave_879",-0.150567785777969
"Wave_880",-0.146204260205583
"Wave_881",-0.162204368647582
"Wave_882",-0.172245558034188
"Wave_883",-0.178677134792021
"Wave_884",-0.156633642404693
"Wave_885",-0.142164690537485
"Wave_886",-0.149858755788957
"Wave_887",-0.166299520677998
"Wave_888",-0.174630729640281
"Wave_889",-0.16713696894335
"Wave_890",-0.13919276745737
"Wave_891",-0.131654272242608
"Wave_892",-0.139704150719794
"Wave_893",-0.137541320640349
"Wave_894",-0.147902646723199
"Wave_895",-0.147197842707687
"Wave_896",-0.151775463274545
"Wave_897",-0.150079209768844
"Wave_898",-0.149554157906412
"Wave_899",-0.137721663833668
"Wave_900",-0.152070516155514
"Wave_901",-0.136382243174059
"Wave_902",-0.127432415821693
"Wave_903",-0.118975792486419
"Wave_904",-0.117751985555477
"Wave_905",-0.12902617115735
"Wave_906",-0.134180423631772
"Wave_907",-0.0930680567154898
"Wave_908",-0.105749908162547
"Wave_909",-0.0950333068725404
"Wave_910",-0.127830476717755
"Wave_911",-0.158868997985838
"Wave_912",-0.156660046265162
"Wave_913",-0.107689217446265
"Wave_914",-0.0911902965739338
"Wave_915",-0.0949560681358144
"Wave_916",-0.131124917556555
"Wave_917",-0.159491223801075
"Wave_918",-0.187004510888018
"Wave_919",-0.177223467816792
"Wave_920",-0.134265503916332
"Wave_921",-0.101577447322956
"Wave_922",-0.0915363249187461
"Wave_923",-0.086640164289943
"Wave_924",-0.073244060623139
"Wave_925",-0.0778561130000399
"Wave_926",-0.0914772194480532
"Wave_927",-0.0578836643506394
"Wave_928",-0.00246466592353348
"Wave_929",0.0548659921875325
"Wave_930",0.0482449430452954
"Wave_931",0.0492980857961856
"Wave_932",0.0446477937871552
"Wave_933",0.0449281842047979
"Wave_934",0.108609676309217
"Wave_935",0.178684855838827
"Wave_936",0.13815277285776
"Wave_937",0.0954976130468163
"Wave_938",0.114376232840783
"Wave_939",0.163866151600468
"Wave_940",0.202885370873321
"Wave_941",0.253884710997897
"Wave_942",0.303891434824652
"Wave_943",0.255253920612235
"Wave_944",0.201651005987476
"Wave_945",0.15504260972551
"Wave_946",0.147828608481902
"Wave_947",0.164939298952758
"Wave_948",0.149569950510149
"Wave_949",0.251716531623999
"Wave_950",0.180524745891505
"Wave_951",0.129977523555362
"Wave_952",0.130876006642874
"Wave_953",0.121261434952632
"Wave_954",0.102146254615126
"Wave_955",0.166949157983532
"Wave_956",0.130227274540133
"Wave_957",0.105909937630245
"Wave_958",0.0617193072838682
"Wave_959",0.0634512803044546
"Wave_960",0.0623460324649945
"Wave_961",0.0373272505672627
"Wave_962",0.103701546723563
"Wave_963",0.0445696327115913
"Wave_964",-0.0434158345877719
"Wave_965",-0.1049491248579
"Wave_966",-0.0837169687872013
"Wave_967",-0.0101011279998777
"Wave_968",0.0596614023128094
"Wave_969",0.0887759067004132
"Wave_970",0.0512942628294362
"Wave_971",0.0112116846598806
"Wave_972",-0.019764496681903
"Wave_973",-0.00899431770653795
"Wave_974",0.00309563113621796
"Wave_975",0.0154185161097359
"Wave_976",0.021831545789644
"Wave_977",0.0192748893805067
"Wave_978",0.0163577209865169
"Wave_979",0.0188656286946446
"Wave_980",0.0218619801709983
"Wave_981",0.0270522568492654
"Wave_982",0.0279721279291151
"Wave_983",0.032301357513214
"Wave_984",0.0445523727280143
"Wave_985",0.0630201301083712
"Wave_986",0.0799480354274452
"Wave_987",0.0949689594225948
"Wave_988",0.088913723759518
"Wave_989",0.0823725998014305
"Wave_990",0.0775802408698234
"Wave_991",0.0749457114898975
"Wave_992",0.0798239939087138
"Wave_993",0.0847982027229029
"Wave_994",0.0860764425739208
"Wave_995",0.095774897561535
"Wave_996",0.102193348274654
"Wave_997",0.1125568773427
"Wave_998",0.122936136636425
"Wave_999",0.122689684262676
"Wave_1000",0.112171234701953
"Wave_1001",0.101633740945758
"Wave_1002",0.0911080279694953
"Wave_1003",0.100321873396039
"Wave_1004",0.11614897974531
"Wave_1005",0.128175565383522
"Wave_1006",0.143986346853913
"Wave_1007",0.148017296452754
"Wave_1008",0.146702998001674
"Wave_1009",0.145385132976089
"Wave_1010",0.14421641400586
"Wave_1011",0.144683926365585
"Wave_1012",0.145246309737475
"Wave_1013",0.145842055185662
"Wave_1014",0.145603013384504
"Wave_1015",0.145501537722609
"Wave_1016",0.140754931604258
"Wave_1017",0.135997497234486
"Wave_1018",0.13219719341405
"Wave_1019",0.128567521637381
"Wave_1020",0.124853370558854
"Wave_1021",0.121137771764291
"Wave_1022",0.116415652671189
"Wave_1023",0.108630486898898
"Wave_1024",0.100849924448177
"Wave_1025",0.0930485243290247
"Wave_1026",0.0822032311505822
"Wave_1027",0.0803080953953001
"Wave_1028",0.0744905547635038
"Wave_1029",0.0688602300092192
"Wave_1030",0.0683688555849519
"Wave_1031",0.0634413809205474
"Wave_1032",0.0545396801065237
"Wave_1033",0.0499193974940184
"Wave_1034",0.0463219161485848
"Wave_1035",0.042997716541234
"Wave_1036",0.0396528886380847
"Wave_1037",0.0361973338480447
"Wave_1038",0.0324147456366852
"Wave_1039",0.0285595725251247
"Wave_1040",0.0207024310586981
"Wave_1041",0.0168090280521649
"Wave_1042",0.0154375958954357
"Wave_1043",0.00989339734962877
"Wave_1044",0.00437638735234935
"Wave_1045",0.000611018844394805
"Wave_1046",-0.00435818482868885
"Wave_1047",-0.00935715366980683
"Wave_1048",-0.0141937238846834
"Wave_1049",-0.0180027926273596
"Wave_1050",-0.0219090597550831
"Wave_1051",-0.025828312517406
"Wave_1052",-0.0298611107657765
"Wave_1053",-0.0341052924862628
"Wave_1054",-0.0383218103362182
"Wave_1055",-0.0425407554002703
"Wave_1056",-0.0457279562938073
"Wave_1057",-0.0479536885381483
"Wave_1058",-0.050208081122976
"Wave_1059",-0.0564906328735314
"Wave_1060",-0.0547505164597437
"Wave_1061",-0.0580641752547547
"Wave_1062",-0.0616348814899104
"Wave_1063",-0.0651934991053757
"Wave_1064",-0.0679741180824343
"Wave_1065",-0.0717834238638668
"Wave_1066",-0.0755706976979234
"Wave_1067",-0.0791682580960344
"Wave_1068",-0.0813174553626333
"Wave_1069",-0.0838318670968684
"Wave_1070",-0.0863526274174883
"Wave_1071",-0.0886453893610929
"Wave_1072",-0.0941172040000635
"Wave_1073",-0.0952094383444779
"Wave_1074",-0.096279911762641
"Wave_1075",-0.0962684434449739
"Wave_1076",-0.0946986298256823
"Wave_1077",-0.0928031846432697
"Wave_1078",-0.0909244458267301
"Wave_1079",-0.0886513856498708
"Wave_1080",-0.0881776682189001
"Wave_1081",-0.0882104465008686
"Wave_1082",-0.0882558483557022
"Wave_1083",-0.084481046356516
"Wave_1084",-0.0807209015442181
"Wave_1085",-0.077009204420293
"Wave_1086",-0.0736870642323023
"Wave_1087",-0.0719582030749541
"Wave_1088",-0.070715733884896
"Wave_1089",-0.0694778276054153
"Wave_1090",-0.0639161515788445
"Wave_1091",-0.0648295123630706
"Wave_1092",-0.0597531020709757
"Wave_1093",-0.0507285028713357
"Wave_1094",-0.0496654409516743
"Wave_1095",-0.0453456204601458
"Wave_1096",-0.0377693257088386
"Wave_1097",-0.0341261640932445
"Wave_1098",-0.0303205889424897
"Wave_1099",-0.0279084632875031
"Wave_1100",-0.0260642183654712
"Wave_1101",-0.0281783714716461
"Wave_1102",-0.0229173079173829
"Wave_1103",-0.0220183061499148
"Wave_1104",-0.0211568900171134
"Wave_1105",-0.0203301820934907
"Wave_1106",-0.0195236172469059
"Wave_1107",-0.0222386886099023
"Wave_1108",-0.021051464815856
"Wave_1109",-0.0196039086575968
"Wave_1110",-0.0167689231581638
"Wave_1111",-0.00752966612544131
"Wave_1112",-0.00217488946958144
"Wave_1113",-0.00190690395606091
"Wave_1114",0.00935143568485881
"Wave_1115",0.0207320002266572
"Wave_1116",0.032107683890866
"Wave_1117",0.0425215138467992
"Wave_1118",0.0466473147648045
"Wave_1119",0.053787280819675
"Wave_1120",0.0661368704026247
"Wave_1121",0.0821866335369387
"Wave_1122",0.0820479140715843
"Wave_1123",0.0796821827613298
"Wave_1124",0.0800683293836461
"Wave_1125",0.0854812575082314
"Wave_1126",0.0783994555514215
"Wave_1127",0.0713279052021122
"Wave_1128",0.068926008017868
"Wave_1129",0.0675206608576517
"Wave_1130",0.0575998404878573
"Wave_1131",0.0476712443759099
"Wave_1132",0.0400774844662548
"Wave_1133",0.0374160947233407
"Wave_1134",0.0386630216366505
"Wave_1135",0.0399241721978071
"Wave_1136",0.0372087108144028
"Wave_1137",0.0339548681171414
"Wave_1138",0.0257762934752171
"Wave_1139",0.0184173327019343
"Wave_1140",0.0184874829662186
"Wave_1141",0.0164581589009028
"Wave_1142",0.0210028104018411
"Wave_1143",0.0217819476381122
"Wave_1144",0.0179729868547017
"Wave_1145",0.0183556263453442
"Wave_1146",0.0156044343773172
"Wave_1147",0.003992780925068
"Wave_1148",-0.00617281121883755
"Wave_1149",-0.0107544346736686
"Wave_1150",-0.0153695521618185
"Wave_1151",-0.0237686876268314
"Wave_1152",-0.0313465615962839
"Wave_1153",-0.0349873082386668
"Wave_1154",-0.0441272834634951
"Wave_1155",-0.0635834735336952
"Wave_1156",-0.0616050889217692
"Wave_1157",-0.060332594695287
"Wave_1158",-0.056551606448772
"Wave_1159",-0.0509725006996769
"Wave_1160",-0.0495234095240239
"Wave_1161",-0.0480873168922082
"Wave_1162",-0.0503058428395523
"Wave_1163",-0.0503405997543599
"Wave_1164",-0.0462387884960957
"Wave_1165",-0.042126672434488
"Wave_1166",-0.039147872451344
"Wave_1167",-0.0363184759886641
"Wave_1168",-0.032988990523176
"Wave_1169",-0.0296597618983702
"Wave_1170",-0.0277403541177942
"Wave_1171",-0.0236205006356813
"Wave_1172",-0.0179152595865819
"Wave_1173",-0.0122224296107106
"Wave_1174",-0.00667246188832189
"Wave_1175",0.000336954716913283
"Wave_1176",0.00770744025056187
"Wave_1177",0.0148186387048589
"Wave_1178",0.0212841620301855
"Wave_1179",0.0281429113401683
"Wave_1180",0.0350072199822106
"Wave_1181",0.0420159441824563
"Wave_1182",0.0481150842754347
"Wave_1183",0.0518541302279351
"Wave_1184",0.0555802388616352
"Wave_1185",0.0582142684021624
"Wave_1186",0.0607784003087814
"Wave_1187",0.0635551855949497
"Wave_1188",0.0663270999743305
"Wave_1189",0.0676944863027383
"Wave_1190",0.0693936016368002
"Wave_1191",0.0712319360880545
"Wave_1192",0.0727473209583244
"Wave_1193",0.0729072899836142
"Wave_1194",0.0755087123976211
"Wave_1195",0.0783522396335343
"Wave_1196",0.0808890257284237
"Wave_1197",0.0830629685129178
"Wave_1198",0.0851721198606334
"Wave_1199",0.0872384735898378
"Wave_1200",0.0882435959110994
"Wave_1201",0.0891492478205747
"Wave_1202",0.0906272242720426
"Wave_1203",0.0921007261200783
"Wave_1204",0.0914664738886253
"Wave_1205",0.0893022827294929
"Wave_1206",0.0862696844926033
"Wave_1207",0.0837570217942009
"Wave_1208",0.0833616302381126
"Wave_1209",0.0831603126042402
"Wave_1210",0.083017326595309
"Wave_1211",0.0820349819731051
"Wave_1212",0.0798770531233473
"Wave_1213",0.0780752101859063
"Wave_1214",0.076239969063568
"Wave_1215",0.0743605926637162
"Wave_1216",0.0727569040295157
"Wave_1217",0.0719177684737261
"Wave_1218",0.0711125156318678
"Wave_1219",0.0701583381198435
"Wave_1220",0.0687572353259024
"Wave_1221",0.0668658350278108
"Wave_1222",0.0649322017210495
"Wave_1223",0.0627535224626333
"Wave_1224",0.0607736451719217
"Wave_1225",0.0588262045035204
"Wave_1226",0.0570738891604401
"Wave_1227",0.0557259757336869
"Wave_1228",0.0534792303299314
"Wave_1229",0.0485612504029216
"Wave_1230",0.0490496540313503
"Wave_1231",0.0471039805795288
"Wave_1232",0.0459256257488173
"Wave_1233",0.0447851778564402
"Wave_1234",0.0437379356445189
"Wave_1235",0.0436865029515333
"Wave_1236",0.0419226976435323
"Wave_1237",0.0456591020366222
"Wave_1238",0.0474632459549295
"Wave_1239",0.0450792132688844
"Wave_1240",0.0448315817090072
"Wave_1241",0.0446836552628455
"Wave_1242",0.0448370277518541
"Wave_1243",0.0472077529441141
"Wave_1244",0.0468509114768543
"Wave_1245",0.0423267375875863
"Wave_1246",0.0390120405048712
"Wave_1247",0.0355308046821022
"Wave_1248",0.0320482326713928
"Wave_1249",0.0337733950197721
"Wave_1250",0.0372462236482986
"Wave_1251",0.0441177247007851
"Wave_1252",0.0454926841922895
"Wave_1253",0.0454609962908603
"Wave_1254",0.0454429273005666
"Wave_1255",0.0454554305796901
"Wave_1256",0.0488011361327812
"Wave_1257",0.0508902695730607
"Wave_1258",0.0509209603130319
"Wave_1259",0.056555017875117
"Wave_1260",0.0568105967296951
"Wave_1261",0.0593418721402882
"Wave_1262",0.0592340105779386
"Wave_1263",0.059122480141443
"Wave_1264",0.0616319251407386
"Wave_1265",0.0593673002972764
"Wave_1266",0.0541279840372165
"Wave_1267",0.0489046316957753
"Wave_1268",0.0435548500390402
"Wave_1269",0.035428840952558
"Wave_1270",0.0261190972462698
"Wave_1271",0.0171929437584445
"Wave_1272",0.00985116799942706
"Wave_1273",0.00289641858899639
"Wave_1274",-0.00672555299203871
"Wave_1275",-0.0098930385077472
"Wave_1276",-0.0176694781527297
"Wave_1277",-0.0236075063802975
"Wave_1278",-0.0268909759840933
"Wave_1279",-0.0354784183916279
"Wave_1280",-0.0416040657854486
"Wave_1281",-0.0453389375774009
"Wave_1282",-0.054370649487532
"Wave_1283",-0.0579769091279126
"Wave_1284",-0.062165880015529
"Wave_1285",-0.0665839577323921
"Wave_1286",-0.0709319473062816
"Wave_1287",-0.0750765885917674
"Wave_1288",-0.0803777223940917
"Wave_1289",-0.088374130742696
"Wave_1290",-0.0937544621361202
"Wave_1291",-0.0963723580601937
"Wave_1292",-0.10085842313257
"Wave_1293",-0.105330800206171
"Wave_1294",-0.1052937951255
"Wave_1295",-0.107775315593839
"Wave_1296",-0.106958154172088
"Wave_1297",-0.108666041058073
"Wave_1298",-0.110103349048817
"Wave_1299",-0.112202442021485
"Wave_1300",-0.114537881517604
"Wave_1301",-0.116424655008623
"Wave_1302",-0.119628329920352
"Wave_1303",-0.11984411322144
"Wave_1304",-0.125012545463114
"Wave_1305",-0.126864918675307
"Wave_1306",-0.128260833419574
"Wave_1307",-0.131345851875734
"Wave_1308",-0.134437048484838
"Wave_1309",-0.135280753691261
"Wave_1310",-0.134718285311627
"Wave_1311",-0.131132763620935
"Wave_1312",-0.131982843156201
"Wave_1313",-0.130456401680728
"Wave_1314",-0.134038658245208
"Wave_1315",-0.139785063861411
"Wave_1316",-0.144909237155829
"Wave_1317",-0.146516356950934
"Wave_1318",-0.145512713517093
"Wave_1319",-0.146576583197263
"Wave_1320",-0.146387300100031
"Wave_1321",-0.147650721891367
"Wave_1322",-0.150948277248489
"Wave_1323",-0.154276014425048
"Wave_1324",-0.154370039585058
"Wave_1325",-0.15304161225495
"Wave_1326",-0.151068118158075
"Wave_1327",-0.149162997744062
"Wave_1328",-0.147911183226951
"Wave_1329",-0.144726268563065
"Wave_1501",0.0608215478153583
"Wave_1502",0.0608761510965813
"Wave_1503",0.0626434280761972
"Wave_1504",0.0652775647009109
"Wave_1505",0.0679561113524411
"Wave_1506",0.0707761113769426
"Wave_1507",0.0727829085265827
"Wave_1508",0.0747768832717096
"Wave_1509",0.0774848759241747
"Wave_1510",0.0793579654465333
"Wave_1511",0.0792892846661366
"Wave_1512",0.0792141056205849
"Wave_1513",0.0777722540279693
"Wave_1514",0.077491382833164
"Wave_1515",0.0781349476642841
"Wave_1516",0.0783687233236227
"Wave_1517",0.0775052941402542
"Wave_1518",0.0775867188472561
"Wave_1519",0.0776517282806708
"Wave_1520",0.0811900908674991
"Wave_1521",0.0860715482192026
"Wave_1522",0.0894794757011944
"Wave_1523",0.0928939084690569
"Wave_1524",0.0941731233825779
"Wave_1525",0.0950362839781163
"Wave_1526",0.0958146663271454
"Wave_1527",0.0963841477845766
"Wave_1528",0.0960957206261899
"Wave_1529",0.0966513019617231
"Wave_1530",0.0972177229557559
"Wave_1531",0.0977387923989335
"Wave_1532",0.0989083903853671
"Wave_1533",0.101045216063039
"Wave_1534",0.10320378899548
"Wave_1535",0.105461343041863
"Wave_1536",0.106953760476416
"Wave_1537",0.108146266270924
"Wave_1538",0.109363235011869
"Wave_1539",0.110693942458719
"Wave_1540",0.11086469355269
"Wave_1541",0.111032658196476
"Wave_1542",0.111638117320198
"Wave_1543",0.113243488564775
"Wave_1544",0.11592027719756
"Wave_1545",0.118582721469014
"Wave_1546",0.11997066084741
"Wave_1547",0.121190067823257
"Wave_1548",0.122400460535945
"Wave_1549",0.123695541646171
"Wave_1550",0.124916513832776
"Wave_1551",0.124150578853906
"Wave_1552",0.123389436343153
"Wave_1553",0.122673390793645
"Wave_1554",0.122164670369543
"Wave_1555",0.121960870545671
"Wave_1556",0.121755298154973
"Wave_1557",0.122355766041346
"Wave_1558",0.124502800658795
"Wave_1559",0.127010224889336
"Wave_1560",0.129418802705508
"Wave_1561",0.131310290415393
"Wave_1562",0.130898206732226
"Wave_1563",0.130443034421765
"Wave_1564",0.130685237457221
"Wave_1565",0.131539196243349
"Wave_1566",0.134620726508545
"Wave_1567",0.137193458101017
"Wave_1568",0.138219807845698
"Wave_1569",0.137539963165701
"Wave_1570",0.13644443338836
"Wave_1571",0.135134008993954
"Wave_1572",0.135294773411482
"Wave_1573",0.134980350067282
"Wave_1574",0.134071650046119
"Wave_1575",0.133381197969779
"Wave_1576",0.133318307741117
"Wave_1577",0.132876999773627
"Wave_1578",0.132307482240076
"Wave_1579",0.129995001691763
"Wave_1580",0.127677928438045
"Wave_1581",0.125185483968799
"Wave_1582",0.124368871111269
"Wave_1583",0.125133655198156
"Wave_1584",0.125648432609857
"Wave_1585",0.12617617439403
"Wave_1586",0.125645188641609
"Wave_1587",0.124527212008286
"Wave_1588",0.1237693070868
"Wave_1589",0.121820460632599
"Wave_1590",0.120571110195551
"Wave_1591",0.120395125136921
"Wave_1592",0.119641698510178
"Wave_1593",0.118681667454864
"Wave_1594",0.11736518739196
"Wave_1595",0.114832877604072
"Wave_1596",0.112946888716688
"Wave_1597",0.111778784004725
"Wave_1598",0.11296546280038
"Wave_1599",0.113906197618462
"Wave_1600",0.11592101318659
"Wave_1601",0.115993881229106
"Wave_1602",0.113801326706267
"Wave_1603",0.112282035320175
"Wave_1604",0.109841533191475
"Wave_1605",0.107445862979029
"Wave_1606",0.103253840941587
"Wave_1607",0.0992155857720058
"Wave_1608",0.0963225883131991
"Wave_1609",0.0961304650623405
"Wave_1610",0.0980800770669261
"Wave_1611",0.101545150368871
"Wave_1612",0.104955017217235
"Wave_1613",0.102637621126444
"Wave_1614",0.101710563307652
"Wave_1615",0.0971478136351116
"Wave_1616",0.0924393772814537
"Wave_1617",0.0910696273651806
"Wave_1618",0.0888966568578669
"Wave_1619",0.0863598669037056
"Wave_1620",0.0847396343767825
"Wave_1621",0.0833378676069486
"Wave_1622",0.0825532980564457
"Wave_1623",0.0828111695767482
"Wave_1624",0.0813209421555022
"Wave_1625",0.0790801746348559
"Wave_1626",0.0777640984586474
"Wave_1627",0.0749161772580084
"Wave_1628",0.072727754182886
"Wave_1629",0.0702015808347687
"Wave_1630",0.0669468926486222
"Wave_1631",0.0637481132111005
"Wave_1632",0.0613980303577653
"Wave_1633",0.0588829400968522
"Wave_1634",0.0559412994965512
"Wave_1635",0.052091009920886
"Wave_1636",0.0483663859664388
"Wave_1637",0.0447055832004044
"Wave_1638",0.0416078556056169
"Wave_1639",0.0365745636184602
"Wave_1640",0.0330177901076372
"Wave_1641",0.0308782303973468
"Wave_1642",0.0263065124348635
"Wave_1643",0.0224483158857479
"Wave_1644",0.0177429377630045
"Wave_1645",0.0120706489126992
"Wave_1646",0.00697430039029767
"Wave_1647",0.00124058016525971
"Wave_1648",-0.00277010357746573
"Wave_1649",-0.00779172858185766
"Wave_1650",-0.0129068861860877
"Wave_1651",-0.0174633271437542
"Wave_1652",-0.0214610511631877
"Wave_1653",-0.0240957984176626
"Wave_1654",-0.0266025115321138
"Wave_1655",-0.0285035592310264
"Wave_1656",-0.0290725841320662
"Wave_1657",-0.0297097571786207
"Wave_1658",-0.0318691008526597
"Wave_1659",-0.0348545090369912
"Wave_1660",-0.0370723503188104
"Wave_1661",-0.0399431663016059
"Wave_1662",-0.0391895133093337
"Wave_1663",-0.0387716758095472
"Wave_1664",-0.0387202468284944
"Wave_1665",-0.038373307264021
"Wave_1666",-0.038972353943633
"Wave_1667",-0.0388210539250019
"Wave_1668",-0.0383432504843004
"Wave_1669",-0.0370407729900708
"Wave_1670",-0.0348646781406425
"Wave_1671",-0.0358748564905312
"Wave_1672",-0.036135153518685
"Wave_1673",-0.0363153380382856
"Wave_1674",-0.0366402580982705
"Wave_1675",-0.0354102871758627
"Wave_1676",-0.0326925153298768
"Wave_1677",-0.032898487004071
"Wave_1678",-0.0309862258194926
"Wave_1679",-0.0298209761732174
"Wave_1680",-0.0281898116874718
"Wave_1681",-0.0274074211657011
"Wave_1682",-0.0266702651056285
"Wave_1683",-0.0267184486127592
"Wave_1684",-0.025378815686359
"Wave_1685",-0.0251430761978543
"Wave_1686",-0.0239428959516808
"Wave_1687",-0.0214097744786803
"Wave_1688",-0.0193488976158721
"Wave_1689",-0.0200219270853188
"Wave_1690",-0.0207467766084292
"Wave_1691",-0.0220815938368831
"Wave_1692",-0.0233792224496751
"Wave_1693",-0.025354279857742
"Wave_1694",-0.0251296606727147
"Wave_1695",-0.0258329751964005
"Wave_1696",-0.0258816229982873
"Wave_1697",-0.0268666193578032
"Wave_1698",-0.0291531613109249
"Wave_1699",-0.030768233253298
"Wave_1700",-0.0325966067685324
"Wave_1701",-0.0356719520317243
"Wave_1702",-0.0381424780250848
"Wave_1703",-0.0413340374403366
"Wave_1704",-0.0445417480881447
"Wave_1705",-0.0453262926596986
"Wave_1706",-0.0454737935969524
"Wave_1707",-0.0487603473330782
"Wave_1708",-0.0503379819697402
"Wave_1709",-0.0559612387852822
"Wave_1710",-0.0598798237249717
"Wave_1711",-0.0625384785628026
"Wave_1712",-0.0651991455130766
"Wave_1713",-0.0666221666721683
"Wave_1714",-0.0672261617397061
"Wave_1715",-0.0683806306253043
"Wave_1716",-0.0694024112538348
"Wave_1717",-0.0713474015043317
"Wave_1718",-0.0743284752807739
"Wave_1719",-0.0767297489785258
"Wave_1720",-0.0766892230436707
"Wave_1721",-0.0775566368619333
"Wave_1722",-0.0770132071361093
"Wave_1723",-0.0778980660010003
"Wave_1724",-0.0775946683238459
"Wave_1725",-0.0788520570139908
"Wave_1726",-0.0783525067833974
"Wave_1727",-0.079556829878757
"Wave_1728",-0.0798626761548642
"Wave_1729",-0.0817363660145119
"Wave_1730",-0.0820437092448033
"Wave_1731",-0.0834086345765233
"Wave_1732",-0.0839938005051743
"Wave_1733",-0.0858241088469492
"Wave_1734",-0.0895759159121908
"Wave_1735",-0.0922815254362698
"Wave_1736",-0.0924507631028878
"Wave_1737",-0.0925110078404745
"Wave_1738",-0.0917917696649769
"Wave_1739",-0.0942955524295174
"Wave_1740",-0.0981803666358506
"Wave_1741",-0.101297742673076
"Wave_1742",-0.104415474027655
"Wave_1743",-0.104754880227825
"Wave_1744",-0.105051996880266
"Wave_1745",-0.106254079147085
"Wave_1746",-0.107323008142227
"Wave_1747",-0.108840893752038
"Wave_1748",-0.110438878154696
"Wave_1749",-0.11205254149837
"Wave_1750",-0.113909063938093
"Wave_1751",-0.115717779622328
"Wave_1752",-0.117393289263393
"Wave_1753",-0.117836476248721
"Wave_1754",-0.112864579121953
"Wave_1755",-0.10792256869164
"Wave_1756",-0.102055298412447
"Wave_1757",-0.0990966891556249
"Wave_1758",-0.0964299189535721
"Wave_1759",-0.0915775618494332
"Wave_1760",-0.0865846241760887
"Wave_1761",-0.0850491527831371
"Wave_1762",-0.0881673857857603
"Wave_1763",-0.093141626554219
"Wave_1764",-0.0977535415985992
"Wave_1765",-0.102290551777601
"Wave_1766",-0.104968150674838
"Wave_1767",-0.108406521430951
"Wave_1768",-0.104819539969645
"Wave_1769",-0.100944012534224
"Wave_1770",-0.0974551175646055
"Wave_1771",-0.0949087533466701
"Wave_1772",-0.0970847964827212
"Wave_1773",-0.100820588863225
"Wave_1774",-0.104540652591028
"Wave_1775",-0.108325268369708
"Wave_1776",-0.113080625531491
"Wave_1777",-0.118250487557652
"Wave_1778",-0.121939904667129
"Wave_1779",-0.121512204922023
"Wave_2101",0.0530660699232904
"Wave_2102",0.0718135131887605
"Wave_2103",0.0964951999769842
"Wave_2104",0.119294503258431
"Wave_2105",0.108053470699284
"Wave_2106",0.0965981876159255
"Wave_2107",0.0900812340924547
"Wave_2108",0.0916925722206715
"Wave_2109",0.099299384667518
"Wave_2110",0.143667987811924
"Wave_2111",0.187937505265272
"Wave_2112",0.21161730290781
"Wave_2113",0.218401059685485
"Wave_2114",0.217503048562221
"Wave_2115",0.193445603690629
"Wave_2116",0.167475623635422
"Wave_2117",0.148360538482986
"Wave_2118",0.137095265251745
"Wave_2119",0.131953293909696
"Wave_2120",0.143627972294689
"Wave_2121",0.154591447919539
"Wave_2122",0.160203106210722
"Wave_2123",0.168757482091324
"Wave_2124",0.170717237431427
"Wave_2125",0.16437565742136
"Wave_2126",0.158088389427208
"Wave_2127",0.145755074039494
"Wave_2128",0.122602228730994
"Wave_2129",0.0943580780120343
"Wave_2130",0.0802018465825762
"Wave_2131",0.0686003245514401
"Wave_2132",0.0681789032474155
"Wave_2133",0.0690902185660182
"Wave_2134",0.06895280804993
"Wave_2135",0.0600469799357999
"Wave_2136",0.0507178216187361
"Wave_2137",0.052188661149398
"Wave_2138",0.0580961254071599
"Wave_2139",0.0639190803812977
"Wave_2140",0.0704827810675068
"Wave_2141",0.074125062377034
"Wave_2142",0.0597915330227497
"Wave_2143",0.0409039769360798
"Wave_2144",0.0305127260193027
"Wave_2145",0.0246960637315303
"Wave_2146",0.0211575462527072
"Wave_2147",0.0310512118654966
"Wave_2148",0.0436715809236759
"Wave_2149",0.0494382711837523
"Wave_2150",0.0551596347252805
"Wave_2151",0.0587921883598264
"Wave_2152",0.0514253298243891
"Wave_2153",0.0384822208091483
"Wave_2154",0.0339508176302248
"Wave_2155",0.0427756353567105
"Wave_2156",0.0515065875301428
"Wave_2157",0.0616499748838051
"Wave_2158",0.0729593600416747
"Wave_2159",0.0761737648884687
"Wave_2160",0.0742617406533989
"Wave_2161",0.0720140265639836
"Wave_2162",0.061792345259728
"Wave_2163",0.0484707057753085
"Wave_2164",0.0444248725453372
"Wave_2165",0.0507032944574214
"Wave_2166",0.0572497193753351
"Wave_2167",0.0650640595447717
"Wave_2168",0.0717408460100894
"Wave_2169",0.064939048820443
"Wave_2170",0.0566216249194871
"Wave_2171",0.0481130527134306
"Wave_2172",0.0484478817693985
"Wave_2173",0.0520888832923506
"Wave_2174",0.0558309694644242
"Wave_2175",0.0452516380970833
"Wave_2176",0.0269340167430968
"Wave_2177",-0.00636658344816437
"Wave_2178",-0.0415020596758349
"Wave_2179",-0.0695246728894534
"Wave_2180",-0.0896546210596621
"Wave_2181",-0.0974735335069886
"Wave_2182",-0.0844354463525623
"Wave_2183",-0.0671069298529013
"Wave_2184",-0.0531233638581677
"Wave_2185",-0.0435734717136772
"Wave_2186",-0.0418550524336777
"Wave_2187",-0.0508313253438975
"Wave_2188",-0.0638619476822986
"Wave_2189",-0.0812406581861364
"Wave_2190",-0.10071429852649
"Wave_2191",-0.121702221427188
"Wave_2192",-0.127453364345161
"Wave_2193",-0.124388936860284
"Wave_2194",-0.112381828126101
"Wave_2195",-0.0984252200520911
"Wave_2196",-0.0918288584886982
"Wave_2197",-0.093755632159234
"Wave_2198",-0.0970897880650597
"Wave_2199",-0.10549522545928
"Wave_2200",-0.113800034732068
"Wave_2201",-0.121707991256593
"Wave_2202",-0.129753300446414
"Wave_2203",-0.143652263409141
"Wave_2204",-0.157044979288529
"Wave_2205",-0.161587023927941
"Wave_2206",-0.159684962571234
"Wave_2207",-0.159548514684037
"Wave_2208",-0.158979191407603
"Wave_2209",-0.150012486321649
"Wave_2210",-0.14906609783545
"Wave_2211",-0.152288034036871
"Wave_2212",-0.152647457542466
"Wave_2213",-0.158119893936841
"Wave_2214",-0.169323701967209
"Wave_2215",-0.172062492873968
"Wave_2216",-0.170530139474677
"Wave_2217",-0.174437225308227
"Wave_2218",-0.162432068157679
"Wave_2219",-0.149254976327821
"Wave_2220",-0.150992839385236
"Wave_2221",-0.163097100635685
"Wave_2222",-0.170611124335899
"Wave_2223",-0.194131702876118
"Wave_2224",-0.21449503242875
"Wave_2225",-0.210436118272681
"Wave_2226",-0.201876767042463
"Wave_2227",-0.193350905070448
"Wave_2228",-0.180628601005826
"Wave_2229",-0.18188218898602
"Wave_2230",-0.209807271048266
"Wave_2231",-0.234092334548549
"Wave_2232",-0.225629550349679
"Wave_2233",-0.212180099077881
"Wave_2234",-0.184878355293158
"Wave_2235",-0.156679380272015
"Wave_2236",-0.138482203567457
"Wave_2237",-0.145642034365604
"Wave_2238",-0.154360424260071
"Wave_2239",-0.176353623969985
"Wave_2240",-0.201919411264384
"Wave_2241",-0.213466343492327
"Wave_2242",-0.20221162405488
"Wave_2243",-0.190584551443066
"Wave_2244",-0.181160838379418
"Wave_2245",-0.171651666856644
"Wave_2246",-0.171121515368365
"Wave_2247",-0.175195120797884
"Wave_2248",-0.178570931341957
"Wave_2249",-0.180539494704417
"Wave_2250",-0.181398077911496
"Wave_2251",-0.170739338969403
"Wave_2252",-0.161130355245328
"Wave_2253",-0.164733565142751
"Wave_2254",-0.171805940902183
"Wave_2255",-0.181362403334215
"Wave_2256",-0.190599745129854
"Wave_2257",-0.199814148045166
"Wave_2258",-0.187078913853144
"Wave_2259",-0.174319935293915
"Wave_2260",-0.159383566670606
"Wave_2261",-0.141685898387106
"Wave_2262",-0.125147950213749
"Wave_2263",-0.118266354494047
"Wave_2264",-0.110694633760335
"Wave_2265",-0.106128613928901
"Wave_2266",-0.103096823058724
"Wave_2267",-0.110301291089153
"Wave_2268",-0.127166525795029
"Wave_2269",-0.143383003827807
"Wave_2270",-0.152415755824554
"Wave_2271",-0.162282313507723
"Wave_2272",-0.159218640563649
"Wave_2273",-0.153131745539349
"Wave_2274",-0.144709183084771
"Wave_2275",-0.12878646499729
"Wave_2276",-0.111892949999701
"Wave_2277",-0.0894919294549986
"Wave_2278",-0.0659480396949752
"Wave_2279",-0.0569317540932401
"Wave_2280",-0.0560068584838259
"Wave_2281",-0.0562598818136877
"Wave_2282",-0.0572985445117523
"Wave_2283",-0.0602381291134131
"Wave_2284",-0.0736389520952247
"Wave_2285",-0.0871864034614046
"Wave_2286",-0.0869329651273307
"Wave_2287",-0.0833571976996062
"Wave_2288",-0.073400236876119
"Wave_2289",-0.0543359973987824
"Wave_2290",-0.0383455175178662
"Wave_2291",-0.0506077939223122
"Wave_2292",-0.0635694804917075
"Wave_2293",-0.0583545424817089
"Wave_2294",-0.0461888651153972
"Wave_2295",-0.0412775977141474
"Wave_2296",-0.0446682996516542
"Wave_2297",-0.0460166142836148
"Wave_2298",-0.0401845637853347
"Wave_2299",-0.0337760573734794
"Wave_2300",-0.00571933057531161
"Wave_2301",0.0219561415899173
"Wave_2302",0.0235612247715632
"Wave_2303",0.000806316593843417
"Wave_2304",-0.0116704244051623
"Wave_2305",0.00799414220442966
"Wave_2306",0.0260369271917936
"Wave_2307",0.0538189934315476
"Wave_2308",0.0887102559272688
"Wave_2309",0.1083778366561
"Wave_2310",0.116961649659013
"Wave_2311",0.11982878223118
"Wave_2312",0.0973724811847945
"Wave_2313",0.0797197836904421
"Wave_2314",0.0878786827546654
"Wave_2315",0.0969729882853887
"Wave_2316",0.0991258344196073
"Wave_2317",0.105521557974369
"Wave_2318",0.095898726180863
"Wave_2319",0.0791530957157225
"Wave_2320",0.0693821412981736
