"","Jmax_Spec_Tleaf.12.comps"
"(Intercept)",124.097571712589
"Wave_500",-0.546002826732501
"Wave_501",-0.534349841433957
"Wave_502",-0.510561539413048
"Wave_503",-0.482200864320776
"Wave_504",-0.460394584126312
"Wave_505",-0.44520407875321
"Wave_506",-0.425496020541696
"Wave_507",-0.395016061901638
"Wave_508",-0.369587568084693
"Wave_509",-0.344358331138512
"Wave_510",-0.319168733377572
"Wave_511",-0.302157071542651
"Wave_512",-0.277430625786316
"Wave_513",-0.251634040704123
"Wave_514",-0.238148367897042
"Wave_515",-0.248165216307107
"Wave_516",-0.253458141211469
"Wave_517",-0.237567978559739
"Wave_518",-0.224748230786889
"Wave_519",-0.224659705794946
"Wave_520",-0.227669607918918
"Wave_521",-0.230089570005716
"Wave_522",-0.235400641370548
"Wave_523",-0.243702356269559
"Wave_524",-0.252414184635134
"Wave_525",-0.272025044024778
"Wave_526",-0.291966130027375
"Wave_527",-0.31062531036716
"Wave_528",-0.333745788023289
"Wave_529",-0.311114393034371
"Wave_530",-0.284367540025181
"Wave_531",-0.295069903410622
"Wave_532",-0.322452797697203
"Wave_533",-0.328577824706549
"Wave_534",-0.322389296496895
"Wave_535",-0.342783618603405
"Wave_536",-0.355539478746297
"Wave_537",-0.377893446322451
"Wave_538",-0.419514848255949
"Wave_539",-0.46272029866526
"Wave_540",-0.490480296201805
"Wave_541",-0.499453474933914
"Wave_542",-0.489981355402998
"Wave_543",-0.483603056179268
"Wave_544",-0.482691129908101
"Wave_545",-0.501310838085801
"Wave_546",-0.543022604942308
"Wave_547",-0.64095791461591
"Wave_548",-0.779824203028048
"Wave_549",-0.791375334689542
"Wave_550",-0.666605858755477
"Wave_551",-0.48286839272792
"Wave_552",-0.301777040109613
"Wave_553",-0.356777386590708
"Wave_554",-0.410232642427582
"Wave_555",-0.43140715616539
"Wave_556",-0.375325950347788
"Wave_557",-0.343812193714943
"Wave_558",-0.32838102829276
"Wave_559",-0.315327746338998
"Wave_560",-0.289073933889952
"Wave_561",-0.236273890578911
"Wave_562",-0.175965425573994
"Wave_563",-0.172553962531319
"Wave_564",-0.169709521262543
"Wave_565",-0.154277559909511
"Wave_566",-0.115317358572818
"Wave_567",-0.0689544703517013
"Wave_568",-0.0326063064469962
"Wave_569",-0.00156790273610757
"Wave_570",0.0432469472655807
"Wave_571",0.0830599613440976
"Wave_572",0.121740857207514
"Wave_573",0.153060434039448
"Wave_574",0.167733477752747
"Wave_575",0.202478145928458
"Wave_576",0.233075393216992
"Wave_577",0.243576169714767
"Wave_578",0.253108571009199
"Wave_579",0.262207393421721
"Wave_580",0.276214680856612
"Wave_581",0.272263955574562
"Wave_582",0.27258293877197
"Wave_583",0.281253387139518
"Wave_584",0.296800234834741
"Wave_585",0.294853549082352
"Wave_586",0.291190348414771
"Wave_587",0.289134263138286
"Wave_588",0.287050373247744
"Wave_589",0.277726015741216
"Wave_590",0.268795544140501
"Wave_591",0.263025711742265
"Wave_592",0.261992046236642
"Wave_593",0.271975758040043
"Wave_594",0.284081080672048
"Wave_595",0.292683246042496
"Wave_596",0.285694115479315
"Wave_597",0.271177916130202
"Wave_598",0.255092212574269
"Wave_599",0.253269909712598
"Wave_600",0.255531673236251
"Wave_601",0.262677936445755
"Wave_602",0.263962358387335
"Wave_603",0.271938308428145
"Wave_604",0.285034886032299
"Wave_605",0.293897377533394
"Wave_606",0.284861039207245
"Wave_607",0.29037391388895
"Wave_608",0.291460141135365
"Wave_609",0.28941010895423
"Wave_610",0.294019755479099
"Wave_611",0.288304828972463
"Wave_612",0.279981903252774
"Wave_613",0.276023102792683
"Wave_614",0.296009720214825
"Wave_615",0.305969913187071
"Wave_616",0.307127833281662
"Wave_617",0.297993855607992
"Wave_618",0.278954448744795
"Wave_619",0.278306841594266
"Wave_620",0.283253827011198
"Wave_621",0.27632147082216
"Wave_622",0.260220604879211
"Wave_623",0.251910242168657
"Wave_624",0.252295899876664
"Wave_625",0.241641148530824
"Wave_626",0.23830264748448
"Wave_627",0.236827801850334
"Wave_628",0.241811838007003
"Wave_629",0.244899050521161
"Wave_630",0.234266584856714
"Wave_631",0.220564518304556
"Wave_632",0.217901548486358
"Wave_633",0.223349356623384
"Wave_634",0.238565323682013
"Wave_635",0.258563784882207
"Wave_636",0.279007302917626
"Wave_637",0.303097678713772
"Wave_638",0.304955182431698
"Wave_639",0.288666769583782
"Wave_640",0.289090865674989
"Wave_641",0.291060123241064
"Wave_642",0.294199342039472
"Wave_643",0.296382647605161
"Wave_644",0.277174663221914
"Wave_645",0.270098412254473
"Wave_646",0.264943043508957
"Wave_647",0.246218263941381
"Wave_648",0.239132816963452
"Wave_649",0.221292307889277
"Wave_650",0.189071471607639
"Wave_651",0.141910522460429
"Wave_652",0.111051952352981
"Wave_653",0.0853242887223672
"Wave_654",0.0731209837922408
"Wave_655",0.093070889594611
"Wave_656",0.113816463736239
"Wave_657",0.0954807836263153
"Wave_658",0.0448430240670295
"Wave_659",0.0117315644463461
"Wave_660",-0.0396547035907161
"Wave_661",-0.0369729730269741
"Wave_662",0.0411840233983476
"Wave_663",0.00992978174802371
"Wave_664",-0.0413334577727367
"Wave_665",-0.0686120448975614
"Wave_666",-0.0453335523134843
"Wave_667",-0.0663132903036832
"Wave_668",-0.0864587117916723
"Wave_669",-0.0930815518741148
"Wave_670",-0.0671340170777976
"Wave_671",-0.0779160822797841
"Wave_672",-0.116170459640276
"Wave_673",-0.163228406135538
"Wave_674",-0.202191009210885
"Wave_675",-0.214695145480218
"Wave_676",-0.236596367312376
"Wave_677",-0.25933757079456
"Wave_678",-0.250606744286923
"Wave_679",-0.247306158681037
"Wave_680",-0.247181126769585
"Wave_681",-0.249568221256547
"Wave_682",-0.248428226053162
"Wave_683",-0.259253468741172
"Wave_684",-0.261176580297135
"Wave_685",-0.253617926655595
"Wave_686",-0.20390354845635
"Wave_687",-0.132366660928522
"Wave_688",-0.0722550228355343
"Wave_689",-0.0243774615537542
"Wave_690",0.0337458469170063
"Wave_691",0.096013412794553
"Wave_692",0.146935577519628
"Wave_693",0.198100660261315
"Wave_694",0.241972603677951
"Wave_695",0.294146348359572
"Wave_696",0.331523068021297
"Wave_697",0.344363162180413
"Wave_698",0.32287053235787
"Wave_699",0.327821607503958
"Wave_700",0.3572847426209
"Wave_701",0.358833818678785
"Wave_702",0.325812550366301
"Wave_703",0.352533048492947
"Wave_704",0.372979054994668
"Wave_705",0.357315315579265
"Wave_706",0.315322532115287
"Wave_707",0.315548479035055
"Wave_708",0.339825144471202
"Wave_709",0.37081220882645
"Wave_710",0.364168915471045
"Wave_711",0.335188394954713
"Wave_712",0.293080295294454
"Wave_713",0.21434509532429
"Wave_714",0.176287871303266
"Wave_715",0.115269602697509
"Wave_716",0.172583616144774
"Wave_717",0.323261458073691
"Wave_718",0.357468982486476
"Wave_719",0.342951985351268
"Wave_720",0.156399165690168
"Wave_721",-0.0548119115715779
"Wave_722",-0.202950500746192
"Wave_723",-0.248945721119433
"Wave_724",-0.180557527526062
"Wave_725",-0.198126933744945
"Wave_726",-0.317251384583498
"Wave_727",-0.445545993078864
"Wave_728",-0.469135214661165
"Wave_729",-0.515297662235486
"Wave_730",-0.580654210306462
"Wave_731",-0.634297427783923
"Wave_732",-0.763962827982241
"Wave_733",-0.888730239461601
"Wave_734",-0.933359109188566
"Wave_735",-0.925689210645933
"Wave_736",-0.892265163266259
"Wave_737",-0.854803685063136
"Wave_738",-0.839433068010792
"Wave_739",-0.876763671590787
"Wave_740",-0.818267057949826
"Wave_741",-0.719249177842218
"Wave_742",-0.70785149270974
"Wave_743",-0.638770880755427
"Wave_744",-0.574072225154905
"Wave_745",-0.501272422261322
"Wave_746",-0.472311338978538
"Wave_747",-0.419153445411911
"Wave_748",-0.349772456089107
"Wave_749",-0.292162744535607
"Wave_750",-0.240164374923539
"Wave_751",-0.152270847275253
"Wave_752",-0.0979698723473578
"Wave_753",-0.0722416611494291
"Wave_754",-0.0293667352027319
"Wave_755",-0.0324783308023684
"Wave_756",-0.110532847169083
"Wave_757",-0.239396146697691
"Wave_758",0.0470011567189104
"Wave_759",0.650961682374609
"Wave_760",1.37361261996699
"Wave_761",1.83267494330756
"Wave_762",1.78614004180258
"Wave_763",1.09822599985321
"Wave_764",0.664228733517438
"Wave_765",0.476485213410967
"Wave_766",0.23760346097258
"Wave_767",0.202021162141207
"Wave_768",0.330233689021048
"Wave_769",0.378311380538069
"Wave_770",0.428128713466057
"Wave_771",0.539442763751147
"Wave_772",0.543322402369234
"Wave_773",0.521103996933008
"Wave_774",0.47339800493625
"Wave_775",0.472634349244185
"Wave_776",0.547110429469825
"Wave_777",0.587219063861302
"Wave_778",0.610544046222539
"Wave_779",0.601035032477226
"Wave_780",0.556090889493714
"Wave_781",0.566568920157222
"Wave_782",0.552198368978431
"Wave_783",0.536582070627724
"Wave_784",0.503153953974211
"Wave_785",0.435493998520448
"Wave_786",0.415281014454267
"Wave_787",0.456506781296917
"Wave_788",0.573943815686351
"Wave_789",0.609210115757176
"Wave_790",0.607742599023596
"Wave_791",0.586685936662271
"Wave_792",0.541662951603667
"Wave_793",0.47460666985509
"Wave_794",0.425700339827379
"Wave_795",0.465689709573129
"Wave_796",0.433793047924015
"Wave_797",0.444469005320865
"Wave_798",0.481799727721005
"Wave_799",0.428658552786549
"Wave_800",0.456408958483355
"Wave_801",0.489262186930953
"Wave_802",0.485995132088919
"Wave_803",0.4487138072343
"Wave_804",0.415971151223779
"Wave_805",0.333135862191694
"Wave_806",0.322039491932341
"Wave_807",0.325216196197754
"Wave_808",0.391703466769731
"Wave_809",0.382281182080639
"Wave_810",0.296308705603636
"Wave_811",0.236578670614983
"Wave_812",0.212848159758645
"Wave_813",0.27928694770843
"Wave_814",0.362933077863327
"Wave_815",0.510205139842157
"Wave_816",0.641130799701022
"Wave_817",0.663380263171143
"Wave_818",0.665383183132498
"Wave_819",0.444734978003882
"Wave_820",0.363470265880809
"Wave_821",0.380289136508462
"Wave_822",0.41658027840974
"Wave_823",0.314928438621876
"Wave_824",0.180889166647421
"Wave_825",0.0804474250684269
"Wave_826",-0.0441376330181794
"Wave_827",-0.0419996206220686
"Wave_828",0.105161136392455
"Wave_829",0.0669126638352865
"Wave_830",0.0230918560496914
"Wave_831",-0.0855654186606282
"Wave_832",-0.191849316649317
"Wave_833",-0.272678295940746
"Wave_834",-0.248271018246866
"Wave_835",-0.283601939009285
"Wave_836",-0.25399924755362
"Wave_837",-0.236118138367275
"Wave_838",-0.303652641212651
"Wave_839",-0.405476191925443
"Wave_840",-0.440894068459885
"Wave_841",-0.411194848189839
"Wave_842",-0.437824829152691
"Wave_843",-0.531892913626921
"Wave_844",-0.502645281713293
"Wave_845",-0.526938213132643
"Wave_846",-0.637226762705591
"Wave_847",-0.673728708288758
"Wave_848",-0.483927693625668
"Wave_849",-0.476691317062329
"Wave_850",-0.514644389503663
"Wave_851",-0.675868098517092
"Wave_852",-0.775480036041151
"Wave_853",-0.678359081235322
"Wave_854",-0.695034625337552
"Wave_855",-0.758895150236117
"Wave_856",-0.754548281841351
"Wave_857",-0.748627986011627
"Wave_858",-0.773430135084249
"Wave_859",-0.812957044559199
"Wave_860",-0.765891095213756
"Wave_861",-0.595549100216391
"Wave_862",-0.537779671761384
"Wave_863",-0.580973438852769
"Wave_864",-0.661427909151739
"Wave_865",-0.737736549606452
"Wave_866",-0.669803191122236
"Wave_867",-0.62451481623045
"Wave_868",-0.696813580264629
"Wave_869",-0.843823423178828
"Wave_870",-0.811007902132753
"Wave_871",-0.893735216097577
"Wave_872",-0.96231371563635
"Wave_873",-0.753288797458973
"Wave_874",-0.635707636778609
"Wave_875",-0.622321360964789
"Wave_876",-0.718166849733766
"Wave_877",-0.732195898740735
"Wave_878",-0.898316242788243
"Wave_879",-0.808227293382179
"Wave_880",-0.777762074094379
"Wave_881",-0.881700807308687
"Wave_882",-0.891261553057182
"Wave_883",-0.860288825134866
"Wave_884",-0.638101468634971
"Wave_885",-0.380119580725273
"Wave_886",-0.414098932531601
"Wave_887",-0.626801811069418
"Wave_888",-0.644592826292231
"Wave_889",-0.804007432224707
"Wave_890",-0.433612265296561
"Wave_891",-0.202766638946326
"Wave_892",-0.163763427255993
"Wave_893",-0.163761533720208
"Wave_894",-0.235138976398182
"Wave_895",-0.219512670939946
"Wave_896",-0.162657395856447
"Wave_897",-0.0109849573600977
"Wave_898",0.0245897836385741
"Wave_899",0.00417010824879979
"Wave_900",-0.164164498121435
"Wave_901",-0.13224805166884
"Wave_902",-0.0527119442295377
"Wave_903",-0.142239077166636
"Wave_904",0.151901308527399
"Wave_905",0.276198429527979
"Wave_906",0.222502144336165
"Wave_907",0.603555957096488
"Wave_908",0.598759749802463
"Wave_909",0.711888664760212
"Wave_910",0.138449573680357
"Wave_911",-0.231116659329699
"Wave_912",-0.252821736745526
"Wave_913",0.0503267830984195
"Wave_914",0.75104596310066
"Wave_915",0.690553087884658
"Wave_916",0.0736784585503028
"Wave_917",-0.0570017595950569
"Wave_918",-0.105122989833902
"Wave_919",0.00130056093242659
"Wave_920",0.50117339411421
"Wave_921",0.778158016819737
"Wave_922",0.0831243121892184
"Wave_923",-0.204007864604128
"Wave_924",-0.0756553613800375
"Wave_925",0.0152224481353134
"Wave_926",-0.0189329573623085
"Wave_927",0.168057482440105
"Wave_928",0.902105761071945
"Wave_929",0.951537380828027
"Wave_930",0.472148380383247
"Wave_931",0.0925456986974132
"Wave_932",-0.132496811040686
"Wave_933",-0.409238917397419
"Wave_934",-0.665230947145314
"Wave_935",-0.205905689089809
"Wave_936",-0.147294355545138
"Wave_937",-0.431068852430385
"Wave_938",-0.0712150454423214
"Wave_939",0.633398799469011
"Wave_940",0.790407485357478
"Wave_941",0.201582012195252
"Wave_942",1.12862926233151
"Wave_943",0.907119900818496
"Wave_944",0.786428085900452
"Wave_945",0.480711284287614
"Wave_946",-0.000295601961547265
"Wave_947",-0.350743783636179
"Wave_948",-0.251471895964161
"Wave_949",1.27249381482964
"Wave_950",1.04963162241774
"Wave_951",0.723024201161879
"Wave_952",-0.0804500123763166
"Wave_953",-1.0548227249451
"Wave_954",-1.39299149939797
"Wave_955",-0.550797617002188
"Wave_956",-0.582291173103358
"Wave_957",1.06345989312337
"Wave_958",0.350254102734179
"Wave_959",0.204265721338653
"Wave_960",0.447326360440683
"Wave_961",0.283557720078799
"Wave_962",0.673167878306516
"Wave_963",-0.696962416095852
"Wave_964",-1.28707727987854
"Wave_965",-1.3283022644144
"Wave_966",-0.441238366584121
"Wave_967",0.648094504620548
"Wave_968",1.0914956827758
"Wave_969",0.705554921340238
"Wave_970",0.613804141418806
"Wave_971",0.497857070315745
"Wave_972",0.363408304461292
"Wave_973",0.222059595908671
"Wave_974",0.0830586630333069
"Wave_975",-0.0557774681246514
"Wave_976",-0.060429476814419
"Wave_977",0.132626355238533
"Wave_978",0.315787616117459
"Wave_979",0.519191097168487
"Wave_980",0.448938199363243
"Wave_981",0.20735991877065
"Wave_982",-0.0512835797125098
"Wave_983",-0.299158303604548
"Wave_984",-0.218391973223818
"Wave_985",-0.0360198576430512
"Wave_986",0.148813876085307
"Wave_987",0.332674484404249
"Wave_988",0.181796702949438
"Wave_989",0.0278973417930842
"Wave_990",-0.114380514266942
"Wave_991",-0.192367846637418
"Wave_992",-0.0189314255078797
"Wave_993",0.155718627257374
"Wave_994",0.315898382143143
"Wave_995",0.407891427799571
"Wave_996",0.256306974361508
"Wave_997",0.120845242860319
"Wave_998",-0.014329526322668
"Wave_999",-0.10973294419657
"Wave_1000",-0.161865853467428
"Wave_1001",-0.214204054896435
"Wave_1002",-0.266572708312915
"Wave_1003",-0.182388514626114
"Wave_1004",-0.0370597754679191
"Wave_1005",0.0935041748583967
"Wave_1006",0.238898277701443
"Wave_1007",0.238703853861886
"Wave_1008",0.207552678508689
"Wave_1009",0.176542998952215
"Wave_1010",0.147751529019213
"Wave_1011",0.174052403470365
"Wave_1012",0.232429014244536
"Wave_1013",0.291123080438934
"Wave_1014",0.341892825108185
"Wave_1015",0.341225271155559
"Wave_1016",0.303786750730435
"Wave_1017",0.266473277845726
"Wave_1018",0.247615611171418
"Wave_1019",0.25791370214454
"Wave_1020",0.269084431876643
"Wave_1021",0.280454024835693
"Wave_1022",0.274559228032191
"Wave_1023",0.238950457818879
"Wave_1024",0.20343507931063
"Wave_1025",0.167766455137526
"Wave_1026",0.123076142368842
"Wave_1027",0.109239904049048
"Wave_1028",0.0798135948161274
"Wave_1029",0.0504202391648249
"Wave_1030",0.0406383697073349
"Wave_1031",0.0232681746725749
"Wave_1032",-0.0101218894954157
"Wave_1033",-0.02092971845733
"Wave_1034",-0.00707767357430228
"Wave_1035",0.0134669815982556
"Wave_1036",0.0341697002652367
"Wave_1037",0.0500876011452443
"Wave_1038",0.0423390197793357
"Wave_1039",0.0266320710888353
"Wave_1040",-0.0053061883659148
"Wave_1041",-0.039321805869035
"Wave_1042",-0.0680145493709796
"Wave_1043",-0.112958078238539
"Wave_1044",-0.157628105585921
"Wave_1045",-0.163558601329127
"Wave_1046",-0.165964938327796
"Wave_1047",-0.168774643933777
"Wave_1048",-0.171621516312124
"Wave_1049",-0.178932634352001
"Wave_1050",-0.187948990985898
"Wave_1051",-0.196918843822206
"Wave_1052",-0.203910449866668
"Wave_1053",-0.205837423138767
"Wave_1054",-0.207595524528218
"Wave_1055",-0.209235093397132
"Wave_1056",-0.209448486474117
"Wave_1057",-0.210244841537122
"Wave_1058",-0.212260669340728
"Wave_1059",-0.230799912836611
"Wave_1060",-0.213877846882492
"Wave_1061",-0.215188629014211
"Wave_1062",-0.217514134303842
"Wave_1063",-0.219540828208017
"Wave_1064",-0.226936517672873
"Wave_1065",-0.261523941289359
"Wave_1066",-0.296198704618755
"Wave_1067",-0.329502748137911
"Wave_1068",-0.350632197974981
"Wave_1069",-0.355485391582017
"Wave_1070",-0.360609292521248
"Wave_1071",-0.3638936512141
"Wave_1072",-0.387223330862867
"Wave_1073",-0.406123806095791
"Wave_1074",-0.424824757324101
"Wave_1075",-0.422252085544486
"Wave_1076",-0.383347705817085
"Wave_1077",-0.334447480527401
"Wave_1078",-0.285560656391692
"Wave_1079",-0.250819070938409
"Wave_1080",-0.241011994600045
"Wave_1081",-0.235919833441938
"Wave_1082",-0.230996571571899
"Wave_1083",-0.203458362409624
"Wave_1084",-0.163026020346491
"Wave_1085",-0.121568669302265
"Wave_1086",-0.0791904905926612
"Wave_1087",-0.0345926024118106
"Wave_1088",0.00574511139475434
"Wave_1089",0.0457727316611516
"Wave_1090",0.0911544584302194
"Wave_1091",0.0812933134516908
"Wave_1092",0.0689189062128911
"Wave_1093",0.0724490194307277
"Wave_1094",0.0560374152401223
"Wave_1095",0.0662309435364817
"Wave_1096",0.0954926479542671
"Wave_1097",0.109235829281966
"Wave_1098",0.132942442554183
"Wave_1099",0.153822377359978
"Wave_1100",0.172914725512526
"Wave_1101",0.176330196779272
"Wave_1102",0.203913570599991
"Wave_1103",0.193524743572047
"Wave_1104",0.180785069054653
"Wave_1105",0.170798050803299
"Wave_1106",0.16842621772013
"Wave_1107",0.120398110393659
"Wave_1108",0.0875965041028904
"Wave_1109",0.055971008440366
"Wave_1110",0.0340745902148506
"Wave_1111",0.0452395961388082
"Wave_1112",0.0419823731390679
"Wave_1113",0.0611284783120298
"Wave_1114",0.177511847360281
"Wave_1115",0.323004586950626
"Wave_1116",0.468550354512423
"Wave_1117",0.533455136610911
"Wave_1118",0.531226848084533
"Wave_1119",0.529756213942965
"Wave_1120",0.537959513619575
"Wave_1121",0.473803515154413
"Wave_1122",0.40496287275907
"Wave_1123",0.334050607905554
"Wave_1124",0.31006303095196
"Wave_1125",0.39272510755497
"Wave_1126",0.447728392506255
"Wave_1127",0.502837713939816
"Wave_1128",0.553333893710167
"Wave_1129",0.540666177250308
"Wave_1130",0.391873504812444
"Wave_1131",0.243239576106356
"Wave_1132",0.129918814301346
"Wave_1133",0.0455026378214476
"Wave_1134",-0.025810101796259
"Wave_1135",-0.0969013317304508
"Wave_1136",-0.122962951945483
"Wave_1137",-0.174797005427993
"Wave_1138",-0.256820154430693
"Wave_1139",-0.338155221892834
"Wave_1140",-0.412447178070399
"Wave_1141",-0.429274641659517
"Wave_1142",-0.417638485084067
"Wave_1143",-0.414874763777274
"Wave_1144",-0.418923146004586
"Wave_1145",-0.41304601259064
"Wave_1146",-0.417076503315871
"Wave_1147",-0.502162699691206
"Wave_1148",-0.610469662511421
"Wave_1149",-0.68111342946284
"Wave_1150",-0.751945678475418
"Wave_1151",-0.796312337816956
"Wave_1152",-0.792652450068236
"Wave_1153",-0.753337217362229
"Wave_1154",-0.729548207029837
"Wave_1155",-0.750753032570828
"Wave_1156",-0.748001486354403
"Wave_1157",-0.756193853645436
"Wave_1158",-0.762111308097787
"Wave_1159",-0.782118038457563
"Wave_1160",-0.767917872624319
"Wave_1161",-0.753658085538366
"Wave_1162",-0.752153051386511
"Wave_1163",-0.747512035412391
"Wave_1164",-0.722473913064286
"Wave_1165",-0.697935723054586
"Wave_1166",-0.671738099678832
"Wave_1167",-0.637126383991721
"Wave_1168",-0.59213015143784
"Wave_1169",-0.546871424884402
"Wave_1170",-0.512083174796076
"Wave_1171",-0.46727855847207
"Wave_1172",-0.415168559199782
"Wave_1173",-0.36263621448146
"Wave_1174",-0.308510985158594
"Wave_1175",-0.246269646168046
"Wave_1176",-0.182066636430143
"Wave_1177",-0.122624419737767
"Wave_1178",-0.0709182971024738
"Wave_1179",0.00458836981157811
"Wave_1180",0.0800934726851634
"Wave_1181",0.157464278219005
"Wave_1182",0.231834919953575
"Wave_1183",0.29615780970671
"Wave_1184",0.360445254464307
"Wave_1185",0.388560045054873
"Wave_1186",0.399666596053199
"Wave_1187",0.402540960686539
"Wave_1188",0.405347237920076
"Wave_1189",0.456196473983097
"Wave_1190",0.514298345765495
"Wave_1191",0.57581507356604
"Wave_1192",0.627681568352019
"Wave_1193",0.640582548915133
"Wave_1194",0.640510407053671
"Wave_1195",0.639113276406451
"Wave_1196",0.642894845394516
"Wave_1197",0.655670045551458
"Wave_1198",0.684991680001235
"Wave_1199",0.714172692869232
"Wave_1200",0.735093653179125
"Wave_1201",0.75551476528643
"Wave_1202",0.780393038215769
"Wave_1203",0.805293988469456
"Wave_1204",0.809939053461555
"Wave_1205",0.79679066226018
"Wave_1206",0.772957161848457
"Wave_1207",0.755070481172448
"Wave_1208",0.761257293486771
"Wave_1209",0.764595847420744
"Wave_1210",0.767169919349636
"Wave_1211",0.759486439668575
"Wave_1212",0.73617363170194
"Wave_1213",0.712257445250529
"Wave_1214",0.688537812851592
"Wave_1215",0.666595714744699
"Wave_1216",0.651815189749049
"Wave_1217",0.652078791173655
"Wave_1218",0.652545113116261
"Wave_1219",0.66642423663392
"Wave_1220",0.670380974565026
"Wave_1221",0.662663284428071
"Wave_1222",0.65321290589986
"Wave_1223",0.629098396406352
"Wave_1224",0.615489932013198
"Wave_1225",0.604398880576558
"Wave_1226",0.593812779068242
"Wave_1227",0.584037077275891
"Wave_1228",0.568521226638725
"Wave_1229",0.545823759735915
"Wave_1230",0.542822101550016
"Wave_1231",0.53861565626955
"Wave_1232",0.544326052405109
"Wave_1233",0.550058790031013
"Wave_1234",0.555786060694329
"Wave_1235",0.568884236325333
"Wave_1236",0.582297702564753
"Wave_1237",0.610665441134275
"Wave_1238",0.636353079170703
"Wave_1239",0.640917364808277
"Wave_1240",0.647144886242666
"Wave_1241",0.646383118914642
"Wave_1242",0.629539066119966
"Wave_1243",0.621955402110435
"Wave_1244",0.607127562647889
"Wave_1245",0.609631892480022
"Wave_1246",0.645240707535238
"Wave_1247",0.685188354318703
"Wave_1248",0.725044051227192
"Wave_1249",0.702605053232549
"Wave_1250",0.666019163293052
"Wave_1251",0.638339307092476
"Wave_1252",0.595924911917755
"Wave_1253",0.607481867707003
"Wave_1254",0.617454528276485
"Wave_1255",0.626817157307453
"Wave_1256",0.647715434191728
"Wave_1257",0.670660420628171
"Wave_1258",0.712077028743938
"Wave_1259",0.771334310360278
"Wave_1260",0.814970746425565
"Wave_1261",0.858897668212467
"Wave_1262",0.873767140219629
"Wave_1263",0.888635705550031
"Wave_1264",0.889207348470744
"Wave_1265",0.862790342533024
"Wave_1266",0.816193015830959
"Wave_1267",0.769407299883913
"Wave_1268",0.732111718564638
"Wave_1269",0.669534810798108
"Wave_1270",0.596071408752912
"Wave_1271",0.526705730018468
"Wave_1272",0.473857523733373
"Wave_1273",0.414523864270812
"Wave_1274",0.346727739438465
"Wave_1275",0.298252168246886
"Wave_1276",0.238841216162867
"Wave_1277",0.18618621806808
"Wave_1278",0.14056539009391
"Wave_1279",0.0877744448422652
"Wave_1280",0.0451376530243803
"Wave_1281",0.00937011026431792
"Wave_1282",-0.0401825470939986
"Wave_1283",-0.0810293961648934
"Wave_1284",-0.13344649001852
"Wave_1285",-0.190668484669618
"Wave_1286",-0.245532651754269
"Wave_1287",-0.291971863765377
"Wave_1288",-0.341602366381276
"Wave_1289",-0.398084305619326
"Wave_1290",-0.447251140734669
"Wave_1291",-0.488761508791052
"Wave_1292",-0.532996512919399
"Wave_1293",-0.577285895078643
"Wave_1294",-0.606847731452066
"Wave_1295",-0.640278590232217
"Wave_1296",-0.664136315340618
"Wave_1297",-0.694213275321041
"Wave_1298",-0.733831495697647
"Wave_1299",-0.79270060412565
"Wave_1300",-0.859385374077428
"Wave_1301",-0.916998522964546
"Wave_1302",-0.958396692951564
"Wave_1303",-0.980405902511666
"Wave_1304",-1.0112934460961
"Wave_1305",-1.03271706413912
"Wave_1306",-1.05476814241506
"Wave_1307",-1.09568532137014
"Wave_1308",-1.13666093841559
"Wave_1309",-1.13836918088846
"Wave_1310",-1.12011874733814
"Wave_1311",-1.08774596440676
"Wave_1312",-1.06344306793475
"Wave_1313",-1.09876788272121
"Wave_1314",-1.17692341221188
"Wave_1315",-1.27321846257096
"Wave_1316",-1.36731502413239
"Wave_1317",-1.45278109323303
"Wave_1318",-1.50545564284497
"Wave_1319",-1.56100684095528
"Wave_1320",-1.59622069044773
"Wave_1321",-1.62582308631315
"Wave_1322",-1.66906283719533
"Wave_1323",-1.7125649997379
"Wave_1324",-1.72823883222795
"Wave_1325",-1.72258824094584
"Wave_1326",-1.70199093266101
"Wave_1327",-1.68242894746696
"Wave_1328",-1.67182726538152
"Wave_1329",-1.64802235637958
"Wave_1501",-0.360701362215417
"Wave_1502",-0.365798977848771
"Wave_1503",-0.371427877739039
"Wave_1504",-0.375207271357113
"Wave_1505",-0.377999285005043
"Wave_1506",-0.377116037000274
"Wave_1507",-0.375616383554263
"Wave_1508",-0.374114763899852
"Wave_1509",-0.350189285797504
"Wave_1510",-0.315467483935905
"Wave_1511",-0.286326149332735
"Wave_1512",-0.257286031040631
"Wave_1513",-0.275417957061418
"Wave_1514",-0.288584673549479
"Wave_1515",-0.309741078844279
"Wave_1516",-0.324931450622203
"Wave_1517",-0.336658433254291
"Wave_1518",-0.356720703817355
"Wave_1519",-0.37703996555214
"Wave_1520",-0.372132510091898
"Wave_1521",-0.338460453763197
"Wave_1522",-0.2872445301566
"Wave_1523",-0.236131008933139
"Wave_1524",-0.205340822985898
"Wave_1525",-0.192632546991332
"Wave_1526",-0.18643271776266
"Wave_1527",-0.176693276721628
"Wave_1528",-0.15307060376045
"Wave_1529",-0.11222782492642
"Wave_1530",-0.0711768040496896
"Wave_1531",-0.0494220042062224
"Wave_1532",-0.0409911656583314
"Wave_1533",-0.0346213084577192
"Wave_1534",-0.0278991510243071
"Wave_1535",-0.0283383374950663
"Wave_1536",-0.0343010540191225
"Wave_1537",-0.0420707888072557
"Wave_1538",-0.048535810369419
"Wave_1539",-0.049584546625519
"Wave_1540",-0.0487148556547329
"Wave_1541",-0.0479728559531126
"Wave_1542",-0.0369989759535265
"Wave_1543",-0.0147256568059131
"Wave_1544",0.014627754790406
"Wave_1545",0.0435648090250394
"Wave_1546",0.0676084815916189
"Wave_1547",0.0915058981778957
"Wave_1548",0.115430826190852
"Wave_1549",0.137606169656565
"Wave_1550",0.155985796307456
"Wave_1551",0.17239843206997
"Wave_1552",0.188694960446224
"Wave_1553",0.20338893315208
"Wave_1554",0.219453885680778
"Wave_1555",0.239377718504656
"Wave_1556",0.259477988549755
"Wave_1557",0.26692436067244
"Wave_1558",0.269906535648033
"Wave_1559",0.271611744385063
"Wave_1560",0.278846139120715
"Wave_1561",0.298582427262441
"Wave_1562",0.312457081499127
"Wave_1563",0.326479366837257
"Wave_1564",0.33365944317327
"Wave_1565",0.354955298266611
"Wave_1566",0.386226802552416
"Wave_1567",0.421919871415008
"Wave_1568",0.455464839723989
"Wave_1569",0.458774249273963
"Wave_1570",0.454463300981415
"Wave_1571",0.468738057077285
"Wave_1572",0.498752303854688
"Wave_1573",0.557590897430185
"Wave_1574",0.620403883042618
"Wave_1575",0.637203472110073
"Wave_1576",0.624652961200274
"Wave_1577",0.600931235091673
"Wave_1578",0.577197323276691
"Wave_1579",0.556201347825744
"Wave_1580",0.530634510674234
"Wave_1581",0.504843805927803
"Wave_1582",0.495654413641973
"Wave_1583",0.504334237888952
"Wave_1584",0.517553807196141
"Wave_1585",0.531037406324431
"Wave_1586",0.527429013520491
"Wave_1587",0.526895099953799
"Wave_1588",0.527068755026969
"Wave_1589",0.534448889654177
"Wave_1590",0.535285479792096
"Wave_1591",0.525605044363251
"Wave_1592",0.519280057883287
"Wave_1593",0.526735923701331
"Wave_1594",0.541929039005951
"Wave_1595",0.556357421340561
"Wave_1596",0.567170562109426
"Wave_1597",0.563117285182262
"Wave_1598",0.558935636008561
"Wave_1599",0.565943196071403
"Wave_1600",0.5650102351136
"Wave_1601",0.57034821968131
"Wave_1602",0.567602530729576
"Wave_1603",0.561143988037632
"Wave_1604",0.570169277740507
"Wave_1605",0.581194745803436
"Wave_1606",0.598510435346967
"Wave_1607",0.615065718007172
"Wave_1608",0.623467601985171
"Wave_1609",0.614254650702502
"Wave_1610",0.591863835374738
"Wave_1611",0.584017378658678
"Wave_1612",0.605022770452565
"Wave_1613",0.620817491990341
"Wave_1614",0.629152822190463
"Wave_1615",0.592213667626067
"Wave_1616",0.560543810689094
"Wave_1617",0.541327687728251
"Wave_1618",0.523251938551901
"Wave_1619",0.494559381279937
"Wave_1620",0.466648353370384
"Wave_1621",0.43881950882422
"Wave_1622",0.435174405247077
"Wave_1623",0.438150319463565
"Wave_1624",0.423222492712231
"Wave_1625",0.411960448830279
"Wave_1626",0.398930324249717
"Wave_1627",0.397471584679735
"Wave_1628",0.396120752790874
"Wave_1629",0.39297760336842
"Wave_1630",0.384979858375891
"Wave_1631",0.372089221527943
"Wave_1632",0.354854765042597
"Wave_1633",0.337529865064073
"Wave_1634",0.32231111528236
"Wave_1635",0.310738071210409
"Wave_1636",0.29805360781947
"Wave_1637",0.274761079951105
"Wave_1638",0.247471063353996
"Wave_1639",0.228747016532737
"Wave_1640",0.213084836483839
"Wave_1641",0.200495120778105
"Wave_1642",0.182148289481145
"Wave_1643",0.159910163742089
"Wave_1644",0.152493062041185
"Wave_1645",0.150839596626684
"Wave_1646",0.146130753996467
"Wave_1647",0.142706146521896
"Wave_1648",0.126150194681686
"Wave_1649",0.113829239872988
"Wave_1650",0.101607673464701
"Wave_1651",0.0789688461087144
"Wave_1652",0.0520884274978878
"Wave_1653",0.0270677891972242
"Wave_1654",0.0056021613121061
"Wave_1655",0.0182761607311687
"Wave_1656",0.0285292793248856
"Wave_1657",0.0436457013924156
"Wave_1658",0.0461281152515142
"Wave_1659",0.0324287593592397
"Wave_1660",0.0216858085936418
"Wave_1661",0.0152997353960445
"Wave_1662",0.00841849552866132
"Wave_1663",0.00274768739664298
"Wave_1664",-0.00561602886672474
"Wave_1665",-0.0185028935374799
"Wave_1666",-0.03245831167358
"Wave_1667",-0.0341372626758558
"Wave_1668",-0.0305955580219452
"Wave_1669",-0.00887966737679536
"Wave_1670",0.0166380306715224
"Wave_1671",0.0509608317195264
"Wave_1672",0.0790830901203384
"Wave_1673",0.0861462083285443
"Wave_1674",0.0957891934926609
"Wave_1675",0.100066249904374
"Wave_1676",0.099244927864691
"Wave_1677",0.114449270770372
"Wave_1678",0.118775140923073
"Wave_1679",0.126775647235965
"Wave_1680",0.139296575697715
"Wave_1681",0.157571488110866
"Wave_1682",0.177628950946604
"Wave_1683",0.195841398666286
"Wave_1684",0.194485803005687
"Wave_1685",0.193474403095635
"Wave_1686",0.184830233211523
"Wave_1687",0.181513544179344
"Wave_1688",0.185455383022931
"Wave_1689",0.193209513656424
"Wave_1690",0.199365268892847
"Wave_1691",0.193773516080089
"Wave_1692",0.183857400926549
"Wave_1693",0.17046772360288
"Wave_1694",0.164318975520338
"Wave_1695",0.17405149972531
"Wave_1696",0.185250942265622
"Wave_1697",0.201572523586842
"Wave_1698",0.212804414222615
"Wave_1699",0.217250543319773
"Wave_1700",0.20859478354589
"Wave_1701",0.1952816826777
"Wave_1702",0.163967414616808
"Wave_1703",0.139086683894082
"Wave_1704",0.116043931939957
"Wave_1705",0.121227182935718
"Wave_1706",0.133727975246918
"Wave_1707",0.132656008395295
"Wave_1708",0.118767472301178
"Wave_1709",0.105939441762582
"Wave_1710",0.0890932181694276
"Wave_1711",0.0728738550184774
"Wave_1712",0.0509213235050158
"Wave_1713",0.0202987013487533
"Wave_1714",-0.0148199426876293
"Wave_1715",-0.0479412837635192
"Wave_1716",-0.0880183332477839
"Wave_1717",-0.130863129862854
"Wave_1718",-0.197500507606518
"Wave_1719",-0.236383329555491
"Wave_1720",-0.257941573598109
"Wave_1721",-0.247159790373326
"Wave_1722",-0.227059124653612
"Wave_1723",-0.199350775653509
"Wave_1724",-0.17886684603986
"Wave_1725",-0.175061471273609
"Wave_1726",-0.182665755409086
"Wave_1727",-0.180395195054092
"Wave_1728",-0.189239439330306
"Wave_1729",-0.196937131450766
"Wave_1730",-0.209841766916578
"Wave_1731",-0.214867878714927
"Wave_1732",-0.227917633583163
"Wave_1733",-0.248267545754922
"Wave_1734",-0.289918950788943
"Wave_1735",-0.334793113372965
"Wave_1736",-0.381290740450372
"Wave_1737",-0.404000223358344
"Wave_1738",-0.422507619675549
"Wave_1739",-0.424568815061208
"Wave_1740",-0.423418253736227
"Wave_1741",-0.435439673065265
"Wave_1742",-0.447491817840069
"Wave_1743",-0.476579909908057
"Wave_1744",-0.48955759075649
"Wave_1745",-0.483579164504838
"Wave_1746",-0.472800905799911
"Wave_1747",-0.452271880345309
"Wave_1748",-0.4662648817237
"Wave_1749",-0.480410553303527
"Wave_1750",-0.502185025571166
"Wave_1751",-0.545033022777797
"Wave_1752",-0.607103719709712
"Wave_1753",-0.667440485819194
"Wave_1754",-0.725936676123322
"Wave_1755",-0.688626649348883
"Wave_1756",-0.650282625297902
"Wave_1757",-0.609790169387896
"Wave_1758",-0.569573853420536
"Wave_1759",-0.53994956812568
"Wave_1760",-0.516434645963324
"Wave_1761",-0.497510280821779
"Wave_1762",-0.522491248748205
"Wave_1763",-0.537247832230522
"Wave_1764",-0.545271841951453
"Wave_1765",-0.537311605600045
"Wave_1766",-0.537616036222182
"Wave_1767",-0.528959414820526
"Wave_1768",-0.517852270209307
"Wave_1769",-0.52470626045489
"Wave_1770",-0.533284017555863
"Wave_1771",-0.564099010796358
"Wave_1772",-0.612596756189918
"Wave_1773",-0.625184368153904
"Wave_1774",-0.63768338106841
"Wave_1775",-0.651424997456176
"Wave_1776",-0.711522949284116
"Wave_1777",-0.791280336182023
"Wave_1778",-0.864722234451965
"Wave_1779",-0.880230358830258
"Wave_2101",-0.0515599605676982
"Wave_2102",0.0377415819283653
"Wave_2103",0.143075216100415
"Wave_2104",0.191126315623723
"Wave_2105",0.277903197202561
"Wave_2106",0.366443981142179
"Wave_2107",0.4034615279958
"Wave_2108",0.454990193561517
"Wave_2109",0.50227480144341
"Wave_2110",0.472058631234015
"Wave_2111",0.434059969994236
"Wave_2112",0.443316425999779
"Wave_2113",0.419285464110575
"Wave_2114",0.351840024935147
"Wave_2115",0.225535718758174
"Wave_2116",0.0907245523491028
"Wave_2117",-0.0685022027749609
"Wave_2118",-0.208065998300279
"Wave_2119",-0.330217828466398
"Wave_2120",-0.300039787107167
"Wave_2121",-0.28021708971224
"Wave_2122",-0.121205637162551
"Wave_2123",0.030789032412837
"Wave_2124",0.112593690471359
"Wave_2125",0.19553920372337
"Wave_2126",0.298078150922997
"Wave_2127",0.360207576517418
"Wave_2128",0.433996376873945
"Wave_2129",0.366244341882314
"Wave_2130",0.234506966591017
"Wave_2131",0.0977614718534538
"Wave_2132",0.0370581893891047
"Wave_2133",-0.0377482903238921
"Wave_2134",-0.0398860609193083
"Wave_2135",0.0593674376012608
"Wave_2136",0.150405092656076
"Wave_2137",0.228346603435615
"Wave_2138",0.293689798540921
"Wave_2139",0.387628108853477
"Wave_2140",0.498886371788642
"Wave_2141",0.592273862992122
"Wave_2142",0.531195224013201
"Wave_2143",0.439485820694151
"Wave_2144",0.411493485608161
"Wave_2145",0.385778841362006
"Wave_2146",0.34071681576264
"Wave_2147",0.260015254106197
"Wave_2148",0.163070869897907
"Wave_2149",0.00731477343781867
"Wave_2150",-0.114871552771993
"Wave_2151",-0.245685011774605
"Wave_2152",-0.262661794003169
"Wave_2153",-0.257527843784828
"Wave_2154",-0.151950245793738
"Wave_2155",-0.00495200727270297
"Wave_2156",0.158460565736253
"Wave_2157",0.295150138312721
"Wave_2158",0.399805253331729
"Wave_2159",0.386719492615944
"Wave_2160",0.359971252392919
"Wave_2161",0.276320698734899
"Wave_2162",0.0906818282916652
"Wave_2163",-0.0968600868116036
"Wave_2164",-0.00253390302310622
"Wave_2165",0.0777085175514665
"Wave_2166",0.142960602608834
"Wave_2167",0.190391352055446
"Wave_2168",0.220909933941659
"Wave_2169",0.068414628273355
"Wave_2170",-0.0856525885397818
"Wave_2171",-0.200381867161584
"Wave_2172",-0.276691994672298
"Wave_2173",-0.338521502987154
"Wave_2174",-0.340602603708258
"Wave_2175",-0.392486550473958
"Wave_2176",-0.471622628024412
"Wave_2177",-0.483017870906727
"Wave_2178",-0.489963239384157
"Wave_2179",-0.488006398533601
"Wave_2180",-0.481366832667043
"Wave_2181",-0.471876793301394
"Wave_2182",-0.444342620373726
"Wave_2183",-0.360306807051465
"Wave_2184",-0.17775029130347
"Wave_2185",0.0022139411221421
"Wave_2186",0.114100279615518
"Wave_2187",0.171760502333679
"Wave_2188",0.178758226433805
"Wave_2189",0.164697317455864
"Wave_2190",0.131359514193126
"Wave_2191",0.0587010953827213
"Wave_2192",0.0474982272484596
"Wave_2193",0.0616581354368773
"Wave_2194",0.0473423893612845
"Wave_2195",0.0102407270532526
"Wave_2196",-0.118930293308293
"Wave_2197",-0.299515148446768
"Wave_2198",-0.305005513370897
"Wave_2199",-0.180088356840442
"Wave_2200",-0.072183021244738
"Wave_2201",-0.0319744329052454
"Wave_2202",-0.0192937201426945
"Wave_2203",0.023460850771858
"Wave_2204",0.0441551955454513
"Wave_2205",0.0983768352948749
"Wave_2206",0.254712536883679
"Wave_2207",0.382066243276536
"Wave_2208",0.329947295825044
"Wave_2209",0.273499194906864
"Wave_2210",0.145800586618762
"Wave_2211",-0.047115995940929
"Wave_2212",-0.181603142496085
"Wave_2213",-0.271010986003842
"Wave_2214",-0.422420388971111
"Wave_2215",-0.542945857146772
"Wave_2216",-0.573757976147793
"Wave_2217",-0.63643318919635
"Wave_2218",-0.672503147248344
"Wave_2219",-0.731394165303817
"Wave_2220",-0.870483428525789
"Wave_2221",-1.0200806654169
"Wave_2222",-1.06670509390827
"Wave_2223",-1.01191294765437
"Wave_2224",-0.938263207152449
"Wave_2225",-0.774626791754031
"Wave_2226",-0.590815776346491
"Wave_2227",-0.339455122247568
"Wave_2228",-0.144777272873246
"Wave_2229",-0.133496263839843
"Wave_2230",-0.463366195865143
"Wave_2231",-0.753859365493956
"Wave_2232",-0.818344902842752
"Wave_2233",-0.837573414560982
"Wave_2234",-0.77492612645089
"Wave_2235",-0.696331705481903
"Wave_2236",-0.630774698976714
"Wave_2237",-0.653600458491315
"Wave_2238",-0.69617081905929
"Wave_2239",-0.727788368842416
"Wave_2240",-0.71388075769239
"Wave_2241",-0.735030922213117
"Wave_2242",-0.799341380124678
"Wave_2243",-0.840688686148202
"Wave_2244",-0.915894101470203
"Wave_2245",-1.00041699387966
"Wave_2246",-0.868255673081218
"Wave_2247",-0.658388152505185
"Wave_2248",-0.438959635918375
"Wave_2249",-0.23587929626281
"Wave_2250",-0.0566695123015114
"Wave_2251",-0.005430120518779
"Wave_2252",0.0440071934232073
"Wave_2253",-0.0926642359803922
"Wave_2254",-0.270041050579649
"Wave_2255",-0.38719723771456
"Wave_2256",-0.274505210430598
"Wave_2257",-0.161672509761217
"Wave_2258",-0.00481031900938078
"Wave_2259",0.119320835781617
"Wave_2260",0.13878309531324
"Wave_2261",0.0330442827168898
"Wave_2262",-0.0479340817489603
"Wave_2263",0.020994336316433
"Wave_2264",0.107040133912153
"Wave_2265",0.177288256140493
"Wave_2266",0.251542313777317
"Wave_2267",0.174602082458479
"Wave_2268",-0.073410474727442
"Wave_2269",-0.302452163443666
"Wave_2270",-0.281557843424312
"Wave_2271",-0.282410506293138
"Wave_2272",-0.220709057491053
"Wave_2273",-0.147727786139732
"Wave_2274",-0.128844126911279
"Wave_2275",-0.105426605758219
"Wave_2276",-0.0601486330514268
"Wave_2277",-0.130005033614435
"Wave_2278",-0.158412169726567
"Wave_2279",-0.0492714862769676
"Wave_2280",0.0567089283112847
"Wave_2281",0.162903885803317
"Wave_2282",0.293425596462551
"Wave_2283",0.379073169605169
"Wave_2284",0.262837784099213
"Wave_2285",0.14314988218234
"Wave_2286",-0.0678427425719289
"Wave_2287",-0.310474458367
"Wave_2288",-0.305287142640687
"Wave_2289",0.0401702489339011
"Wave_2290",0.376216026429836
"Wave_2291",0.606205281462989
"Wave_2292",0.799682112437347
"Wave_2293",0.768847598876855
"Wave_2294",0.660908164391077
"Wave_2295",0.50860030104048
"Wave_2296",0.373391668715788
"Wave_2297",0.290514737025672
"Wave_2298",0.571558773761766
"Wave_2299",0.865847625027376
"Wave_2300",1.00597409330266
"Wave_2301",1.03813194666848
"Wave_2302",0.880664835067432
"Wave_2303",0.462037796700037
"Wave_2304",0.119925178541538
"Wave_2305",0.182042738725025
"Wave_2306",0.263215251693092
"Wave_2307",0.591734366841051
"Wave_2308",1.02255505093902
"Wave_2309",1.33321581453842
"Wave_2310",1.49645294077973
"Wave_2311",1.55574825665627
"Wave_2312",1.01903581166808
"Wave_2313",0.421099187550813
"Wave_2314",-0.0631333910441993
"Wave_2315",-0.491842465605502
"Wave_2316",-0.410034794417479
"Wave_2317",-0.0247075720428599
"Wave_2318",0.359595879949067
"Wave_2319",0.430313353331958
"Wave_2320",0.443022264587507
