"Location","Sample_ID","Sample_Date","USDA_Species_Code","Spec_Instrument","Cmass_mg_g","Nmass_mg_g","LMA_gDW_m2","sqrt_LMA_gDW_m2","Carea_g_m2","Narea_g_m2","CN_ratio","PLSR_Predicted","PLSR_CV_Predicted","PLSR_CV_Residuals"
"Seward_Peninsula","BNL12982",20190705,"ALVI5","SVC_HR-1024i",499.1,23.6,79.419,8.91173383803623,39.638,1.874,21.1483050847458,87.8668522804645,88.1650692034824,8.74606920348245
"Seward_Peninsula","BNL12949",20190704,"ALVI5","SVC_HR-1024i",487.9,28.5,73.189,8.55505698402997,35.709,2.086,17.119298245614,85.1069471630556,87.2979164811453,14.1089164811453
"Seward_Peninsula","BNL13319",20180725,"ALVI5","SVC_HR-1024i",507.4,30.1,98.38,9.91866926558195,49.92,2.96,16.86,90.8550161087709,90.1178739441975,-8.26212605580245
"Seward_Peninsula","BNL12957",20190705,"ALVI5","SVC_HR-1024i",499.1,29.7,67.018,8.18645222303288,33.449,1.99,16.8047138047138,83.0062932999944,83.646090876853,16.628090876853
"Seward_Peninsula","BNL13402",20190706,"ALVI5","SVC_HR-1024i",491.7,28.1,100.045,10.0022497469319,49.192,2.811,17.4982206405694,88.2078476596129,87.6785428481253,-12.3664571518747
"Seward_Peninsula","BNL13317",20180725,"ALVI5","SVC_HR-1024i",501.4,26.3,83.55,9.14056891008432,41.89,2.2,19.06,87.6671959692286,88.0295874486711,4.47958744867114
"Seward_Peninsula","BNL12960",20190705,"ALVI5","SVC_HR-1024i",510.5,28.1,76.76,8.7612784455238,39.186,2.157,18.1672597864769,84.414974713405,84.760282251885,8.00028225188495
"Seward_Peninsula","BNL12985",20190705,"ALVI5","SVC_HR-1024i",503.1,26.6,93.948,9.69267764861702,47.265,2.499,18.9135338345865,90.8465276726475,90.714800266565,-3.23319973343503
"Seward_Peninsula","BNL13313",20180725,"ALVI5","SVC_HR-1024i",490.5,22.6,92.26,9.6052069212485,45.25,2.09,21.7,87.609407255369,86.8864137452664,-5.37358625473361
"Seward_Peninsula","BNL12979",20190704,"ALVI5","SVC_HR-1024i",508.8,26.3,87.419,9.34981283235124,44.479,2.299,19.3460076045627,95.1135395715465,95.3699865323943,7.95098653239431
"Seward_Peninsula","BNL13314",20180725,"ALVI5","SVC_HR-1024i",503.4,25.8,95.42,9.76831612920057,48.04,2.46,19.51,92.808624253072,92.4512342076687,-2.9687657923313
"Seward_Peninsula","BNL12963",20190705,"ALVI5","SVC_HR-1024i",506.4,29.6,91.55,9.56817641977822,46.361,2.71,17.1081081081081,89.8865462399847,89.7620065529948,-1.78799344700523
"Seward_Peninsula","BNL12962",20190705,"ALVI5","SVC_HR-1024i",495.9,27.5,87.47,9.35253976201117,43.376,2.405,18.0327272727273,89.4159064087617,89.4607522279043,1.9907522279043
"Seward_Peninsula","BNL12955",20190704,"ALVI5","SVC_HR-1024i",486.8,32.7,66.61,8.16149496109628,32.426,2.178,14.8868501529052,87.0762986720767,89.2902390677578,22.6802390677578
"Seward_Peninsula","BNL12980",20190704,"ALVI5","SVC_HR-1024i",490,26,92.621,9.62398046548308,45.385,2.408,18.8461538461538,92.7484610884112,93.1992863418986,0.578286341898618
"Seward_Peninsula","BNL13028",20180725,"ALVI5","SVC_HR-1024i",504.4,29.4,85.89,9.26768579527813,43.32,2.53,17.16,90.0632398317625,90.4425227790332,4.55252277903321
"Seward_Peninsula","BNL13404",20190706,"ALVI5","SVC_HR-1024i",500.7,25.1,101.96,10.0975244490915,51.051,2.559,19.9482071713147,90.3051929973179,89.4985905124512,-12.4614094875488
"Seward_Peninsula","BNL12953",20190704,"ALVI5","SVC_HR-1024i",490.2,28.4,75.076,8.66464078886136,36.802,2.132,17.2605633802817,75.6555893495541,76.7660967074574,1.69009670745743
"Seward_Peninsula","BNL12954",20190704,"ALVI5","SVC_HR-1024i",491.3,26.9,64.774,8.04822961899075,31.823,1.742,18.2639405204461,91.9135330118349,95.2150637044581,30.4410637044581
"Seward_Peninsula","BNL13320",20180725,"ALVI5","SVC_HR-1024i",502.7,23.3,89.8,9.47628619238571,45.14,2.09,21.58,89.664527059709,89.6602589189881,-0.139741081011906
"Seward_Peninsula","BNL13403",20190706,"ALVI5","SVC_HR-1024i",505.7,29.8,82.788,9.09879112849614,41.866,2.467,16.9697986577181,81.8006629924846,81.785759362041,-1.00224063795901
"Seward_Peninsula","BNL12975",20190704,"ALVI5","SVC_HR-1024i",467.1,23.1,87.47,9.35253976201117,40.857,2.021,20.2207792207792,89.43226940525,89.5726401578741,2.10264015787409
"Seward_Peninsula","BNL13425",20190706,"ALVI5","SVC_HR-1024i",501.8,24.9,84.407,9.1873282296868,42.355,2.102,20.1526104417671,96.5579829139346,97.6117020422402,13.2047020422402
"Seward_Peninsula","BNL12988",20190705,"ALVI5","SVC_HR-1024i",505.4,28,72.118,8.49223174436496,36.449,2.019,18.05,90.6825929662502,91.4631727874808,19.3451727874808
"Seward_Peninsula","BNL13318",20180725,"ALVI5","SVC_HR-1024i",499.3,28.1,94.57,9.72471079261486,47.22,2.66,17.77,91.089476280818,90.8560052048353,-3.71399479516469
"Seward_Peninsula","BNL13419",20190706,"ALVI5","SVC_HR-1024i",498.1,23.4,98.416,9.92048385916735,49.021,2.303,21.2863247863248,88.7584025660128,88.0129448408965,-10.4030551591035
"Seward_Peninsula","BNL12952",20190704,"ALVI5","SVC_HR-1024i",489.9,29,85.005,9.21981561637759,41.644,2.465,16.8931034482759,87.6375260615975,88.0734360444519,3.0684360444519
"Seward_Peninsula","BNL12956",20190705,"ALVI5","SVC_HR-1024i",494.2,24.3,71.098,8.43196299802128,35.137,1.728,20.3374485596708,85.2759619792251,85.6907095380314,14.5927095380314
"Seward_Peninsula","BNL12978",20190704,"ALVI5","SVC_HR-1024i",488.4,24.4,72.552,8.51774618076871,35.434,1.77,20.016393442623,95.3674768566697,96.5973997903112,24.0453997903112
"Seward_Peninsula","BNL13415",20190706,"ALVI5","SVC_HR-1024i",495.5,23,96.978,9.84774085767898,48.053,2.23,21.5434782608696,96.5404677498756,96.4598289688476,-0.51817103115242
"Seward_Peninsula","BNL12959",20190705,"ALVI5","SVC_HR-1024i",491.8,30.2,66.389,8.14794452607527,32.65,2.005,16.2847682119205,85.5995514225314,86.187844501119,19.798844501119
"Seward_Peninsula","BNL12976",20190704,"ALVI5","SVC_HR-1024i",495.4,29.4,79.31,8.90561620551885,39.29,2.332,16.8503401360544,84.1899005526903,84.5103597430293,5.20035974302934
"Seward_Peninsula","BNL13401",20190706,"ALVI5","SVC_HR-1024i",507.4,21.7,102.141,10.1064830678135,51.826,2.216,23.3824884792627,91.149220475159,90.5428807419459,-11.5981192580541
"Seward_Peninsula","BNL12974",20190704,"ALVI5","SVC_HR-1024i",508.9,21.2,95.456,9.7701586476372,48.578,2.024,24.0047169811321,87.0766694729359,86.268517408215,-9.18748259178501
"Seward_Peninsula","BNL12958",20190705,"ALVI5","SVC_HR-1024i",496.2,26.2,53.383,7.30636708631588,26.489,1.399,18.9389312977099,80.4377205505056,81.8868642816966,28.5038642816966
"Seward_Peninsula","BNL12977",20190704,"ALVI5","SVC_HR-1024i",491.6,20.9,100.747,10.0372805081855,49.527,2.106,23.5215311004785,89.1389791189304,87.7554535677145,-12.9915464322855
"Seward_Peninsula","BNL13331",20180725,"ARAL13","SVC_HR-1024i",506.4,17.2,130.16,11.4087685575613,65.91,2.24,29.44,99.1332229214595,94.1402573570255,-36.0197426429744
"Seward_Peninsula","BNL13329",20180725,"ARAL13","SVC_HR-1024i",502.7,18.3,121.63,11.0285991857534,61.14,2.23,27.47,93.960327772787,92.2746633045118,-29.3553366954882
"Seward_Peninsula","BNL13448",20190708,"ARALA7","SVC_HR-1024i",461.3,22.3,79.989,8.94365697016606,36.899,1.784,20.6860986547085,88.442254993154,89.097158948803,9.10815894880298
"Seward_Peninsula","BNL12968",20190705,"ARALA7","SVC_HR-1024i",493.3,15.2,128.217,11.3232945735771,63.25,1.949,32.4539473684211,95.376949151081,92.1684665253977,-36.0485334746024
"Seward_Peninsula","BNL12992",20190707,"ARALA7","SVC_HR-1024i",485,13.2,98.149,9.90701771473131,47.602,1.296,36.7424242424242,96.1213569733038,95.8625630738679,-2.28643692613214
"Seward_Peninsula","BNL12965",20190705,"ARALA7","SVC_HR-1024i",489.3,15.9,103.25,10.1612007164508,50.52,1.642,30.7735849056604,93.6214597209591,92.7692842327728,-10.4807157672272
"Seward_Peninsula","BNL2357",20160728,"ARRU","SVC_HR-1024i",544.3,20.1,85.24,9.23255111006703,46.396,1.713,27.08,85.5296576269715,85.7998166251839,0.559816625183942
"Seward_Peninsula","BNL12969",20190705,"BEGL","SVC_HR-1024i",506.7,21.9,71.303,8.44411037350886,36.129,1.562,23.1369863013699,88.0319740435646,88.8823424503459,17.5793424503459
"Seward_Peninsula","BNL12983",20190704,"BEGL","SVC_HR-1024i",502.9,23.6,80.581,8.97669204105833,40.524,1.902,21.3093220338983,93.3961660264328,94.4738507238471,13.8928507238471
"Seward_Peninsula","BNL13321",20180725,"BEGL","SVC_HR-1024i",513,25.5,89.26,9.44775105514535,45.79,2.28,20.12,94.9731785104728,95.4163335989636,6.15633359896364
"Seward_Peninsula","BNL13324",20180725,"BEGL","SVC_HR-1024i",514.7,23,93.25,9.65660395791398,48,2.14,22.38,95.58114439954,95.6945554340135,2.44455543401349
"Seward_Peninsula","BNL13323",20180725,"BEGL","SVC_HR-1024i",515.1,34.5,83.22,9.12249965744039,42.87,2.87,14.93,89.4735834080585,90.3455178640093,7.12551786400925
"Seward_Peninsula","BNL13035",20190707,"BEGL","SVC_HR-1024i",497,24.4,74.223,8.61527712845037,36.889,1.811,20.3688524590164,93.4339995433752,95.5678622578643,21.3448622578643
"Seward_Peninsula","BNL13421",20190706,"BENA","SVC_HR-1024i",507.6,19.9,88.284,9.39595657716658,44.813,1.757,25.5075376884422,98.3060439260475,98.7976938968795,10.5136938968795
"Seward_Peninsula","BNL13332",20180725,"BENA","SVC_HR-1024i",508.2,22.4,100.47,10.0234724521994,51.06,2.25,22.69,84.8710135813071,83.8082650538917,-16.6617349461083
"Seward_Peninsula","BNL13036",20190707,"BENA","SVC_HR-1024i",494.8,20.8,84.574,9.1964123439524,41.847,1.759,23.7884615384615,94.724788104998,95.7092854281436,11.1352854281436
"Seward_Peninsula","BNL13333",20180725,"BENA","SVC_HR-1024i",512.4,23.2,93.76,9.68297474952816,48.04,2.18,22.09,92.5318424043807,92.4285255932593,-1.33147440674072
"Seward_Peninsula","BNL13417",20190706,"BENA","SVC_HR-1024i",508.8,22.9,89.916,9.48240475828785,45.749,2.059,22.2183406113537,96.7931929010247,97.0840278831925,7.16802788319248
"Seward_Peninsula","BNL12964",20190705,"BENA","SVC_HR-1024i",500.2,27.4,64.773,8.0481674932869,32.4,1.775,18.2554744525547,87.0480958112487,88.4110250100242,23.6380250100243
"Seward_Peninsula","BNL13322",20180725,"BENA","SVC_HR-1024i",524.1,21.2,104.56,10.2254584249314,54.8,2.22,24.72,97.289061600655,96.7900829451663,-7.76991705483373
"Seward_Peninsula","BNL12986",20190704,"BENA","SVC_HR-1024i",493.6,23.2,99.874,9.99369801424878,49.298,2.317,21.2758620689655,97.3596800562305,97.1402842405016,-2.73371575949842
"Seward_Peninsula","BNL13088",20170730,"CAAQ","SVC_HR-1024i",462.6,15.4,74.46,8.62902080192185,34.45,1.15,30.04,61.5100413333414,59.1602757445155,-15.2997242554845
"Seward_Peninsula","BNL13086",20170730,"CAAQ","SVC_HR-1024i",456.8,18.8,60.52,7.77946013551069,27.65,1.14,24.3,65.0245990200015,65.6512281373248,5.13122813732479
"Seward_Peninsula","BNL13194",20170730,"CAAQ","SVC_HR-1024i",468,17.3,54.12,7.35662966309981,25.33,0.94,27.05,70.0122429963202,72.3058632211782,18.1858632211782
"Seward_Peninsula","BNL13148",20170730,"CAAQ","SVC_HR-1024i",451.3,15.9,71.9,8.47938677028003,32.45,1.14,28.38,70.0397615825872,69.6133876269922,-2.28661237300786
"Seward_Peninsula","BNL13146",20170730,"CAAQ","SVC_HR-1024i",469.3,14.2,67.09,8.19084855189009,31.49,0.95,33.05,74.9000414105819,76.1550941540296,9.06509415402962
"Seward_Peninsula","BNL13200",20170730,"CAAQ","SVC_HR-1024i",457.6,13.9,63.04,7.93977329651168,28.85,0.88,32.92,70.0122429963202,70.9000373640093,7.86003736400932
"Seward_Peninsula","BNL2358",20160728,"CHLA13","SVC_HR-1024i",424.2,22.7,60.35,7.76852624376078,25.602,1.37,18.687,84.0358234075105,86.9300297899994,26.5800297899994
"Seward_Peninsula","BNL13040",20190708,"DAFRF","SVC_HR-1024i",463.7,26.7,56.68,7.52861208988748,26.282,1.513,17.3670411985019,72.7929753560724,75.1478932782256,18.4678932782256
"Seward_Peninsula","BNL12991",20190707,"DROCA2","SVC_HR-1024i",497.3,23.7,74.767,8.64679131238866,37.182,1.772,20.9831223628692,89.3291874899186,90.8205379813876,16.0535379813876
"Seward_Peninsula","BNL12967",20190705,"DROCA2","SVC_HR-1024i",493.2,19.5,106.708,10.3299564374686,52.628,2.081,25.2923076923077,83.1687562930055,81.7605782921459,-24.9474217078541
"Seward_Peninsula","BNL13499",20190708,"DROCA2","SVC_HR-1024i",503.5,30,56.801,7.53664381538626,28.599,1.704,16.7833333333333,74.2811585654892,76.8320149557903,20.0310149557903
"Seward_Peninsula","BNL13430",20190711,"EQAR","SVC_HR-1024i",391.6,17.4,77.653,8.81209396227707,30.409,1.351,22.5057471264368,72.159135849946,71.3367161331784,-6.31628386682165
"Seward_Peninsula","BNL13087",20170730,"EQAR","SVC_HR-1024i",375.3,17.8,71.78,8.47230783199005,26.94,1.28,21.08,78.87223728483,79.8534877421692,8.07348774216922
"Seward_Peninsula","BNL13044",20190708,"EQAR","SVC_HR-1024i",396.9,31.3,55.773,7.46813229663214,22.136,1.746,12.6805111821086,78.0011864371617,80.3420124458431,24.5690124458431
"Seward_Peninsula","BNL13182",20170730,"EQAR","SVC_HR-1024i",375.5,17.6,81.28,9.01554213566772,30.52,1.43,21.34,75.4166754210757,74.8531824106649,-6.42681758933514
"Seward_Peninsula","BNL13042",20190708,"ERAN6","SVC_HR-1024i",454.9,26.1,48.718,6.97982807811195,22.162,1.272,17.4291187739464,68.4536573283163,71.1314442254505,22.4134442254505
"Seward_Peninsula","BNL13043",20190708,"ERAN6","SVC_HR-1024i",465.8,25.9,65.435,8.08919031794901,30.48,1.695,17.984555984556,70.1293234862289,70.7513595040225,5.31635950402253
"Seward_Peninsula","BNL13435",20190711,"ERAN6","SVC_HR-1024i",464.4,24.8,50.369,7.09711208873018,23.391,1.249,18.7258064516129,55.7686974349219,56.6473471599239,6.27834715992387
"Seward_Peninsula","BNL13436",20190711,"ERAN6","SVC_HR-1024i",474.9,29.5,56.183,7.49553200246654,26.681,1.657,16.0983050847458,60.4726378744878,61.1202368267651,4.93723682676507
"Seward_Peninsula","BNL13411",20190706,"ERVA4","SVC_HR-1024i",483.1,21,67.438,8.21206429590027,32.579,1.416,23.0047619047619,66.2160789136425,66.2139383784139,-1.22406162158612
"Seward_Peninsula","BNL12993",20190707,"ERVA4","SVC_HR-1024i",459.6,11,51.93,7.20624728967859,23.867,0.571,41.7818181818182,55.8542074959039,63.2224131892475,11.2924131892475
"Seward_Peninsula","BNL13420",20190706,"ERVA4","SVC_HR-1024i",493.1,22.6,53.918,7.3428877153338,26.587,1.219,21.8185840707965,62.5683836730961,63.566149242734,9.64814924273396
"Seward_Peninsula","BNL13429",20190706,"ERVA4","SVC_HR-1024i",480.6,20.6,64.517,8.03224750614671,31.007,1.329,23.3300970873786,62.9520321019354,63.7938287654767,-0.723171234523335
"Seward_Peninsula","BNL2355",20160728,"PEFR5","SVC_HR-1024i",430,20.1,78.07,8.8357229472183,33.571,1.569,21.393,71.9652420030376,71.4606098511111,-6.60939014888885
"Seward_Peninsula","BNL13495",20190708,"PEFR5","SVC_HR-1024i",442.3,36,57.768,7.60052629756651,25.551,2.08,12.2861111111111,82.0809781420488,85.7564824593833,27.9884824593833
"Seward_Peninsula","BNL13496",20190708,"PEFR5","SVC_HR-1024i",414.3,25.7,59.569,7.71809562003478,24.679,1.531,16.1206225680934,65.5895860114923,71.5773929906205,12.0083929906205
"Seward_Peninsula","BNL13405",20190706,"PEFR5","SVC_HR-1024i",451.3,22.5,68.732,8.29047646399168,31.019,1.546,20.0577777777778,73.1275783884813,73.7245593760701,4.99255937607009
"Seward_Peninsula","BNL13413",20190706,"RUCH","SVC_HR-1024i",472.4,31.5,66.947,8.18211464109371,31.626,2.109,14.9968253968254,77.6826002741552,78.6380664296712,11.6910664296712
"Seward_Peninsula","BNL13056",20170730,"RUCH","SVC_HR-1024i",475.7,26.1,79.47,8.91459477486218,37.8,2.07,18.23,76.7262361257952,75.4741086809714,-3.9958913190286
"Seward_Peninsula","BNL12970",20190713,"RUCH","SVC_HR-1024i",478.6,20.7,106.952,10.3417600049508,51.187,2.214,23.1207729468599,85.4879213801529,83.8649997666549,-23.0870002333451
"Seward_Peninsula","BNL13184",20170730,"RUCH","SVC_HR-1024i",476.7,22.1,76.46,8.74414089547967,36.45,1.69,21.57,70.9679980494696,70.3919558798657,-6.06804412013429
"Seward_Peninsula","BNL13416",20190706,"RUCH","SVC_HR-1024i",478.8,23.1,95.262,9.76022540723318,45.611,2.201,20.7272727272727,87.1869713492306,86.1221425459018,-9.13985745409825
"Seward_Peninsula","BNL13433",20190711,"RUCH","SVC_HR-1024i",475.3,26.4,85.954,9.27113800997483,40.854,2.269,18.0037878787879,83.6452434340226,83.6224484465704,-2.33155155342963
"Seward_Peninsula","BNL13078",20170730,"RUCH","SVC_HR-1024i",460.4,26.5,68.09,8.2516664983505,31.35,1.8,17.37,82.3987924158756,88.6758407584197,20.5858407584197
"Seward_Peninsula","BNL13154",20170730,"SAAL","SVC_HR-1024i",463.6,21.6,94.58,9.72522493313137,43.85,2.04,21.46,87.5493065681151,84.7321446399585,-9.84785536004149
"Seward_Peninsula","BNL2348",20160728,"SAALA","SVC_HR-1024i",476.1,19.9,106.31,10.3106740807767,50.615,2.116,23.925,102.920975829027,101.818349633245,-4.49165036675535
"Seward_Peninsula","BNL2349",20160728,"SAALA","SVC_HR-1024i",483.4,25.2,108.16,10.4,52.286,2.726,19.183,99.5464344053756,102.402755530633,-5.75724446936698
"Seward_Peninsula","BNL14208",20190708,"SAGL","SVC_HR-1024i",469,22.4,101.716,10.0854350426742,47.705,2.278,20.9375,92.3736190279638,91.6428269041828,-10.0731730958172
"Seward_Peninsula","BNL14203",20190708,"SAGL","SVC_HR-1024i",469.2,20.1,98.893,9.94449596510552,46.401,1.988,23.3432835820896,90.4197383916689,90.1453864078832,-8.74761359211681
"Seward_Peninsula","BNL15359",20190708,"SAGL","SVC_HR-1024i",470.2,25.2,93.945,9.69252289138385,44.173,2.367,18.6587301587302,86.0513690140923,85.6247987768635,-8.32020122313648
"Seward_Peninsula","BNL13409",20190706,"SAGL","SVC_HR-1024i",471.4,23.7,86.095,9.27873913848213,40.585,2.04,19.8902953586498,85.4241035798003,85.3790488760266,-0.71595112397344
"Seward_Peninsula","BNL13500",20190705,"SAPH","SVC_HR-1024i",508,22.5,114.4,10.6957935656967,58.115,2.574,22.5777777777778,88.2181766649711,86.7826386492151,-27.6173613507849
"Seward_Peninsula","BNL12998",20190707,"SAPH","SVC_HR-1024i",503.2,21.7,78.162,8.84092755314735,39.331,1.696,23.1889400921659,73.701780738357,72.948928722518,-5.21307127748199
"Seward_Peninsula","BNL14207",20190708,"SAPU15","SVC_HR-1024i",509.1,22.6,94.306,9.71112763792135,48.011,2.131,22.5265486725664,94.7003745215782,94.4727670924048,0.166767092404811
"Seward_Peninsula","BNL13196",20170730,"SAPU15","SVC_HR-1024i",516.9,29.9,80.56,8.97552226892675,41.64,2.41,17.29,89.331906943806,90.0638247018994,9.50382470189942
"Seward_Peninsula","BNL13076",20170730,"SAPU15","SVC_HR-1024i",517.5,21.9,111.12,10.5413471624836,57.51,2.43,23.63,95.7292471866782,93.9012440950767,-17.2187559049233
"Seward_Peninsula","BNL13038",20190708,"SAPU15","SVC_HR-1024i",495.2,20.6,95.336,9.764015567378,47.21,1.964,24.0388349514563,95.193887979729,95.1644358692145,-0.171564130785512
"Seward_Peninsula","BNL13197",20170730,"SAPU15","SVC_HR-1024i",511,31.6,87.7,9.36482781475453,44.82,2.77,16.17,97.8975014040406,98.8066506078073,11.1066506078073
"Seward_Peninsula","BNL2346",20160728,"SAPU15","SVC_HR-1024i",507.5,18.4,89.76,9.47417542586161,45.552,1.652,27.582,85.8723480073656,85.8478831867595,-3.91211681324049
"Seward_Peninsula","BNL13071",20190705,"SAPU15","SVC_HR-1024i",499.9,21,101.355,10.0675220387144,50.668,2.128,23.8047619047619,94.763575593684,94.4537048547238,-6.90129514527617
"Seward_Peninsula","BNL14204",20190708,"SAPU15","SVC_HR-1024i",501.3,22.6,95.719,9.78360874115477,47.984,2.163,22.1814159292035,98.6079862483158,98.6140148770468,2.8950148770468
"Seward_Peninsula","BNL13328",20180725,"SAPU15","SVC_HR-1024i",496.8,25.5,88.79,9.42284458112305,44.11,2.26,19.48,76.1694325649276,74.6507245054236,-14.1392754945764
"Seward_Peninsula","BNL13199",20170730,"SAPU15","SVC_HR-1024i",333.1,18.3,85.06,9.22279784013506,28.34,1.56,18.2,91.1720688525035,91.3312355462154,6.27123554621541
"Seward_Peninsula","BNL2344",20160728,"SAPU15","SVC_HR-1024i",503.7,22.3,84.55,9.19510739469638,42.589,1.886,22.587,87.0869160062323,87.4386232600419,2.88862326004185
"Seward_Peninsula","BNL13452",20190708,"SAPU15","SVC_HR-1024i",502.6,25.2,71.247,8.44079380153312,35.809,1.795,19.9444444444444,93.2789058669897,94.8632070651748,23.6162070651748
"Seward_Peninsula","BNL13426",20190706,"SAPU15","SVC_HR-1024i",505.7,22.9,83.662,9.14669339160333,42.308,1.916,22.0829694323144,95.3137210415529,95.7930957052082,12.1310957052082
"Seward_Peninsula","BNL13326",20180725,"SAPU15","SVC_HR-1024i",502.9,22.8,123.88,11.1301392623812,62.3,2.82,22.06,96.1445355072846,93.6908079106337,-30.1891920893663
"Seward_Peninsula","BNL13414",20190706,"SAPU15","SVC_HR-1024i",476.5,21,89.394,9.45484003037598,42.596,1.877,22.6904761904762,85.716414019524,85.5593897637376,-3.83461023626242
"Seward_Peninsula","BNL13152",20170730,"SAPU15","SVC_HR-1024i",504.4,22.8,118.33,10.8779593674549,59.68,2.7,22.12,97.1012976928254,95.3916587097487,-22.9383412902513
"Seward_Peninsula","BNL13183",20170730,"SAPU15","SVC_HR-1024i",496.3,24.5,108.77,10.4292856898255,53.98,2.66,20.26,98.4022558008413,97.1693158968416,-11.6006841031584
"Seward_Peninsula","BNL2347",20160728,"SAPU15","SVC_HR-1024i",496.7,20.5,96.04,9.8,47.704,1.969,24.229,89.0531297314635,89.1805503869375,-6.85944961306252
"Seward_Peninsula","BNL14206",20190708,"SAPU15","SVC_HR-1024i",510.8,23,104.609,10.2278541248886,53.435,2.406,22.2086956521739,94.6166827176945,93.5774590792207,-11.0315409207793
"Seward_Peninsula","BNL13412",20190706,"SAPU15","SVC_HR-1024i",470.4,19.6,96.141,9.80515170713845,45.225,1.884,24,87.4260445542994,86.9602326022308,-9.18076739776919
"Seward_Peninsula","BNL13327",20180725,"SAPU15","SVC_HR-1024i",501.2,20,112.76,10.6188511619666,56.52,2.26,25.06,90.8146150760785,89.6287957312094,-23.1312042687906
"Seward_Peninsula","BNL13325",20180725,"SAPU15","SVC_HR-1024i",502.8,26.7,90.56,9.51630180269625,45.53,2.42,18.83,80.3308814515225,78.4994131549461,-12.0605868450539
"Seward_Peninsula","BNL13190",20170730,"SAPU15","SVC_HR-1024i",510.3,23.7,129.07,11.3608978518425,65.86,3.06,21.53,99.3551325257173,97.2903944293527,-31.7796055706473
"Seward_Peninsula","BNL2345",20160728,"SAPU15","SVC_HR-1024i",505.2,17,90.74,9.52575456328789,45.842,1.543,29.718,90.1403356745578,90.0429044219642,-0.697095578035757
"Seward_Peninsula","BNL13198",20170730,"SARI4","SVC_HR-1024i",469.3,27.5,86.09,9.2784697014109,40.4,2.37,17.07,83.1263484083614,82.6194901327265,-3.47050986727348
"Seward_Peninsula","BNL14210",20190708,"SARI4","SVC_HR-1024i",456.7,33,104.408,10.2180232922029,47.683,3.445,13.8393939393939,88.6067633593086,87.3061758444005,-17.1018241555995
"Seward_Peninsula","BNL13497",20190708,"SARI4","SVC_HR-1024i",456.8,26.1,77.092,8.78020500899609,35.216,2.012,17.5019157088123,88.2962683314992,89.4759871646578,12.3839871646578
"Seward_Peninsula","BNL15358",20190708,"SARI4","SVC_HR-1024i",467.7,26.5,108.48,10.4153732530332,50.736,2.875,17.6490566037736,87.1638650023759,85.7024020209799,-22.7775979790201
"Seward_Peninsula","BNL13431",20190711,"VAUL","SVC_HR-1024i",514.1,21,102.562,10.1272898645195,52.727,2.154,24.4809523809524,100.019147484122,99.5852894124228,-2.97671058757719
"Seward_Peninsula","BNL2351",20160728,"VAUL","SVC_HR-1024i",503.9,16.3,86.72,9.31235738145825,43.696,1.413,30.914,89.1460992621482,89.5496541995525,2.82965419955248
"Seward_Peninsula","BNL2354",20160728,"VAUL","SVC_HR-1024i",508.6,18.6,89.4,9.45515732285825,45.467,1.663,27.344,90.5351330105278,90.3928817159952,0.992881715995182
"Seward_Peninsula","BNL2352",20160728,"VAUL","SVC_HR-1024i",498.3,15.7,93.49,9.66902270139025,46.585,1.468,31.739,88.2605880557934,87.5192946969554,-5.9707053030446
"Seward_Peninsula","BNL13451",20190708,"VAUL","SVC_HR-1024i",514.7,22,96.056,9.80081629253401,49.44,2.113,23.3954545454545,100.183610745764,100.091759325588,4.03575932558785
"Seward_Peninsula","BNL13054",20190708,"VAUL","SVC_HR-1024i",497.4,18.8,82.464,9.08096911127882,41.018,1.55,26.4574468085106,90.5086939324435,90.9824630023515,8.51846300235145
"Seward_Peninsula","BNL13418",20190706,"VAUL","SVC_HR-1024i",506.8,17.6,106.094,10.300194172927,53.769,1.867,28.7954545454545,96.0753329928424,95.5165848046418,-10.5774151953582
"Seward_Peninsula","BNL2353",20160728,"VAUL","SVC_HR-1024i",503,15,86.05,9.27631392310545,43.284,1.291,33.533,93.2382493447914,94.2108010706926,8.16080107069263
"Utqiagvik","BNL1683",20150715,"ARFU2","SVC_HR-1024i",442,21.1,58.33,7.63740793725201,25.78,1.23,20.95,69.9351303260924,70.8247377620085,12.4947377620085
"Utqiagvik","BNL1680",20150715,"ARFU2","SVC_HR-1024i",445.2,15.2,76.84,8.76584280032445,34.21,1.17,29.29,60.4528215019448,58.9296060104698,-17.9103939895302
"Utqiagvik","BNL1714",20150715,"ARFU2","SVC_HR-1024i",453.7,23.2,57.85,7.60591874792257,26.24,1.34,19.56,62.6404930624233,63.4260070215166,5.5760070215166
"Utqiagvik","BNL1681",20150715,"ARFU2","SVC_HR-1024i",436.5,21,71.07,8.4303024856763,31.02,1.49,20.79,54.7366173954147,52.679932243884,-18.390067756116
"Utqiagvik","BNL1745",20150717,"ARFU2","SVC_HR-1024i",437.5,8.6,94.47,9.71956789162975,41.33,0.81,50.87,71.2973673430841,68.6426864185913,-25.8273135814087
"Utqiagvik","BNL1744",20150717,"ARFU2","SVC_HR-1024i",446.4,13.5,70.17,8.37675354776539,31.32,0.95,33.07,69.3767576956698,68.8063172753777,-1.36368272462235
"Utqiagvik","BNL1715",20150715,"ARFU2","SVC_HR-1024i",454.3,22.6,60.61,7.78524244966077,27.53,1.37,20.1,66.102929402106,67.1254641118551,6.5154641118551
"Utqiagvik","BNL1749",20150717,"ARFU2","SVC_HR-1024i",436.2,8.6,84.33,9.18313671900838,36.79,0.73,50.72,72.0450764997075,70.7964454138819,-13.5335545861181
"Utqiagvik","BNL1713",20150715,"ARFU2","SVC_HR-1024i",447.4,17.9,68.28,8.26317130404544,30.55,1.22,24.99,66.7088594649832,66.4257760544523,-1.85422394554772
"Utqiagvik","BNL1747",20150717,"ARFU2","SVC_HR-1024i",446.7,14.5,79.48,8.91515563520907,35.5,1.15,30.81,69.1139959848194,67.8893244040798,-11.5906755959202
"Utqiagvik","BNL1685",20150715,"ARFU2","SVC_HR-1024i",442.1,23,63.64,7.97746827007165,28.14,1.46,19.22,69.0846119802274,69.8740452778995,6.23404527789953
"Utqiagvik","BNL1687",20150715,"ARFU2","SVC_HR-1024i",443.2,21.6,63.35,7.95927132343156,28.08,1.37,20.52,68.7903964459296,69.1701503782343,5.82015037823425
"Utqiagvik","BNL1684",20150715,"ARFU2","SVC_HR-1024i",441.4,11.3,75.45,8.68619594529159,33.31,0.85,39.06,67.3133308621233,66.8105892906374,-8.63941070936264
"Utqiagvik","BNL1748",20150717,"ARFU2","SVC_HR-1024i",443.1,15,65.91,8.11849739791792,29.21,0.99,29.54,67.5829987159206,67.4058804718798,1.4958804718798
"Utqiagvik","BNL1741",20150717,"ARFU2","SVC_HR-1024i",452.6,15.5,62.54,7.90822356790702,28.31,0.97,29.2,69.0278625328141,69.4625599819802,6.92255998198021
"Utqiagvik","BNL1712",20150715,"ARFU2","SVC_HR-1024i",453.1,16.1,65.68,8.10431983574192,29.76,1.06,28.14,68.2576622592325,68.5080289347082,2.82802893470823
"Utqiagvik","BNL1584",20150711,"CAAQ","SVC_HR-1024i",NA,NA,56.96,7.54718490564528,NA,NA,NA,62.1196819294602,62.5818653192446,5.62186531924456
"Utqiagvik","BNL1588",20150711,"CAAQ","SVC_HR-1024i",NA,NA,81.82,9.04544084055609,NA,NA,NA,64.8270884940804,53.5036504745347,-28.3163495254653
"Utqiagvik","BNL1594",20150711,"CAAQ","SVC_HR-1024i",NA,NA,78.64,8.86791971095815,NA,NA,NA,60.6770010064482,59.5698622531673,-19.0701377468327
"Utqiagvik","BNL1580",20150711,"CAAQ","SVC_HR-1024i",NA,NA,67.47,8.21401241781384,NA,NA,NA,67.0718998004273,67.0025198793641,-0.467480120635855
"Utqiagvik","BNL1583",20150711,"CAAQ","SVC_HR-1024i",NA,NA,43.56,6.6,NA,NA,NA,52.6992080817528,53.1735001204438,9.61350012044382
"Utqiagvik","BNL1595",20150711,"CAAQ","SVC_HR-1024i",NA,NA,51.75,7.19374728496908,NA,NA,NA,52.5776822456721,52.7195885573422,0.969588557342249
"Utqiagvik","BNL1704",20150715,"CAAQ","SVC_HR-1024i",457.7,26.7,63.03,7.93914353063352,28.85,1.68,17.14,58.8677519331302,58.7014198888624,-4.32858011113765
"Utqiagvik","BNL1591",20150711,"CAAQ","SVC_HR-1024i",NA,NA,53.73,7.33007503372237,NA,NA,NA,62.5756191657823,63.2342892416959,9.50428924169588
"Utqiagvik","BNL1581",20150711,"CAAQ","SVC_HR-1024i",435.2,33.5,61.64,7.85111457055621,26.83,2.07,12.99,57.5286205460307,57.4690820618817,-4.17091793811828
"Utqiagvik","BNL1682",20150715,"CAAQ","SVC_HR-1024i",NA,NA,48.19,6.94190175672344,NA,NA,NA,55.6977157992033,57.0494087220374,8.85940872203739
"Utqiagvik","BNL1589",20150711,"CAAQ","SVC_HR-1024i",NA,NA,53.2,7.29383301152419,NA,NA,NA,69.1728168148792,70.166358416545,16.966358416545
"Utqiagvik","BNL1577",20150711,"CAAQ","SVC_HR-1024i",NA,NA,51.42,7.17077401679902,NA,NA,NA,62.9086598517468,63.7553570333994,12.3353570333994
"Utqiagvik","BNL1586",20150711,"CAAQ","SVC_HR-1024i",NA,NA,54.42,7.3769912566032,NA,NA,NA,54.7808495918259,54.7385963001603,0.318596300160308
"Utqiagvik","BNL1587",20150711,"CAAQ","SVC_HR-1024i",NA,NA,53.9,7.34166193719106,NA,NA,NA,63.6579214077742,64.1673626363069,10.2673626363069
"Utqiagvik","BNL1708",20150715,"CAAQ","SVC_HR-1024i",449.5,27.9,39.95,6.32060123722419,17.96,1.11,16.11,53.6809105336229,55.1493471695278,15.1993471695278
"Utqiagvik","BNL1579",20150711,"CAAQ","SVC_HR-1024i",NA,NA,62.41,7.9,NA,NA,NA,61.8480992811446,61.7519236232295,-0.658076376770545
"Utqiagvik","BNL1582",20150711,"CAAQ","SVC_HR-1024i",NA,NA,65.56,8.09691299199886,NA,NA,NA,59.033994957273,58.7110718032648,-6.84892819673524
"Utqiagvik","BNL1590",20150711,"CAAQ","SVC_HR-1024i",NA,NA,53.06,7.28422954058973,NA,NA,NA,49.5839540406449,49.2882682773094,-3.77173172269062
"Utqiagvik","BNL1679",20150715,"CAAQ","SVC_HR-1024i",439.6,30.4,64.29,8.01810451416044,28.26,1.95,14.46,59.2664549806366,59.1380908646187,-5.15190913538134
"Utqiagvik","BNL1592",20150711,"CAAQ","SVC_HR-1024i",NA,NA,69.86,8.35822947758674,NA,NA,NA,65.2196704298325,64.8793211851264,-4.98067881487357
"Utqiagvik","BNL1705",20150715,"CAAQ","SVC_HR-1024i",456.6,29.6,60.17,7.75693238335877,27.47,1.78,15.43,57.8645738589787,57.8511926897426,-2.3188073102574
"Utqiagvik","BNL1585",20150711,"CAAQ","SVC_HR-1024i",433,22.5,69.68,8.34745470188368,30.17,1.57,19.24,59.9526336697193,59.1674829814803,-10.5125170185197
"Utqiagvik","BNL1703",20150715,"CAAQ","SVC_HR-1024i",465.9,36.8,59.2,7.69415362466854,27.58,2.18,12.66,60.248082050769,60.282448162116,1.08244816211598
"Utqiagvik","BNL1707",20150715,"CAAQ","SVC_HR-1024i",462.6,32.6,51.87,7.20208303201234,23.99,1.69,14.19,49.1150450963135,49.0799092862679,-2.79009071373213
"Utqiagvik","BNL1645",20150713,"ERAN6","SVC_HR-1024i",462.5,30.9,80.7,8.98331787259028,37.32,2.49,14.97,68.8821981577252,67.945460260552,-12.754539739448
"Utqiagvik","BNL1939",20160712,"ERAN6","PSR+3500_SN1586067",461.6,27,54.09,7.35459040327876,24.97,1.46,17.1,42.7533272781777,41.3390974790806,-12.7509025209195
"Utqiagvik","BNL1658",20150714,"ERAN6","SVC_HR-1024i",442.9,25.6,61.38,7.83453891432036,27.19,1.57,17.3,58.0528434859038,57.6881000590665,-3.69189994093352
"Utqiagvik","BNL1736",20150715,"ERAN6","SVC_HR-1024i",485,22.6,41.09,6.41014820421494,19.93,0.93,21.46,54.5819530171257,56.1475364035264,15.0575364035264
"Utqiagvik","BNL2813",20140716,"ERAN6","SVC_HR-1024i",461.6,37.6,60.82,7.7987178433381,28.07,2.29,12.28,69.0045555858385,70.5268633585421,9.70686335854213
"Utqiagvik","BNL2807",20140716,"ERAN6","SVC_HR-1024i",432.3,28.3,52.3,7.23187389270582,22.61,1.48,15.28,59.5646481533181,60.7541873544417,8.45418735444175
"Utqiagvik","BNL1652",20150713,"ERAN6","SVC_HR-1024i",453.2,28.4,62.77,7.9227520471109,28.45,1.78,15.96,51.4720068815436,50.403421939042,-12.366578060958
"Utqiagvik","BNL1655",20150713,"ERAN6","SVC_HR-1024i",463.4,30.4,54.12,7.35662966309981,25.08,1.65,15.24,53.2105433168386,53.222067421543,-0.897932578457045
"Utqiagvik","BNL1650",20150713,"ERAN6","SVC_HR-1024i",464.7,23.9,71.64,8.46404158779953,33.29,1.71,19.44,61.9241515133818,61.0036419759575,-10.6363580240425
"Utqiagvik","BNL1649",20150713,"ERAN6","SVC_HR-1024i",478.8,22.4,60.44,7.77431669023072,28.94,1.35,21.38,62.9908565369318,63.1999447602425,2.75994476024253
"Utqiagvik","BNL1764",20150720,"ERAN6","SVC_HR-1024i",481,26.7,56.6,7.52329714952161,27.22,1.51,18.01,65.395510377921,65.8314507426645,9.23145074266449
"Utqiagvik","BNL1723",20150715,"ERAN6","SVC_HR-1024i",457.9,23.8,53.71,7.3287106642301,24.59,1.28,19.24,61.7246205918883,62.1672705545133,8.45727055451325
"Utqiagvik","BNL1875",20160712,"ERAN6","PSR+3500_SN1586067",449,24.6,54.42,7.3769912566032,24.44,1.34,18.25,48.6974148879426,49.9820355984011,-4.43796440159892
"Utqiagvik","BNL1643",20150713,"ERAN6","SVC_HR-1024i",458.2,27.1,84.05,9.16787870774914,38.51,2.28,16.91,68.321794631156,67.2222248093339,-16.8277751906661
"Utqiagvik","BNL1724",20150715,"ERAN6","SVC_HR-1024i",464.9,27.5,59.38,7.70584193972339,27.61,1.63,16.91,63.8257088027075,63.9875083917557,4.60750839175574
"Utqiagvik","BNL2813",20140716,"ERAN6","SVC_HR-1024i",461.6,37.6,60.82,7.7987178433381,28.07,2.29,12.28,53.0518596496692,45.5295862794994,-15.2904137205006
"Utqiagvik","BNL1662",20150714,"ERAN6","SVC_HR-1024i",436.8,21.9,64.84,8.05232885567896,28.32,1.42,19.95,51.3406012405038,49.6965885494139,-15.1434114505861
"Utqiagvik","BNL1656",20150713,"ERAN6","SVC_HR-1024i",438.7,29.7,66.03,8.12588456723328,28.97,1.96,14.77,60.9194868454581,60.61752271163,-5.41247728837001
"Utqiagvik","BNL1761",20150720,"ERAN6","SVC_HR-1024i",479.4,29.2,55.56,7.45385806143369,26.63,1.62,16.42,67.0597847844861,67.844540030487,12.284540030487
"Utqiagvik","BNL1646",20150713,"ERAN6","SVC_HR-1024i",447.5,29.2,60.39,7.77110030819317,27.02,1.76,15.33,58.5311482857806,58.5349888910284,-1.85501110897155
"Utqiagvik","BNL1659",20150714,"ERAN6","SVC_HR-1024i",454.6,23,57.37,7.57429864739964,26.08,1.32,19.77,59.6624012088393,59.9242919101832,2.55429191018316
"Utqiagvik","BNL1661",20150714,"ERAN6","SVC_HR-1024i",449.5,27.6,64.79,8.0492235650403,29.12,1.79,16.29,68.823612312125,68.9740225096957,4.18402250969565
"Utqiagvik","BNL1788",20150722,"ERAN6","SVC_HR-1024i",464.4,28.2,66.93,8.18107572388864,31.08,1.89,16.47,70.3680616987905,70.3771209338401,3.44712093384008
"Utqiagvik","BNL1733",20150715,"ERAN6","SVC_HR-1024i",483.9,30.2,58.71,7.66224510179621,28.41,1.77,16.02,59.5078694006345,59.649839771775,0.939839771775013
"Utqiagvik","BNL1735",20150715,"ERAN6","SVC_HR-1024i",466,24.9,64.63,8.03927857459859,30.12,1.61,18.71,62.1871932699536,61.9383218116212,-2.69167818837875
"Utqiagvik","BNL1941",20160712,"ERAN6","PSR+3500_SN1586067",456.6,44.6,48.74,6.98140387028282,22.26,2.17,10.24,53.4691997899537,56.726950639652,7.98695063965197
"Utqiagvik","BNL1648",20150713,"ERAN6","SVC_HR-1024i",453.1,21.1,66.86,8.17679643870385,30.29,1.41,21.47,63.7403846937276,63.5054490693084,-3.35455093069163
"Utqiagvik","BNL2812",20140716,"ERAN6","SVC_HR-1024i",459.1,35.4,71.17,8.43623138611074,32.68,2.52,12.97,65.7357114413227,65.2346291116943,-5.93537088830568
"Utqiagvik","BNL1653",20150713,"ERAN6","SVC_HR-1024i",443.4,30.3,68.41,8.27103379270089,30.33,2.07,14.63,60.883273204074,59.9948884320568,-8.41511156794316
"Utqiagvik","BNL1734",20150715,"ERAN6","SVC_HR-1024i",479.7,27.4,70.03,8.3683929162056,33.59,1.92,17.51,65.2334044612159,64.8875889921517,-5.1424110078483
"Utqiagvik","BNL1654",20150713,"ERAN6","SVC_HR-1024i",445.3,33.3,66.99,8.18474190185616,29.83,2.23,13.37,62.5738736501802,62.2701651901677,-4.71983480983229
"Utqiagvik","BNL1657",20150713,"ERAN6","SVC_HR-1024i",457,31,66.67,8.165169930871,30.47,2.07,14.74,60.5529001467081,59.9013205438397,-6.76867945616027
"Utqiagvik","BNL1647",20150713,"ERAN6","SVC_HR-1024i",477.4,29.6,60.23,7.7607989279455,28.76,1.78,16.13,57.4771481420097,57.4287872146487,-2.80121278535126
"Utqiagvik","BNL1575",20150710,"PEFR5","SVC_HR-1024i",417.7,18.6,80.48,8.97106459680232,33.62,1.5,22.46,84.8080689014627,84.9805148187284,4.50051481872838
"Utqiagvik","BNL1889",20160711,"PEFR5","PSR+3500_SN1586067",437.1,26.4,87.11,9.333273809334,38.08,2.3,16.56,88.83779320468,90.0378977993125,2.92789779931253
"Utqiagvik","BNL1792",20150723,"PEFR5","SVC_HR-1024i",428.2,20,90.26,9.5005263012109,38.65,1.81,21.41,84.4362803175756,84.0907808834685,-6.16921911653151
"Utqiagvik","BNL1786",20150722,"PEFR5","SVC_HR-1024i",429.6,20.4,85.14,9.22713389953782,36.58,1.74,21.06,79.1249396936313,77.6761207971722,-7.46387920282778
"Utqiagvik","BNL1871",20160711,"PEFR5","PSR+3500_SN1586067",443.8,31.9,67.77,8.23225364040734,30.07,2.16,13.91,64.3700488664042,65.0010772541576,-2.76892274584237
"Utqiagvik","BNL1888",20160711,"PEFR5","PSR+3500_SN1586067",455.4,26.9,80.24,8.95767827062348,36.54,2.16,16.93,76.2510734964253,76.5139802213347,-3.72601977866525
"Utqiagvik","BNL1563",20150710,"PEFR5","SVC_HR-1024i",413.8,22.6,80.2,8.95544527089525,33.19,1.81,18.31,78.8895691179483,78.6299574884852,-1.57004251151483
"Utqiagvik","BNL1562",20150710,"PEFR5","SVC_HR-1024i",433.8,23.7,104.78,10.2362102362154,45.45,2.48,18.3,83.2965186514538,81.7616176347199,-23.0183823652801
"Utqiagvik","BNL1790",20150722,"PEFR5","SVC_HR-1024i",429.8,20.9,72.58,8.51938964949955,31.19,1.52,20.56,83.7169107266943,84.3267879283925,11.7467879283925
"Utqiagvik","BNL1718",20150715,"PEFR5","SVC_HR-1024i",433,24.5,94.23,9.70721381241806,40.8,2.31,17.67,90.5299593612088,90.0377460412272,-4.19225395877277
"Utqiagvik","BNL1505",20140715,"PEFR5","SVC_HR-1024i",426.7,25.2,83.14,9.11811384004389,35.48,2.1,16.93,78.1585770935509,77.0156607361049,-6.12433926389514
"Utqiagvik","BNL1566",20150710,"PEFR5","SVC_HR-1024i",428.9,21.9,86.55,9.3032252471925,37.12,1.9,19.58,82.2814155309697,81.631112502646,-4.91888749735401
"Utqiagvik","BNL1576",20150710,"PEFR5","SVC_HR-1024i",427.4,23.7,74.49,8.63075894692929,31.84,1.77,18.03,81.0872280836807,81.3747615206184,6.88476152061838
"Utqiagvik","BNL1885",20160711,"PEFR5","PSR+3500_SN1586067",431.9,25.6,77,8.77496438739212,33.26,1.97,16.87,77.3138835535327,77.654564010202,0.654564010201952
"Utqiagvik","BNL1564",20150710,"PEFR5","SVC_HR-1024i",441.3,25.9,109.75,10.4761634198785,48.43,2.84,17.04,79.5973645520861,75.7212418889017,-34.0287581110983
"Utqiagvik","BNL1832",20160710,"PEFR5","PSR+3500_SN1586067",441.8,32.6,62.17,7.88479549512858,27.47,2.03,13.55,54.6414992465116,56.1703367060607,-5.99966329393934
"Utqiagvik","BNL1571",20150710,"PEFR5","SVC_HR-1024i",433.7,20.4,90.04,9.48894093142117,39.05,1.84,21.26,86.7669307138569,86.1778981768641,-3.86210182313592
"Utqiagvik","BNL1719",20150715,"PEFR5","SVC_HR-1024i",438.4,30.3,65.64,8.10185164021164,28.77,1.99,14.47,79.7664572849898,80.4134360528451,14.7734360528451
"Utqiagvik","BNL1504",20140715,"PEFR5","SVC_HR-1024i",448,23.5,85.27,9.23417565351667,38.2,2,19.06,86.4419365245542,85.8097714687037,0.539771468703705
"Utqiagvik","BNL1503",20140715,"PEFR5","SVC_HR-1024i",454.1,25.3,85.39,9.24067097130939,38.77,2.16,17.95,90.4924776123172,90.4153297450766,5.02532974507658
"Utqiagvik","BNL1568",20150710,"PEFR5","SVC_HR-1024i",422.1,33,73.32,8.56270985144306,30.95,2.42,12.79,78.0394605458187,78.2612145862891,4.94121458628906
"Utqiagvik","BNL1717",20150715,"PEFR5","SVC_HR-1024i",422.4,21.9,61.87,7.86574853399217,26.13,1.35,19.29,75.5373397782531,76.5211374414518,14.6511374414518
"Utqiagvik","BNL1867",20160711,"PEFR5","PSR+3500_SN1586067",453.1,32.7,67.08,8.19023809177731,30.39,2.19,13.86,64.8830780505643,78.8669166936089,11.7869166936089
"Utqiagvik","BNL1791",20150723,"PEFR5","SVC_HR-1024i",436.8,23,90.61,9.51892851112981,39.58,2.08,18.99,82.9336583253812,82.3110592641445,-8.29894073585548
"Utqiagvik","BNL1830",20160710,"PEFR5","PSR+3500_SN1586067",427.1,32.1,53.82,7.33621155638249,22.99,1.73,13.31,69.0292006493094,81.8506368056445,28.0306368056445
"Utqiagvik","BNL1569",20150710,"PEFR5","SVC_HR-1024i",432.5,22,118.45,10.8834737101718,51.23,2.61,19.66,82.0941847752777,79.8300154927234,-38.6199845072766
"Utqiagvik","BNL1573",20150710,"PEFR5","SVC_HR-1024i",426.5,19.4,83.22,9.12249965744039,35.49,1.61,21.98,78.7846126224705,78.511168725825,-4.70883127417495
"Utqiagvik","BNL1868",20160711,"PEFR5","PSR+3500_SN1586067",450.1,30.6,63.84,7.98999374217527,28.73,1.95,14.71,66.3052444379791,67.423467917099,3.58346791709896
"Utqiagvik","BNL1866",20160711,"PEFR5","PSR+3500_SN1586067",427.9,29.3,78.08,8.83628881374981,33.41,2.29,14.6,88.1518123828031,90.4851942127341,12.4051942127341
"Utqiagvik","BNL1506",20140715,"PEFR5","SVC_HR-1024i",440.9,28.7,82.42,9.0785461391128,36.34,2.37,15.36,89.1931326075617,90.3624782059239,7.94247820592386
"Utqiagvik","BNL1720",20150715,"PEFR5","SVC_HR-1024i",426.5,25.8,72.11,8.49176071259665,30.76,1.86,16.53,83.2215368022063,83.674275220269,11.564275220269
"Utqiagvik","BNL1834",20160710,"PEFR5","PSR+3500_SN1586067",431.3,28.9,57.65,7.59275970909129,24.86,1.67,14.92,59.4196782236844,63.8765458664888,6.2265458664888
"Utqiagvik","BNL1826",20160710,"PEFR5","PSR+3500_SN1586067",446.1,26.3,71.3,8.44393273303382,31.81,1.88,16.96,66.5080844718546,66.5210714141381,-4.77892858586189
"Utqiagvik","BNL1567",20150710,"PEFR5","SVC_HR-1024i",439,21.9,97.51,9.87471518576612,42.81,2.14,20.05,86.0671281519455,84.6742181324137,-12.8357818675863
"Utqiagvik","BNL1831",20160710,"PEFR5","PSR+3500_SN1586067",421.4,28.7,54.9,7.40945342113708,23.14,1.58,14.68,53.9562688443339,57.7619721811304,2.8619721811304
"Utqiagvik","BNL1558",20150710,"PEFR5","SVC_HR-1024i",439.9,28.8,83.21,9.12195154558497,36.61,2.4,15.27,82.8572179414839,82.6491519498181,-0.560848050181903
"Utqiagvik","BNL2808",20140715,"PEFR5","SVC_HR-1024i",447.4,35.8,87.23,9.3397002093215,39.03,3.12,12.5,90.7011232234657,90.7649321619156,3.53493216191561
"Utqiagvik","BNL1785",20150722,"PEFR5","SVC_HR-1024i",429.3,23,71.78,8.47230783199005,30.82,1.65,18.67,70.2161535874558,69.725132590478,-2.05486740952196
"Utqiagvik","BNL1560",20150710,"PEFR5","SVC_HR-1024i",435.3,23.4,93.12,9.64987046545185,40.54,2.18,18.6,86.6499390715406,86.2940526693525,-6.82594733064755
"Utqiagvik","BNL1572",20150710,"PEFR5","SVC_HR-1024i",426.6,30.9,79.7,8.92748564826626,34,2.46,13.81,73.7299981419675,73.3430320266512,-6.35696797334876
"Utqiagvik","BNL1570",20150710,"PEFR5","SVC_HR-1024i",439.5,24,82.22,9.06752446922532,36.14,1.97,18.31,80.3423904930466,80.0432549402129,-2.17674505978705
"Utqiagvik","BNL1722",20150715,"PEFR5","SVC_HR-1024i",427.8,27,94.84,9.73858305915188,40.57,2.56,15.84,86.796690141465,85.8242130708564,-9.01578692914364
"Utqiagvik","BNL1872",20160711,"PEFR5","PSR+3500_SN1586067",423.5,29.5,71.89,8.47879708449259,30.45,2.12,14.36,69.8688274416014,71.3109282948598,-0.579071705140237
"Utqiagvik","BNL1886",20160711,"PEFR5","PSR+3500_SN1586067",437.4,25.2,86.13,9.28062497895481,37.67,2.17,17.36,76.0976789839603,74.4520538049777,-11.6779461950223
"Utqiagvik","BNL1565",20150710,"PEFR5","SVC_HR-1024i",423.4,31.1,56.15,7.4933303677337,23.77,1.75,13.61,75.7675841466995,77.2972694646361,21.1472694646361
"Utqiagvik","BNL1508",20140715,"PEFR5","SVC_HR-1024i",436.6,29.8,81.22,9.01221393443365,35.46,2.42,14.65,85.390476383186,84.9481773933971,3.72817739339715
"Utqiagvik","BNL1738",20150715,"SAPU15","SVC_HR-1024i",500.3,24.2,100.74,10.0369318020997,50.4,2.44,20.67,94.5404703692659,93.7530166644209,-6.9869833355791
"Utqiagvik","BNL1738",20150715,"SAPU15","SVC_HR-1024i",500.3,24.2,100.74,10.0369318020997,50.4,2.44,20.67,98.712431506714,98.0319766854664,-2.70802331453363
"Utqiagvik","BNL1737",20150715,"SAPU15","SVC_HR-1024i",496.4,28.3,89.45,9.4578010129205,44.4,2.53,17.54,96.026995075079,96.6841823974725,7.23418239747245
"Utqiagvik","BNL1793",20150723,"SAPU15","SVC_HR-1024i",502.3,28.5,85.3,9.23579991121505,42.85,2.43,17.62,94.7081174217457,95.2647762411037,9.96477624110366
"Utqiagvik","BNL1739",20150715,"SAPU15","SVC_HR-1024i",491.3,27.4,70.53,8.39821409586586,34.65,1.93,17.93,78.2666486088029,80.528948949494,9.99894894949401
"Utqiagvik","BNL1794",20150723,"SAPU15","SVC_HR-1024i",507.4,26.5,89.08,9.43822017119753,45.2,2.36,19.15,94.7756993134997,95.0158894468164,5.9358894468164
"Utqiagvik","BNL1739",20150715,"SAPU15","SVC_HR-1024i",491.3,27.4,70.53,8.39821409586586,34.65,1.93,17.93,83.2342985373841,84.170418981833,13.640418981833
"Utqiagvik","BNL1740",20150715,"SAPU15","SVC_HR-1024i",489,22.6,78.18,8.84194548727824,38.23,1.77,21.64,88.7351043390482,89.2740293342639,11.0940293342639
"Utqiagvik","BNL1730",20150715,"SAPU6","SVC_HR-1024i",420.5,19.1,60.99,7.80960946526777,25.65,1.16,22.02,89.2007718841043,91.6369606334089,30.6469606334089
"Utqiagvik","BNL1727",20150715,"SAPU6","SVC_HR-1024i",436.1,21.8,68.22,8.25953993876172,29.75,1.49,20,81.7499171594698,83.7075077253611,15.4875077253611
"Utqiagvik","BNL1728",20150715,"SAPU6","SVC_HR-1024i",431.8,21.8,64.22,8.01373820385967,27.73,1.4,19.81,76.5515394944239,77.8494706838981,13.6294706838981
"Utqiagvik","BNL1726",20150715,"SAPU6","SVC_HR-1024i",430.4,23,77.66,8.81249113474731,33.42,1.79,18.71,81.8022711546172,82.0571146722615,4.39711467226155
