"Location","Sample_ID","Sample_Date","USDA_Species_Code","Spec_Instrument","Cmass_mg_g","Nmass_mg_g","LMA_gDW_m2","Carea_g_m2","Narea_g_m2","CN_ratio","PLSR_Predicted","PLSR_CV_Predicted","PLSR_CV_Residuals"
"Seward_Peninsula","BNL13339",20190703,"ALVI5","SVC_HR-1024i",500.7,24.7,100.328,50.234,2.478,20.2712550607287,99.0453684959141,98.8597671282208,-1.46823287177925
"Seward_Peninsula","BNL12954",20190704,"ALVI5","SVC_HR-1024i",491.3,26.9,64.774,31.823,1.742,18.2639405204461,67.9408564820973,68.2407681442696,3.46676814426964
"Seward_Peninsula","BNL13052",20190706,"ALVI5","SVC_HR-1024i",491.1,24.2,94.611,46.463,2.29,20.2933884297521,93.5538051342553,93.6763913516571,-0.934608648342945
"Seward_Peninsula","BNL12962",20190705,"ALVI5","SVC_HR-1024i",495.9,27.5,87.47,43.376,2.405,18.0327272727273,88.9591398145826,89.1764066279021,1.70640662790213
"Seward_Peninsula","BNL13404",20190706,"ALVI5","SVC_HR-1024i",500.7,25.1,101.96,51.051,2.559,19.9482071713147,105.449718303799,105.444754261468,3.48475426146821
"Seward_Peninsula","BNL12963",20190705,"ALVI5","SVC_HR-1024i",506.4,29.6,91.55,46.361,2.71,17.1081081081081,95.5210793881868,95.5492032377824,3.99920323778238
"Seward_Peninsula","BNL12949",20190704,"ALVI5","SVC_HR-1024i",487.9,28.5,73.189,35.709,2.086,17.119298245614,78.519199263435,78.7442034695621,5.55520346956214
"Seward_Peninsula","BNL13349",20190703,"ALVI5","SVC_HR-1024i",494.2,25.3,85.1,42.056,2.153,19.5335968379447,85.0617443728617,85.2005785541712,0.10057855417125
"Seward_Peninsula","BNL13348",20190703,"ALVI5","SVC_HR-1024i",487.6,24.1,87.635,42.731,2.112,20.2323651452282,87.5961879176513,87.5732894411498,-0.0617105588502369
"Seward_Peninsula","BNL12980",20190704,"ALVI5","SVC_HR-1024i",490,26,92.621,45.385,2.408,18.8461538461538,98.387919434795,98.5307786189515,5.90977861895152
"Seward_Peninsula","BNL12985",20190705,"ALVI5","SVC_HR-1024i",503.1,26.6,93.948,47.265,2.499,18.9135338345865,91.9093146764307,91.9680988003076,-1.97990119969243
"Seward_Peninsula","BNL12975",20190704,"ALVI5","SVC_HR-1024i",467.1,23.1,87.47,40.857,2.021,20.2207792207792,92.5535779946467,92.2744916652768,4.80449166527676
"Seward_Peninsula","BNL13401",20190706,"ALVI5","SVC_HR-1024i",507.4,21.7,102.141,51.826,2.216,23.3824884792627,98.136035079771,97.9602898679107,-4.18071013208929
"Seward_Peninsula","BNL13483",20190703,"ALVI5","SVC_HR-1024i",491.2,23.3,91.414,44.902,2.13,21.0815450643777,95.2712023455618,95.3364827207088,3.92248272070883
"Seward_Peninsula","BNL13355",20190703,"ALVI5","SVC_HR-1024i",494.4,25.1,85.202,42.124,2.139,19.6972111553785,90.3302230542043,90.49706587044,5.29506587044003
"Seward_Peninsula","BNL15356",20190706,"ALVI5","SVC_HR-1024i",505,26.6,82.285,41.554,2.189,18.984962406015,85.2766530303241,85.1842514704735,2.89925147047346
"Seward_Peninsula","BNL12957",20190705,"ALVI5","SVC_HR-1024i",499.1,29.7,67.018,33.449,1.99,16.8047138047138,69.9586387962549,69.9771417162579,2.95914171625795
"Seward_Peninsula","BNL13350",20190703,"ALVI5","SVC_HR-1024i",500.2,28.4,93.582,46.81,2.658,17.612676056338,97.2413114596698,97.6251492619673,4.04314926196734
"Seward_Peninsula","BNL13174",20190703,"ALVI5","SVC_HR-1024i",507.2,30.4,94.257,47.807,2.865,16.6842105263158,91.9166984409993,91.7999362280759,-2.45706377192414
"Seward_Peninsula","BNL12956",20190705,"ALVI5","SVC_HR-1024i",494.2,24.3,71.098,35.137,1.728,20.3374485596708,76.2256402025308,76.6114908082815,5.51349080828147
"Seward_Peninsula","BNL12976",20190704,"ALVI5","SVC_HR-1024i",495.4,29.4,79.31,39.29,2.332,16.8503401360544,85.0340856060697,85.3069976140912,5.99699761409124
"Seward_Peninsula","BNL12958",20190705,"ALVI5","SVC_HR-1024i",496.2,26.2,53.383,26.489,1.399,18.9389312977099,57.7596015103679,58.3683029830406,4.98530298304059
"Seward_Peninsula","BNL13053",20190706,"ALVI5","SVC_HR-1024i",487.5,20.4,93.438,45.551,1.906,23.8970588235294,96.7328012243438,96.6632078548117,3.22520785481167
"Seward_Peninsula","BNL13027",20190703,"ALVI5","SVC_HR-1024i",506.5,20.1,106.135,53.757,2.133,25.1990049751244,97.5467964981494,97.3378889053998,-8.79711109460023
"Seward_Peninsula","BNL12952",20190704,"ALVI5","SVC_HR-1024i",489.9,29,85.005,41.644,2.465,16.8931034482759,87.2494435823155,87.186491213938,2.18149121393797
"Seward_Peninsula","BNL12960",20190705,"ALVI5","SVC_HR-1024i",510.5,28.1,76.76,39.186,2.157,18.1672597864769,80.8859388462291,81.479958099159,4.71995809915897
"Seward_Peninsula","BNL12978",20190704,"ALVI5","SVC_HR-1024i",488.4,24.4,72.552,35.434,1.77,20.016393442623,74.5586075732851,74.6255071986612,2.07350719866119
"Seward_Peninsula","BNL12959",20190705,"ALVI5","SVC_HR-1024i",491.8,30.2,66.389,32.65,2.005,16.2847682119205,72.8065955785584,73.5251174343862,7.13611743438622
"Seward_Peninsula","BNL15357",20190706,"ALVI5","SVC_HR-1024i",494.6,23.4,86.365,42.716,2.021,21.1367521367521,88.0238697693709,88.0509237503691,1.6859237503691
"Seward_Peninsula","BNL15351",20190706,"ALVI5","SVC_HR-1024i",496.9,24.8,97.416,48.406,2.416,20.0362903225806,97.4726713054458,97.6504905887115,0.234490588711481
"Seward_Peninsula","BNL12982",20190705,"ALVI5","SVC_HR-1024i",499.1,23.6,79.419,39.638,1.874,21.1483050847458,85.994192157622,86.5513909638705,7.13239096387055
"Seward_Peninsula","BNL12953",20190704,"ALVI5","SVC_HR-1024i",490.2,28.4,75.076,36.802,2.132,17.2605633802817,78.9584617030116,78.9746652494879,3.89866524948792
"Seward_Peninsula","BNL12961",20190705,"ALVI5","SVC_HR-1024i",497.9,23.6,92.315,45.964,2.179,21.0974576271186,91.3108057322812,91.3060903290743,-1.00890967092569
"Seward_Peninsula","BNL13051",20190706,"ALVI5","SVC_HR-1024i",494.7,24.9,95.07,47.031,2.367,19.8674698795181,94.4179770598062,94.0720723403381,-0.997927659661883
"Seward_Peninsula","BNL12977",20190704,"ALVI5","SVC_HR-1024i",491.6,20.9,100.747,49.527,2.106,23.5215311004785,96.2173972449419,95.9407872555222,-4.80621274447778
"Seward_Peninsula","BNL12979",20190704,"ALVI5","SVC_HR-1024i",508.8,26.3,87.419,44.479,2.299,19.3460076045627,91.2990138315023,91.470245235468,4.05124523546796
"Seward_Peninsula","BNL12984",20190705,"ALVI5","SVC_HR-1024i",497.6,27.1,74.537,37.09,2.02,18.3616236162362,77.5565019059315,77.5375804327555,3.00058043275553
"Seward_Peninsula","BNL2235",20160726,"ALVIF","SVC_HR-1024i",477.9,28.6,71,33.931,2.031,16.71,74.328035637299,74.7330302556761,3.73303025567606
"Seward_Peninsula","BNL2295",20160726,"ALVIF","SVC_HR-1024i",493,26.1,73.65,36.311,1.922,18.889,75.7346665989355,75.718756022523,2.06875602252303
"Seward_Peninsula","BNL2340",20160726,"ALVIF","SVC_HR-1024i",484.6,36.1,76.6,37.12,2.765,13.424,77.8961790352331,77.9740510799743,1.37405107997434
"Seward_Peninsula","BNL2223",20160726,"ALVIF","SVC_HR-1024i",479.5,24.3,89.05,42.697,2.164,19.733,89.3668426842261,89.5940464929352,0.544046492935223
"Seward_Peninsula","BNL2287",20160726,"ALVIF","SVC_HR-1024i",492.6,24.7,96.04,47.31,2.372,19.943,98.0409408001067,98.1273649862696,2.08736498626958
"Seward_Peninsula","BNL2243",20160726,"ALVIF","SVC_HR-1024i",483.9,23.2,96.83,46.855,2.246,20.858,92.2107274154167,92.0563447601298,-4.77365523987015
"Seward_Peninsula","BNL2278",20160726,"ALVIF","SVC_HR-1024i",481.9,19,90.08,43.412,1.712,25.363,90.6996757348428,90.7369999663196,0.65699996631956
"Seward_Peninsula","BNL2237",20160726,"ALVIF","SVC_HR-1024i",488.4,21.2,109.2,53.334,2.315,23.038,101.678132559098,101.362433862494,-7.83756613750636
"Seward_Peninsula","BNL2324",20160726,"ALVIF","SVC_HR-1024i",488.5,27.9,109.11,53.301,3.044,17.509,109.557218421028,109.502063694488,0.392063694488002
"Seward_Peninsula","BNL2263",20160726,"ALVIF","SVC_HR-1024i",486.2,16.5,122.36,59.492,2.019,29.467,115.412310702288,115.092307306369,-7.26769269363098
"Seward_Peninsula","BNL2289",20160726,"ALVIF","SVC_HR-1024i",491.3,21.8,77.84,38.244,1.697,22.537,85.2156974754933,85.2974553771735,7.45745537717353
"Seward_Peninsula","BNL2277",20160726,"ALVIF","SVC_HR-1024i",488.1,17.3,96.63,47.166,1.672,28.214,96.5559437343309,96.8033686986318,0.173368698631791
"Seward_Peninsula","BNL2288",20160726,"ALVIF","SVC_HR-1024i",495.2,21.3,105.52,52.255,2.248,23.249,102.783055511463,102.681871165191,-2.83812883480864
"Seward_Peninsula","BNL2251",20160726,"ALVIF","SVC_HR-1024i",484.2,23.8,100.09,48.465,2.382,20.345,101.339342343695,101.418998575587,1.32899857558739
"Seward_Peninsula","BNL2291",20160726,"ALVIF","SVC_HR-1024i",481.4,23.2,97.75,47.057,2.268,20.75,93.8869467782218,93.9905851911502,-3.75941480884983
"Seward_Peninsula","BNL2262",20160726,"ALVIF","SVC_HR-1024i",482.5,21.7,112.54,54.301,2.442,22.235,104.241601689255,104.289838627624,-8.25016137237635
"Seward_Peninsula","BNL2341",20160726,"ALVIF","SVC_HR-1024i",475,18.4,106.71,50.689,1.964,25.815,106.504624170113,106.427458746231,-0.282541253769395
"Seward_Peninsula","BNL2233",20160726,"ALVIF","SVC_HR-1024i",483,23.5,106.28,51.333,2.498,20.553,101.359085257876,101.306792218859,-4.97320778114126
"Seward_Peninsula","BNL2219",20160726,"ALVIF","SVC_HR-1024i",488.2,25.1,105.54,51.526,2.649,19.45,100.724203227888,100.59833210097,-4.94166789903042
"Seward_Peninsula","BNL2230",20160726,"ALVIF","SVC_HR-1024i",492.1,23.7,106.06,52.192,2.514,20.764,101.308565894496,101.268763595195,-4.79123640480465
"Seward_Peninsula","BNL2241",20160726,"ALVIF","SVC_HR-1024i",498,24.3,100.09,49.846,2.432,20.494,98.19867311537,98.2849024949517,-1.80509750504831
"Seward_Peninsula","BNL2229",20160726,"ALVIF","SVC_HR-1024i",461.2,24.6,85.14,39.267,2.094,18.748,76.8542259965529,76.5215211449576,-8.61847885504238
"Seward_Peninsula","BNL2286",20160726,"ALVIF","SVC_HR-1024i",489.1,26.3,86.94,42.523,2.287,18.597,85.7105114261788,85.6470312842449,-1.29296871575511
"Seward_Peninsula","BNL2261",20160726,"ALVIF","SVC_HR-1024i",484.7,25,105.27,51.026,2.632,19.388,99.3342534394415,99.0717190340226,-6.19828096597735
"Seward_Peninsula","BNL2181",20160726,"ALVIF","SVC_HR-1024i",477.7,24.7,100.63,48.069,2.485,19.34,103.589353478344,103.734897090597,3.10489709059698
"Seward_Peninsula","BNL2339",20160726,"ALVIF","SVC_HR-1024i",486.4,28,101.35,49.294,2.838,17.371,97.0853582494129,96.9092979821539,-4.44070201784605
"Seward_Peninsula","BNL2224",20160726,"ALVIF","SVC_HR-1024i",488.6,22,114.46,55.923,2.518,22.209,106.304414327521,106.11910953003,-8.34089046997013
"Seward_Peninsula","BNL2265",20160726,"ALVIF","SVC_HR-1024i",483.3,24.6,100.17,48.411,2.464,19.646,96.6832748527857,96.7292251364167,-3.4407748635833
"Seward_Peninsula","BNL2258",20160726,"ALVIF","SVC_HR-1024i",488.1,25.5,111.44,54.392,2.842,19.141,109.030894154148,109.067079719966,-2.37292028003358
"Seward_Peninsula","BNL2283",20160726,"ALVIF","SVC_HR-1024i",491.8,23.6,99.99,49.175,2.36,20.839,99.0774016111922,99.0876957225104,-0.902304277489634
"Seward_Peninsula","BNL2273",20160726,"ALVIF","SVC_HR-1024i",491,21.2,97.48,47.864,2.067,23.16,94.8647949879631,94.5116133480869,-2.96838665191309
"Seward_Peninsula","BNL2332",20160726,"ALVIF","SVC_HR-1024i",486.3,22,99.58,48.425,2.191,22.105,101.065627767962,100.975264093535,1.39526409353459
"Seward_Peninsula","BNL2218",20160726,"ALVIF","SVC_HR-1024i",491.3,23.8,99.65,48.959,2.372,20.643,100.963658935259,101.071443146786,1.42144314678636
"Seward_Peninsula","BNL2296",20160726,"ALVIF","SVC_HR-1024i",496.2,25.6,89.27,44.294,2.285,19.383,92.6117034066333,92.5487082576731,3.27870825767312
"Seward_Peninsula","BNL2290",20160726,"ALVIF","SVC_HR-1024i",477.9,21.6,96.36,46.052,2.081,22.125,96.7136432159341,96.6209172347468,0.260917234746827
"Seward_Peninsula","BNL2292",20160726,"ALVIF","SVC_HR-1024i",483.7,24.8,87.79,42.466,2.177,19.504,90.5451986152416,90.6687157124471,2.8787157124471
"Seward_Peninsula","BNL2220",20160726,"ALVIF","SVC_HR-1024i",495.1,27.6,99.49,49.259,2.746,17.938,102.017629008765,102.07935941493,2.58935941493014
"Seward_Peninsula","BNL2294",20160726,"ALVIF","SVC_HR-1024i",490.8,30.6,72.57,35.618,2.221,16.039,74.8610350904507,74.8872304620808,2.31723046208084
"Seward_Peninsula","BNL2279",20160726,"ALVIF","SVC_HR-1024i",483.8,21,103.33,49.993,2.17,23.038,103.828188687645,103.717032454624,0.38703245462365
"Seward_Peninsula","BNL2256",20160726,"ALVIF","SVC_HR-1024i",482.5,20.9,101.05,48.757,2.112,23.086,101.507005414091,101.669763996892,0.619763996892459
"Seward_Peninsula","BNL2314",20160726,"ALVIF","SVC_HR-1024i",494.9,20.2,101.01,49.989,2.04,24.5,99.2242771536593,99.2418496486495,-1.76815035135049
"Seward_Peninsula","BNL2250",20160726,"ALVIF","SVC_HR-1024i",480.5,22.7,108.93,52.342,2.473,21.167,106.2899380358,106.177750362691,-2.75224963730915
"Seward_Peninsula","BNL2260",20160726,"ALVIF","SVC_HR-1024i",485.1,23.1,99.49,48.264,2.298,21,97.0918326716385,97.0842092250242,-2.40579077497578
"Seward_Peninsula","BNL2269",20160726,"ALVIF","SVC_HR-1024i",488.2,24.5,99.52,48.588,2.438,19.927,100.077647410022,100.099215378175,0.579215378175192
"Seward_Peninsula","BNL2280",20160726,"ALVIF","SVC_HR-1024i",483.1,19.4,104.36,50.415,2.025,24.902,106.945082247036,107.228526786293,2.86852678629329
"Seward_Peninsula","BNL2266",20160726,"ALVIF","SVC_HR-1024i",477.7,23.7,93.24,44.542,2.21,20.156,94.6248312230476,94.7576004972372,1.51760049723721
"Seward_Peninsula","BNL2285",20160726,"ALVIF","SVC_HR-1024i",483.4,22.9,95.97,46.391,2.198,21.109,95.459680692142,95.4104116307907,-0.55958836920928
"Seward_Peninsula","BNL2282",20160726,"ALVIF","SVC_HR-1024i",486.1,20.9,112.02,54.455,2.341,23.258,108.481163528372,108.506522335464,-3.51347766453561
"Seward_Peninsula","BNL2259",20160726,"ALVIF","SVC_HR-1024i",489.9,21,96.29,47.175,2.022,23.329,98.686975061409,98.7166507191256,2.42665071912559
"Seward_Peninsula","BNL2246",20160726,"ALVIF","SVC_HR-1024i",510.3,20.2,101.93,52.017,2.059,25.262,98.2231813993654,98.1162358725027,-3.81376412749727
"Seward_Peninsula","BNL2276",20160726,"ALVIF","SVC_HR-1024i",487.6,19.1,86.03,41.946,1.643,25.529,86.7063104062233,87.0099045481466,0.97990454814655
"Seward_Peninsula","BNL2216",20160726,"ALVIF","SVC_HR-1024i",491.5,23.1,100.17,49.232,2.314,21.277,103.631054002722,103.570174607636,3.40017460763592
"Seward_Peninsula","BNL13492",20190703,"ARALA7","SVC_HR-1024i",512.1,16.7,128.684,65.899,2.149,30.6646706586826,115.264088619038,114.512936182332,-14.1710638176681
"Seward_Peninsula","BNL13491",20190703,"ARALA7","SVC_HR-1024i",500.8,15.8,153.135,76.69,2.42,31.6962025316456,131.508181932063,129.049993077507,-24.0850069224926
"Seward_Peninsula","BNL13486",20190703,"ARALA7","SVC_HR-1024i",497.1,16.1,146.745,72.947,2.363,30.8757763975155,126.396175288958,124.528630794923,-22.2163692050768
"Seward_Peninsula","BNL13335",20190703,"BEGL","SVC_HR-1024i",504.1,22.1,82.11,41.392,1.815,22.8099547511312,90.990317188091,91.1403883911915,9.03038839119154
"Seward_Peninsula","BNL2274",20160726,"BEGL","SVC_HR-1024i",456.8,31,63.05,28.8,1.954,14.735,65.9331990217954,65.8872385166353,2.83723851663528
"Seward_Peninsula","BNL2337",20160726,"BEGL","SVC_HR-1024i",490.4,24.2,99.58,48.833,2.41,20.264,99.6417656416283,99.6706970050534,0.0906970050534426
"Seward_Peninsula","BNL2312",20160726,"BEGL","SVC_HR-1024i",484.6,16.8,124.18,60.176,2.086,28.845,116.153818890606,115.984732793885,-8.1952672061154
"Seward_Peninsula","BNL2335",20160726,"BEGL","SVC_HR-1024i",496.5,21.8,117.11,58.144,2.553,22.775,111.761819787591,111.529936833741,-5.58006316625914
"Seward_Peninsula","BNL2311",20160726,"BEGL","SVC_HR-1024i",484.7,16,135.08,65.472,2.161,30.294,121.420143495594,120.953402508878,-14.1265974911221
"Seward_Peninsula","BNL13484",20190703,"BEGL","SVC_HR-1024i",502.2,25.1,71.993,36.155,1.807,20.00796812749,81.8534789077432,82.2102443237743,10.2172443237744
"Seward_Peninsula","BNL13345",20190703,"BEGL","SVC_HR-1024i",495.7,31.9,80.364,39.836,2.564,15.5391849529781,83.246254723735,83.2146449146796,2.85064491467959
"Seward_Peninsula","BNL2336",20160726,"BEGL","SVC_HR-1024i",488.8,23,97.96,47.882,2.253,21.252,98.4306523445196,98.4438344673651,0.483834467365128
"Seward_Peninsula","BNL2310",20160726,"BEGL","SVC_HR-1024i",478.6,19.9,123,58.867,2.448,24.05,113.709077133411,113.542956316344,-9.45704368365554
"Seward_Peninsula","BNL2334",20160726,"BEGL","SVC_HR-1024i",424.3,15.4,98.1,41.626,1.511,27.552,99.6781854399931,99.7152831329159,1.61528313291591
"Seward_Peninsula","BNL2270",20160726,"BEGL","SVC_HR-1024i",501.8,19.6,122.09,61.263,2.393,25.602,112.758891717941,112.338776901528,-9.75122309847177
"Seward_Peninsula","BNL2317",20160726,"BEGL","SVC_HR-1024i",490.7,23.7,108.12,53.055,2.562,20.705,103.53036921484,103.305370553461,-4.81462944653914
"Seward_Peninsula","BNL2338",20160726,"BEGL","SVC_HR-1024i",495.9,14.4,111.95,55.517,1.612,34.438,103.771548283145,103.61747931984,-8.33252068016034
"Seward_Peninsula","BNL2271",20160726,"BEGL","SVC_HR-1024i",498.3,26.9,82.88,41.301,2.23,18.524,86.60821963723,86.729464652964,3.84946465296402
"Seward_Peninsula","BNL13334",20190703,"BENA","SVC_HR-1024i",501.7,19.6,82.426,41.353,1.616,25.5969387755102,87.6355943990094,87.7377960439638,5.3117960439638
"Seward_Peninsula","BNL13354",20190703,"BENA","SVC_HR-1024i",480,31.8,81.084,38.92,2.578,15.0943396226415,81.4266280146451,81.1372909392917,0.0532909392916991
"Seward_Peninsula","BNL13485",20190703,"BENA","SVC_HR-1024i",488.1,21.1,100.615,49.11,2.123,23.1327014218009,109.288690703156,109.846150661524,9.23115066152415
"Seward_Peninsula","BNL13175",20190703,"BENA","SVC_HR-1024i",494.9,19.7,79.97,39.577,1.575,25.1218274111675,86.2588974871955,86.4594412030487,6.48944120304868
"Seward_Peninsula","BNL13337",20190703,"BENA","SVC_HR-1024i",501.8,21,108.734,54.563,2.283,23.8952380952381,84.5883495326779,83.3055788448723,-25.4284211551277
"Seward_Peninsula","BNL13179",20190703,"BENA","SVC_HR-1024i",496,18.1,92.474,45.867,1.674,27.4033149171271,101.581326449296,102.121077154869,9.64707715486897
"Seward_Peninsula","BNL13200",20170730,"CAAQ","SVC_HR-1024i",457.6,13.9,63.04,28.85,0.88,32.92,57.9683659924336,57.788576441452,-5.25142355854801
"Seward_Peninsula","BNL13148",20170730,"CAAQ","SVC_HR-1024i",451.3,15.9,71.9,32.45,1.14,28.38,64.9037127474494,64.5618365325296,-7.33816346747045
"Seward_Peninsula","BNL13086",20170730,"CAAQ","SVC_HR-1024i",456.8,18.8,60.52,27.65,1.14,24.3,59.0958528433508,58.8090537603571,-1.71094623964293
"Seward_Peninsula","BNL13146",20170730,"CAAQ","SVC_HR-1024i",469.3,14.2,67.09,31.49,0.95,33.05,69.3433989739616,69.517040981953,2.42704098195301
"Seward_Peninsula","BNL13082",20170730,"CAAQ","SVC_HR-1024i",465.6,18.5,75.53,35.17,1.4,25.17,67.5949090531071,67.6237220741276,-7.9062779258724
"Seward_Peninsula","BNL13088",20170730,"CAAQ","SVC_HR-1024i",462.6,15.4,74.46,34.45,1.15,30.04,76.068714711648,76.1729943065368,1.71299430653684
"Seward_Peninsula","BNL13087",20170730,"EQAR","SVC_HR-1024i",375.3,17.8,71.78,26.94,1.28,21.08,67.5308433570474,66.5121006061736,-5.26789939382638
"Seward_Peninsula","BNL13030",20190703,"RUCH","SVC_HR-1024i",477.4,23.1,89.016,42.496,2.056,20.6666666666667,85.1570220422738,85.3906234439583,-3.62537655604169
"Seward_Peninsula","BNL13177",20190703,"RUCH","SVC_HR-1024i",472,26.8,88.118,41.592,2.362,17.6119402985075,84.0448603627949,84.0132179149556,-4.10478208504442
"Seward_Peninsula","BNL13184",20170730,"RUCH","SVC_HR-1024i",476.7,22.1,76.46,36.45,1.69,21.57,69.5790902459596,68.9971435215736,-7.46285647842642
"Seward_Peninsula","BNL13078",20170730,"RUCH","SVC_HR-1024i",460.4,26.5,68.09,31.35,1.8,17.37,59.9191828376253,59.1236069641259,-8.96639303587412
"Seward_Peninsula","BNL13156",20190703,"RUCH","SVC_HR-1024i",482.7,26.5,80.448,38.832,2.132,18.2150943396226,74.7854918520769,74.5587627533452,-5.88923724665479
"Seward_Peninsula","BNL13150",20170730,"SAAL","SVC_HR-1024i",478.1,20.6,98.06,46.88,2.02,23.21,93.2507788758368,92.492448839734,-5.56755116026599
"Seward_Peninsula","BNL13167Q4",20170801,"SAAL","SVC_HR-1024i",482.9,27,74.89,36.16,2.02,17.89,83.1729955646172,84.1415575281665,9.25155752816649
"Seward_Peninsula","BNL13154",20170730,"SAAL","SVC_HR-1024i",463.6,21.6,94.58,43.85,2.04,21.46,97.1562843813527,96.9628720428418,2.38287204284178
"Seward_Peninsula","BNL13167Q2",20170801,"SAAL","SVC_HR-1024i",481.9,25.1,83.14,40.07,2.09,19.2,80.7591304106218,80.4870294882403,-2.65297051175969
"Seward_Peninsula","BNL2315",20160726,"SAGL","SVC_HR-1024i",491.6,24.2,109.03,53.597,2.638,20.314,113.735479617177,113.894994834841,4.86499483484127
"Seward_Peninsula","BNL2297",20160726,"SAGL","SVC_HR-1024i",473,18,113.23,53.558,2.038,26.278,107.122690890608,107.124806340466,-6.1051936595339
"Seward_Peninsula","BNL2300",20160726,"SAGL","SVC_HR-1024i",493.9,24.5,100.16,49.468,2.454,20.159,105.055725438645,104.8970661627,4.7370661627005
"Seward_Peninsula","BNL2301",20160726,"SAGL","SVC_HR-1024i",487.5,23.2,97.22,47.392,2.255,21.013,103.573441683255,103.882788386993,6.66278838699338
"Seward_Peninsula","BNL2329",20160726,"SAGL","SVC_HR-1024i",478.5,19.3,110.4,52.825,2.131,24.793,108.042021120043,107.965417128771,-2.43458287122944
"Seward_Peninsula","BNL2333",20160726,"SAGL","SVC_HR-1024i",490.3,15.4,97.44,47.777,1.501,31.838,109.144472488627,108.995377671579,11.5553776715791
"Seward_Peninsula","BNL2303",20160726,"SAGL","SVC_HR-1024i",487.8,18.6,93.75,45.729,1.744,26.226,103.395592127291,103.679777011033,9.92977701103345
"Seward_Peninsula","BNL2322",20160726,"SAGL","SVC_HR-1024i",463.2,18,83.04,38.464,1.495,25.733,87.5767035020686,87.4482885943219,4.40828859432193
"Seward_Peninsula","BNL2307",20160726,"SAGL","SVC_HR-1024i",474.5,17,88.33,41.911,1.502,27.912,100.894033998668,101.491837765715,13.1618377657154
"Seward_Peninsula","BNL2298",20160726,"SAGL","SVC_HR-1024i",481.5,25,116.26,55.979,2.907,19.26,101.84074867221,101.395326277023,-14.8646737229771
"Seward_Peninsula","BNL2318",20160726,"SAGL","SVC_HR-1024i",469.7,21,96.57,45.359,2.028,22.367,98.6351809562031,98.4957759826098,1.92577598260985
"Seward_Peninsula","BNL2299",20160726,"SAGL","SVC_HR-1024i",487.8,20.5,97.27,47.45,1.994,23.795,100.424718010983,100.486355812291,3.21635581229098
"Seward_Peninsula","BNL2304",20160726,"SAGL","SVC_HR-1024i",475.4,17,87.07,41.393,1.48,27.965,100.050374940169,100.435119277564,13.3651192775642
"Seward_Peninsula","BNL13099",20170801,"SAGL","SVC_HR-1024i",498.7,20.6,97.53,48.64,2.01,24.21,84.2081319368588,83.5619555298396,-13.9680444701604
"Seward_Peninsula","BNL2308",20160726,"SAGL","SVC_HR-1024i",486.8,21.4,91.13,44.363,1.95,22.748,102.491068240094,102.620712859967,11.4907128599667
"Seward_Peninsula","BNL13075",20170730,"SAGL","SVC_HR-1024i",470,21.3,91.81,43.15,1.96,22.07,84.9113464600185,84.6323521096561,-7.17764789034388
"Seward_Peninsula","BNL2316",20160726,"SAGL","SVC_HR-1024i",486,30.2,100.12,48.658,3.024,16.093,103.192588616118,103.00193327253,2.8819332725302
"Seward_Peninsula","BNL13163Q2",20170801,"SALAC2","SVC_HR-1024i",465.3,23.6,107.48,50.01,2.54,19.72,102.613132246848,101.815856737041,-5.66414326295936
"Seward_Peninsula","BNL13459",20170801,"SALAC2","SVC_HR-1024i",450,22.7,82.75,37.24,1.88,19.82,78.4264983622021,78.2439520024873,-4.5060479975127
"Seward_Peninsula","BNL13473",20170801,"SALAC2","SVC_HR-1024i",459.8,26.2,87.11,40.05,2.28,17.55,86.9801590803211,86.8181742161182,-0.291825783881833
"Seward_Peninsula","BNL13481",20170801,"SALAC2","SVC_HR-1024i",461.8,30.4,52.66,24.32,1.6,15.19,55.1467873454493,55.2372941795431,2.57729417954312
"Seward_Peninsula","BNL13455",20170801,"SALAC2","SVC_HR-1024i",478.2,29.4,100.5,48.06,2.95,16.27,102.004172688502,102.318880981922,1.81888098192175
"Seward_Peninsula","BNL13137",20170801,"SALAC2","SVC_HR-1024i",461,29.4,94.79,43.7,2.79,15.68,97.0362751890595,97.2832709718237,2.49327097182366
"Seward_Peninsula","BNL13466",20170801,"SALAC2","SVC_HR-1024i",482.1,19.2,93.7,45.17,1.8,25.11,86.5163112306947,85.9178276078396,-7.78217239216038
"Seward_Peninsula","BNL13480",20170801,"SALAC2","SVC_HR-1024i",462,21.4,76.9,35.53,1.65,21.59,85.7590859907984,86.241090329121,9.34109032912102
"Seward_Peninsula","BNL13470",20170801,"SALAC2","SVC_HR-1024i",458.6,19.1,88.02,40.37,1.68,24.01,86.6211597390873,86.8617436743975,-1.15825632560245
"Seward_Peninsula","BNL13029",20170801,"SALAC2","SVC_HR-1024i",467.7,21.6,84.4,39.48,1.82,21.65,85.2147421434372,85.308723291223,0.908723291222969
"Seward_Peninsula","BNL13170Q4",20170801,"SALAC2","SVC_HR-1024i",462.2,23.1,105.13,48.59,2.43,20.01,96.1732415670907,95.7583546948296,-9.37164530517042
"Seward_Peninsula","BNL13467",20170801,"SALAC2","SVC_HR-1024i",465.3,23,90.7,42.2,2.09,20.23,91.8778802910854,91.8235390611449,1.12353906114488
"Seward_Peninsula","BNL13162Q2",20170801,"SALAC2","SVC_HR-1024i",453.3,22,98.18,44.51,2.16,20.6,97.9046138509747,97.8729155001236,-0.30708449987641
"Seward_Peninsula","BNL13163Q3",20170801,"SALAC2","SVC_HR-1024i",457.4,26.9,102.96,47.09,2.77,17,101.863286335471,101.461532227238,-1.49846777276163
"Seward_Peninsula","BNL13170Q1",20170801,"SALAC2","SVC_HR-1024i",469.2,21.9,98.72,46.32,2.16,21.42,102.636407003952,102.685876528347,3.96587652834661
"Seward_Peninsula","BNL13167Q1",20170801,"SALAC2","SVC_HR-1024i",460.7,23.4,77.24,35.59,1.81,19.69,75.7177667445787,75.5923347295629,-1.64766527043713
"Seward_Peninsula","BNL13133Q4",20170801,"SALAC2","SVC_HR-1024i",504.7,28.9,71.25,35.96,2.06,17.46,76.0005120815463,76.1063563455693,4.85635634556928
"Seward_Peninsula","BNL13163Q1",20170801,"SALAC2","SVC_HR-1024i",445.7,21.3,92.97,41.44,1.98,20.92,86.0460117347026,85.3529203349966,-7.61707966500344
"Seward_Peninsula","BNL13144Q4",20170801,"SALAC2","SVC_HR-1024i",460.3,22.1,88.34,40.66,1.95,20.83,89.0786383572539,89.0046495721595,0.664649572159476
"Seward_Peninsula","BNL13133Q2",20170801,"SALAC2","SVC_HR-1024i",470.9,28.5,60.68,28.57,1.73,16.52,67.2908102902564,67.783678129624,7.10367812962404
"Seward_Peninsula","BNL13162Q4",20170801,"SALAC2","SVC_HR-1024i",468.7,21,106.12,49.74,2.23,22.32,99.1943554798741,98.6212057320145,-7.49879426798552
"Seward_Peninsula","BNL13133Q1",20170801,"SALAC2","SVC_HR-1024i",480,30.4,51.23,24.59,1.56,15.79,49.644432997653,48.8626282723568,-2.36737172764318
"Seward_Peninsula","BNL13024Q2",20170801,"SALAC2","SVC_HR-1024i",448.8,18.3,93.83,42.11,1.72,24.52,95.873452245891,96.1574419577475,2.3274419577475
"Seward_Peninsula","BNL13173",20170801,"SALAC2","SVC_HR-1024i",483.4,22.8,92.89,44.9,2.12,21.2,92.2815414806466,91.9119358699665,-0.97806413003353
"Seward_Peninsula","BNL13144Q2",20170801,"SALAC2","SVC_HR-1024i",468.9,25.7,103.65,48.6,2.66,18.25,101.163824791259,101.157458606972,-2.49254139302845
"Seward_Peninsula","BNL13133Q3",20170801,"SALAC2","SVC_HR-1024i",457.9,27.5,47.8,21.89,1.31,16.65,50.2314919131506,50.5776852492522,2.77768524925216
"Seward_Peninsula","BNL13162Q3",20170801,"SALAC2","SVC_HR-1024i",472.6,25.6,88.31,41.74,2.26,18.46,80.3132318320082,79.9953063474607,-8.31469365253928
"Seward_Peninsula","BNL13170Q3",20170801,"SALAC2","SVC_HR-1024i",457.1,26.7,105.45,48.2,2.82,17.12,101.325322376488,101.27135393378,-4.17864606622034
"Seward_Peninsula","BNL13139Q1",20170801,"SAPU15","SVC_HR-1024i",498,21.4,95.92,47.77,2.05,23.27,94.8217731407047,94.6646970197966,-1.25530298020337
"Seward_Peninsula","BNL13002",20170728,"SAPU15","SVC_HR-1024i",494.5,16.9,107.16,52.99,1.81,29.26,93.652000037081,92.4945630416684,-14.6654369583316
"Seward_Peninsula","BNL2248",20160726,"SAPU15","SVC_HR-1024i",503.4,17.1,95.48,48.062,1.633,29.439,101.299108911077,101.486720463271,6.00672046327111
"Seward_Peninsula","BNL13032",20170801,"SAPU15","SVC_HR-1024i",510.6,22.7,116.6,59.54,2.65,22.49,99.2895661422784,98.5821442055908,-18.0178557944092
"Seward_Peninsula","BNL2319",20160726,"SAPU15","SVC_HR-1024i",491.9,18.4,112.86,55.514,2.077,26.734,108.958800108369,108.831111365763,-4.02888863423718
"Seward_Peninsula","BNL2226",20160726,"SAPU15","SVC_HR-1024i",496.8,21.2,106.08,52.701,2.249,23.434,99.4061184932764,99.1508441292792,-6.92915587072079
"Seward_Peninsula","BNL13022Q3",20170801,"SAPU15","SVC_HR-1024i",493.6,17.9,63.05,31.12,1.13,27.58,99.1502092845494,104.390995212255,41.340995212255
"Seward_Peninsula","BNL13490",20190703,"SAPU15","SVC_HR-1024i",497.4,20.6,82.922,41.245,1.708,24.1456310679612,87.3789201303097,87.4110789680794,4.48907896807941
"Seward_Peninsula","BNL13068",20170801,"SAPU15","SVC_HR-1024i",518.5,21.5,116.36,60.33,2.5,24.12,120.527308705843,120.725680084435,4.3656800844348
"Seward_Peninsula","BNL13104",20170801,"SAPU15","SVC_HR-1024i",516.4,24,104.31,53.86,2.5,21.52,103.035482485088,103.102601480205,-1.20739851979476
"Seward_Peninsula","BNL13019",20170728,"SAPU15","SVC_HR-1024i",506.8,23.4,86.91,44.05,2.03,21.66,107.00409626118,107.620428469635,20.7104284696354
"Seward_Peninsula","BNL2214",20160726,"SAPU15","SVC_HR-1024i",503.8,23.2,98.36,49.554,2.282,21.716,99.6321691380046,99.7849618195992,1.42496181959922
"Seward_Peninsula","BNL2323",20160726,"SAPU15","SVC_HR-1024i",494.1,18.5,87.85,43.407,1.625,26.708,90.8304690714906,90.7996421277664,2.94964212776637
"Seward_Peninsula","BNL13022Q4",20170801,"SAPU15","SVC_HR-1024i",457.1,15.9,106.67,48.76,1.7,28.75,107.956082869358,109.043851127083,2.37385112708341
"Seward_Peninsula","BNL15353",20190707,"SAPU15","SVC_HR-1024i",501.9,15.2,113.98,57.207,1.733,33.0197368421053,107.225051493514,106.674724064056,-7.30527593594447
"Seward_Peninsula","BNL13026",20190703,"SAPU15","SVC_HR-1024i",503.8,20.8,96.231,48.481,2.002,24.2211538461538,106.049644847299,106.080082015304,9.84908201530379
"Seward_Peninsula","BNL13076",20170730,"SAPU15","SVC_HR-1024i",517.5,21.9,111.12,57.51,2.43,23.63,111.893902007449,111.172757147013,0.0527571470124997
"Seward_Peninsula","BNL13463",20170801,"SAPU15","SVC_HR-1024i",504.3,17.1,119.17,60.1,2.04,29.49,118.119505802909,116.946815301003,-2.22318469899703
"Seward_Peninsula","BNL13015",20170728,"SAPU15","SVC_HR-1024i",491,18.1,71.73,35.22,1.3,27.13,80.7762130929487,80.8291685437164,9.09916854371636
"Seward_Peninsula","BNL13189",20170730,"SAPU15","SVC_HR-1024i",506.2,21.1,127.22,64.4,2.68,23.99,109.339889820741,108.923794173337,-18.2962058266625
"Seward_Peninsula","BNL2198",20160726,"SAPU15","SVC_HR-1024i",473.1,27.1,109.53,51.82,2.968,17.458,107.468469427174,107.368505474393,-2.16149452560711
"Seward_Peninsula","BNL2252",20160726,"SAPU15","SVC_HR-1024i",499.8,16.9,123.1,61.526,2.08,29.574,118.741149290621,118.304213623777,-4.79578637622292
"Seward_Peninsula","BNL2245",20160726,"SAPU15","SVC_HR-1024i",506.6,18.6,118.21,59.884,2.199,27.237,117.442832636792,117.533468830391,-0.676531169608637
"Seward_Peninsula","BNL2240",20160726,"SAPU15","SVC_HR-1024i",489.5,22.3,94.87,46.439,2.116,21.951,96.5385436377691,96.5074739652113,1.63747396521134
"Seward_Peninsula","BNL13190",20170730,"SAPU15","SVC_HR-1024i",510.3,23.7,129.07,65.86,3.06,21.53,101.43587289516,100.587029524777,-28.4829704752231
"Seward_Peninsula","BNL2321",20160726,"SAPU15","SVC_HR-1024i",511.9,18.4,109.74,56.175,2.019,27.821,109.475697775059,109.368521005984,-0.371478994015874
"Seward_Peninsula","BNL2327",20160726,"SAPU15","SVC_HR-1024i",493.7,19.1,96.39,47.588,1.841,25.848,100.339880010008,100.596136370511,4.20613637051081
"Seward_Peninsula","BNL14206analog",20190708,"SAPU15","SVC_HR-1024i",490.3,21,106.475,52.205,2.236,23.347619047619,99.5503939959016,99.2940257938902,-7.18097420610984
"Seward_Peninsula","BNL2326",20160726,"SAPU15","SVC_HR-1024i",495.6,16.7,92.58,45.882,1.546,29.677,99.409499479532,99.6610029331243,7.08100293312428
"Seward_Peninsula","BNL13057",20170801,"SAPU15","SVC_HR-1024i",511.3,19.2,117.22,59.94,2.25,26.63,106.510701096368,105.877789605021,-11.342210394979
"Seward_Peninsula","BNL13139Q4",20170801,"SAPU15","SVC_HR-1024i",488.1,20.3,94.51,46.13,1.92,24.04,93.088302329812,92.9750007579127,-1.53499924208735
"Seward_Peninsula","BNL13199",20170730,"SAPU15","SVC_HR-1024i",333.1,18.3,85.06,28.34,1.56,18.2,86.7389874589432,87.1220677045915,2.06206770459153
"Seward_Peninsula","BNL13353",20190703,"SAPU15","SVC_HR-1024i",514.3,27.4,94.752,48.731,2.596,18.7700729927007,98.3710939077669,98.3491179641479,3.59711796414787
"Seward_Peninsula","BNL14203",20190708,"SAPU15","SVC_HR-1024i",469.2,20.1,98.893,46.401,1.988,23.3432835820896,96.1105284975303,95.9776766537953,-2.91532334620467
"Seward_Peninsula","BNL13338",20190703,"SAPU15","SVC_HR-1024i",469.5,20,82.537,38.751,1.651,23.475,83.4681976274499,83.8027266682589,1.26572666825891
"Seward_Peninsula","BNL2195",20160726,"SAPU15","SVC_HR-1024i",505,16,95.67,48.314,1.531,31.563,106.735591031104,107.050814310476,11.3808143104756
"Seward_Peninsula","BNL13158Q1",20170801,"SAPU15","SVC_HR-1024i",525.3,26.6,80.83,42.46,2.15,19.75,84.5675515689409,85.0363603484577,4.20636034845772
"Seward_Peninsula","BNL14208",20190708,"SAPU15","SVC_HR-1024i",469,22.4,101.716,47.705,2.278,20.9375,97.5089406189436,96.9972341210035,-4.71876587899648
"Seward_Peninsula","BNL2254",20160726,"SAPU15","SVC_HR-1024i",498.5,17.6,116.47,58.058,2.05,28.324,108.058273461567,107.79030962578,-8.67969037421969
"Seward_Peninsula","BNL13012",20170728,"SAPU15","SVC_HR-1024i",515.5,21.4,100.23,51.67,2.15,24.09,98.1497675759331,98.0125070083822,-2.21749299161783
"Seward_Peninsula","BNL2202",20160726,"SAPU15","SVC_HR-1024i",502.4,18.9,72.32,36.335,1.367,26.582,77.7221373086062,77.8982603077892,5.57826030778917
"Seward_Peninsula","BNL13183",20170730,"SAPU15","SVC_HR-1024i",496.3,24.5,108.77,53.98,2.66,20.26,107.15417509551,107.123673448873,-1.64632655112702
"Seward_Peninsula","BNL13197",20170730,"SAPU15","SVC_HR-1024i",511,31.6,87.7,44.82,2.77,16.17,89.1965668787171,89.1372710252628,1.43727102526282
"Seward_Peninsula","BNL14204",20190708,"SAPU15","SVC_HR-1024i",501.3,22.6,95.719,47.984,2.163,22.1814159292035,105.119840718001,105.393424540938,9.67442454093832
"Seward_Peninsula","BNL15352",20190707,"SAPU15","SVC_HR-1024i",503,15.6,106.512,53.575,1.662,32.2435897435897,96.904814847088,95.5531104165999,-10.9588895834001
"Seward_Peninsula","BNL2328",20160726,"SAPU15","SVC_HR-1024i",508.4,16,93.88,47.731,1.502,31.775,104.009731897806,104.968631536585,11.0886315365846
"Seward_Peninsula","BNL2212",20160726,"SAPU15","SVC_HR-1024i",500.2,22.6,104.93,52.484,2.371,22.133,102.761470839616,102.472884638977,-2.45711536102293
"Seward_Peninsula","BNL13139Q3",20170801,"SAPU15","SVC_HR-1024i",514.6,22.7,103.17,53.09,2.34,22.67,99.1648278324577,99.0256445963928,-4.14435540360716
"Seward_Peninsula","BNL2257",20160726,"SAPU15","SVC_HR-1024i",501.7,26.1,70.19,35.216,1.832,19.222,73.7216855239997,73.6062179297219,3.41621792972191
"Seward_Peninsula","BNL13105",20170801,"SAPU15","SVC_HR-1024i",504.4,22,102.29,51.6,2.25,22.93,93.7224052397384,93.3353786831211,-8.9546213168789
"Seward_Peninsula","BNL2200",20160726,"SAPU15","SVC_HR-1024i",494.4,21.7,101.26,50.065,2.197,22.783,106.817388907249,106.885363364147,5.62536336414746
"Seward_Peninsula","BNL13152",20170730,"SAPU15","SVC_HR-1024i",504.4,22.8,118.33,59.68,2.7,22.12,110.237420672558,109.502522329484,-8.82747767051563
"Seward_Peninsula","BNL13007",20170728,"SAPU15","SVC_HR-1024i",487.4,17.1,97.6,47.57,1.67,28.5,107.353355951267,108.20764615954,10.6076461595403
"Seward_Peninsula","BNL13010",20170728,"SAPU15","SVC_HR-1024i",507.4,13.3,103.55,52.54,1.38,38.15,101.905648207592,101.328217857563,-2.22178214243684
"Seward_Peninsula","BNL2225",20160726,"SAPU15","SVC_HR-1024i",497.1,17.2,99.15,49.285,1.705,28.901,107.756950138563,107.541414001209,8.39141400120917
"Seward_Peninsula","BNL14202",20190708,"SAPU15","SVC_HR-1024i",373.5,14.2,100.163,37.411,1.422,26.3028169014085,97.405163087062,97.3780285511984,-2.78497144880164
"Seward_Peninsula","BNL13058",20170801,"SAPU15","SVC_HR-1024i",500.5,29.8,81.01,40.54,2.41,16.8,84.1348874142709,85.1903884795103,4.18038847951031
"Seward_Peninsula","BNL13109",20170801,"SAPU15","SVC_HR-1024i",510.4,18.3,92.81,47.37,1.7,27.89,90.3970635379355,90.5917789828383,-2.21822101716168
"Seward_Peninsula","BNL2320",20160726,"SAPU15","SVC_HR-1024i",490.4,15.4,104.46,51.228,1.609,31.844,109.948139094097,110.120761358955,5.66076135895489
"Seward_Peninsula","BNL14206",20190708,"SAPU15","SVC_HR-1024i",510.8,23,104.609,53.435,2.406,22.2086956521739,104.6890287675,104.692373114785,0.0833731147849051
"Seward_Peninsula","BNL13031",20190703,"SAPU15","SVC_HR-1024i",513.7,18,125.261,64.346,2.255,28.5388888888889,114.725315961358,114.646211312132,-10.6147886878684
"Seward_Peninsula","BNL2325",20160726,"SAPU15","SVC_HR-1024i",493.4,18.9,100.82,49.746,1.906,26.106,105.687542066341,105.884091508861,5.06409150886077
"Seward_Peninsula","BNL2330",20160726,"SAPU15","SVC_HR-1024i",468.9,16.3,90.77,42.56,1.479,28.767,94.7096634170218,94.8082602715098,4.03826027150984
"Seward_Peninsula","BNL13111",20170801,"SAPU15","SVC_HR-1024i",501.5,20.7,108.05,54.19,2.24,24.23,105.905304982122,106.067029255273,-1.98297074472683
"Seward_Peninsula","BNL14207",20190708,"SAPU15","SVC_HR-1024i",509.1,22.6,94.306,48.011,2.131,22.5265486725664,94.7051548285849,94.7103087263922,0.404308726392202
"Seward_Peninsula","BNL13011",20170728,"SAPU15","SVC_HR-1024i",511.6,23,93.91,48.05,2.16,22.24,96.8388070030528,97.283711070548,3.37371107054803
"Seward_Peninsula","BNL2213",20160726,"SAPU15","SVC_HR-1024i",500,24.6,111.65,55.827,2.747,20.325,107.709006121948,106.727625739261,-4.92237426073942
"Seward_Peninsula","BNL13110",20170801,"SAPU15","SVC_HR-1024i",502.6,15.4,103.7,52.12,1.6,32.64,101.561712695052,101.046823751038,-2.65317624896244
"Seward_Peninsula","BNL2194",20160726,"SAPU15","SVC_HR-1024i",507.7,23.4,86.39,43.861,2.022,21.697,96.5622419084633,96.669159419575,10.279159419575
"Seward_Peninsula","BNL13006",20170728,"SAPU15","SVC_HR-1024i",495.7,15.1,87.01,43.13,1.31,32.83,88.84381595179,88.4220268028852,1.41202680288522
"Seward_Peninsula","BNL13005",20170728,"SAPU15","SVC_HR-1024i",504.1,23.3,85.71,43.21,2,21.64,81.855287573081,81.5887850078854,-4.12121499211463
"Seward_Peninsula","BNL13003",20170728,"SAPU15","SVC_HR-1024i",306.6,9.4,85.83,26.32,0.81,32.62,89.3888763675183,89.6473718296993,3.8173718296993
"Seward_Peninsula","BNL2247",20160726,"SAPU15","SVC_HR-1024i",485.7,13.9,87.9,42.695,1.222,34.942,95.257479353654,95.4988743485494,7.59887434854934
"Seward_Peninsula","BNL2236",20160726,"SAPU15","SVC_HR-1024i",500.6,19.2,98.02,49.07,1.882,26.073,98.4560009010624,98.3395749952419,0.319574995241894
"Seward_Peninsula","BNL2267",20160726,"SAPU15","SVC_HR-1024i",493,14.6,88.79,43.773,1.296,33.767,100.622929445797,100.987745317532,12.1977453175318
"Seward_Peninsula","BNL13453",20170801,"SAPU15","SVC_HR-1024i",518.6,19.4,100.88,52.32,1.96,26.73,106.307551977114,106.232730299036,5.35273029903638
"Seward_Peninsula","BNL13464",20170801,"SAPU15","SVC_HR-1024i",506.1,21.8,94.51,47.83,2.06,23.22,99.248892624684,99.6127078427245,5.10270784272451
"Seward_Peninsula","BNL2197",20160726,"SAPU15","SVC_HR-1024i",490.3,19.5,91.02,44.628,1.775,25.144,91.9062638338687,91.827370758531,0.807370758531036
"Seward_Peninsula","BNL2221",20160726,"SAPU15","SVC_HR-1024i",487.2,17,88.68,43.205,1.508,28.659,88.909114587807,88.9313294782905,0.251329478290444
"Seward_Peninsula","BNL13139Q2",20170801,"SAPU15","SVC_HR-1024i",507,21,101.96,51.69,2.14,24.14,97.0816830666701,96.8537015008814,-5.10629849911864
"Seward_Peninsula","BNL13038",20190708,"SAPU15","SVC_HR-1024i",495.2,20.6,95.336,47.21,1.964,24.0388349514563,95.5309657808149,95.6126619438399,0.276661943839926
"Seward_Peninsula","BNL13196",20170730,"SAPU15","SVC_HR-1024i",516.9,29.9,80.56,41.64,2.41,17.29,82.501438435996,82.7741431555179,2.21414315551789
"Seward_Peninsula","BNL13100",20170801,"SAPU15","SVC_HR-1024i",504.8,21.9,113.7,57.4,2.49,23.05,104.711673342181,104.439723681775,-9.26027631822524
"Seward_Peninsula","BNL2203",20160726,"SAPU15","SVC_HR-1024i",495.3,19.4,80.55,39.897,1.563,25.531,87.4164938754752,87.6260216992167,7.07602169921671
"Seward_Peninsula","BNL2206",20160726,"SARI4","SVC_HR-1024i",446,18.2,85.34,38.061,1.553,24.505,90.4094322381226,90.7480257359471,5.40802573594712
"Seward_Peninsula","BNL2199",20160726,"SARI4","SVC_HR-1024i",447.6,21.1,106.41,47.63,2.245,21.213,98.9767862002828,99.0869779684813,-7.32302203151866
"Seward_Peninsula","BNL2268",20160726,"SARI4","SVC_HR-1024i",451.8,21,102.78,46.434,2.158,21.514,97.9494461860061,97.8273900542916,-4.95260994570842
"Seward_Peninsula","BNL2209",20160726,"SARI4","SVC_HR-1024i",459.6,24.8,121.72,55.94,3.019,18.532,110.02778931812,109.825446386826,-11.8945536131738
"Seward_Peninsula","BNL14205",20190708,"SARI4","SVC_HR-1024i",465.8,25.6,92.861,43.254,2.377,18.1953125,89.8316288874146,89.7331913615002,-3.12780863849983
"Seward_Peninsula","BNL2207",20160726,"SARI4","SVC_HR-1024i",453.2,19.3,120,54.386,2.316,23.482,105.457938441644,105.117544409141,-14.8824555908595
"Seward_Peninsula","BNL2205",20160726,"SARI4","SVC_HR-1024i",467,22.6,99.41,46.422,2.247,20.664,97.0376286199563,96.9537337113981,-2.45626628860191
"Seward_Peninsula","BNL2201",20160726,"SARI4","SVC_HR-1024i",456.4,24.3,69.06,31.517,1.678,18.782,78.5317940075027,78.8933143967809,9.83331439678089
"Seward_Peninsula","BNL15358",20190708,"SARI4","SVC_HR-1024i",467.7,26.5,108.48,50.736,2.875,17.6490566037736,100.179493906639,99.6319419108916,-8.84805808910836
"Seward_Peninsula","BNL2211",20160726,"SARI4","SVC_HR-1024i",453.8,24.5,117.59,53.363,2.881,18.522,106.054948741129,105.83567185738,-11.7543281426199
"Seward_Peninsula","BNL13198",20170730,"SARI4","SVC_HR-1024i",469.3,27.5,86.09,40.4,2.37,17.07,88.0809004032049,88.5844899539642,2.49448995396419
"Seward_Peninsula","BNL2208",20160726,"SARI4","SVC_HR-1024i",458.9,15.8,99.09,45.471,1.566,29.044,97.9970840884618,97.9051343222152,-1.18486567778483
"Seward_Peninsula","BNL13336",20190703,"VAUL","SVC_HR-1024i",509.4,15.7,88.044,44.85,1.382,32.4458598726115,99.6280773436956,99.8728983894343,11.8288983894343
"Seward_Peninsula","BNL13347",20190703,"VAUL","SVC_HR-1024i",508.4,17.7,91.034,46.282,1.611,28.7231638418079,99.3338934256729,99.7959720932855,8.76197209328551
"Seward_Peninsula","BNL13352",20190703,"VAUL","SVC_HR-1024i",526.3,16.1,94.92,49.956,1.528,32.6894409937888,102.041605862941,102.019395608105,7.09939560810547
"Seward_Peninsula","BNL13176",20190703,"VAUL","SVC_HR-1024i",509.2,15.7,106.548,54.254,1.673,32.4331210191083,126.227355375532,127.008009305017,20.4600093050165
"Seward_Peninsula","BNL13180",20190703,"VAUL","SVC_HR-1024i",518,13.8,91.79,47.547,1.267,37.536231884058,98.881111111508,98.9690478560553,7.17904785605526
"Utqiagvik","BNL2115",20160718,"ARFU2","SVC_HR-1024i",432.9,11.7,76.32,33.04,0.89,37,79.3389924942889,79.5195775135311,3.19957751353107
"Utqiagvik","BNL1741",20150717,"ARFU2","SVC_HR-1024i",452.6,15.5,62.54,28.31,0.97,29.2,66.4665771294028,66.45319627361,3.91319627360998
"Utqiagvik","BNL2113",20160718,"ARFU2","SVC_HR-1024i",456.7,13.5,93.24,42.58,1.26,33.83,86.4964994564006,86.4085616461495,-6.83143835385052
"Utqiagvik","BNL2024",20160716,"ARFU2","SVC_HR-1024i",463.8,10.6,89.12,41.33,0.94,43.75,83.5312018998472,82.8937845993134,-6.22621540068658
"Utqiagvik","BNL2025",20160716,"ARFU2","SVC_HR-1024i",426.9,15.9,86.73,37.02,1.38,26.85,76.9387746440144,76.4647340603872,-10.2652659396128
"Utqiagvik","BNL1773",20150720,"ARFU2","SVC_HR-1024i",448.3,13.6,74.78,33.52,1.02,32.96,80.1714643221518,80.4639368968726,5.68393689687257
"Utqiagvik","BNL1680",20150715,"ARFU2","SVC_HR-1024i",445.2,15.2,76.84,34.21,1.17,29.29,60.7347983257523,60.144069742746,-16.695930257254
"Utqiagvik","BNL2112",20160718,"ARFU2","SVC_HR-1024i",442.2,9.4,87.84,38.84,0.83,47.04,83.8072865062033,83.4767910601297,-4.36320893987029
"Utqiagvik","BNL1744",20150717,"ARFU2","SVC_HR-1024i",446.4,13.5,70.17,31.32,0.95,33.07,74.8536616833417,74.7542347084721,4.58423470847214
"Utqiagvik","BNL2111",20160718,"ARFU2","SVC_HR-1024i",434.3,10.3,84.56,36.72,0.87,42.17,79.6988901096628,79.4721632592559,-5.08783674074408
"Utqiagvik","BNL1742",20150717,"ARFU2","SVC_HR-1024i",440.7,6.4,71.14,31.35,0.46,68.86,83.5573053806447,84.1041238143609,12.9641238143609
"Utqiagvik","BNL2118",20160718,"ARFU2","SVC_HR-1024i",439.2,10.1,87.78,38.55,0.89,43.49,87.3902994443923,87.5494755396658,-0.230524460334152
"Utqiagvik","BNL1749",20150717,"ARFU2","SVC_HR-1024i",436.2,8.6,84.33,36.79,0.73,50.72,76.0499466495949,75.5110742289504,-8.81892577104956
"Utqiagvik","BNL2114",20160718,"ARFU2","SVC_HR-1024i",454.4,10.9,81.17,36.88,0.88,41.69,81.6786549505477,81.7156422039929,0.545642203992927
"Utqiagvik","BNL1768",20150720,"ARFU2","SVC_HR-1024i",451.4,12.8,82.32,37.16,1.05,35.27,84.8314836427712,84.8780992911942,2.55809929119417
"Utqiagvik","BNL1981",20160714,"ARFU2","SVC_HR-1024i",542.9,21.5,68.81,37.36,1.48,25.25,67.2993959539005,67.5646966290104,-1.24530337098959
"Utqiagvik","BNL2028",20160716,"ARFU2","SVC_HR-1024i",441.3,13.2,88.78,39.18,1.17,33.43,80.5624249620892,80.4601230687329,-8.31987693126715
"Utqiagvik","BNL1767",20150720,"ARFU2","SVC_HR-1024i",450.5,13.8,70.06,31.56,0.97,32.64,81.6764305773677,82.0839510765329,12.0239510765329
"Utqiagvik","BNL1983",20160714,"ARFU2","SVC_HR-1024i",433.1,11.3,86.46,37.45,0.98,38.33,70.72625631092,70.1228680882617,-16.3371319117383
"Utqiagvik","BNL1990",20160714,"ARFU2","SVC_HR-1024i",432.9,12.5,81.17,35.14,1.01,34.63,70.9927068290177,70.2473405850562,-10.9226594149438
"Utqiagvik","BNL1269",20130725,"ARFU2","ASD_FieldSpec_3",458.8,21.3,58.74,26.95,1.25,21.54,52.5073488044933,51.8933813313153,-6.84661866868469
"Utqiagvik","BNL1713",20150715,"ARFU2","SVC_HR-1024i",447.4,17.9,68.28,30.55,1.22,24.99,71.8567650190112,72.1428353673509,3.86283536735091
"Utqiagvik","BNL1982",20160714,"ARFU2","SVC_HR-1024i",453.7,12.6,72.22,32.77,0.91,36.01,66.566711804337,65.7493108094035,-6.47068919059652
"Utqiagvik","BNL2117",20160718,"ARFU2","SVC_HR-1024i",301,5.1,85.36,25.69,0.44,59.02,79.9729373659634,79.6853845983106,-5.67461540168939
"Utqiagvik","BNL1996",20160714,"ARFU2","SVC_HR-1024i",435.1,14.7,75.29,32.76,1.11,29.6,68.1260509112495,67.7506407903333,-7.53935920966676
"Utqiagvik","BNL1267",20130725,"ARFU2","ASD_FieldSpec_3",461.8,27.6,64.88,29.96,1.79,16.73,70.3493418649483,70.7071827991678,5.82718279916776
"Utqiagvik","BNL1681",20150715,"ARFU2","SVC_HR-1024i",436.5,21,71.07,31.02,1.49,20.79,61.6069728066576,61.2078159327808,-9.86218406721915
"Utqiagvik","BNL1684",20150715,"ARFU2","SVC_HR-1024i",441.4,11.3,75.45,33.31,0.85,39.06,67.398611557734,66.985630433039,-8.46436956696098
"Utqiagvik","BNL2182",20160720,"ARFU2","SVC_HR-1024i",438.5,9.5,108.09,47.4,1.03,46.16,91.2364855097888,90.2422336675071,-17.8477663324929
"Utqiagvik","BNL2109",20160718,"ARFU2","SVC_HR-1024i",428.1,14.4,96.38,41.26,1.39,29.73,87.2022491970802,86.7817935999224,-9.59820640007761
"Utqiagvik","BNL1745",20150717,"ARFU2","SVC_HR-1024i",437.5,8.6,94.47,41.33,0.81,50.87,81.0561434139973,80.5445080509684,-13.9254919490316
"Utqiagvik","BNL1748",20150717,"ARFU2","SVC_HR-1024i",443.1,15,65.91,29.21,0.99,29.54,76.1632647638212,76.7137246631506,10.8037246631506
"Utqiagvik","BNL1771",20150720,"ARFU2","SVC_HR-1024i",450.6,13,76.66,34.54,1,34.66,78.0517839012703,78.067648491875,1.40764849187497
"Utqiagvik","BNL1683",20150715,"ARFU2","SVC_HR-1024i",442,21.1,58.33,25.78,1.23,20.95,57.0209637405124,57.0850613940391,-1.24493860596094
"Utqiagvik","BNL1687",20150715,"ARFU2","SVC_HR-1024i",443.2,21.6,63.35,28.08,1.37,20.52,61.8675586374591,61.6119084578254,-1.73809154217457
"Utqiagvik","BNL2026",20160716,"ARFU2","SVC_HR-1024i",425.5,10.3,84.27,35.86,0.87,41.31,79.6268601454935,79.6816215727082,-4.58837842729179
"Utqiagvik","BNL2027",20160716,"ARFU2","SVC_HR-1024i",460.1,10.4,77.59,35.7,0.81,44.24,85.7266258645476,85.9694702658788,8.37947026587884
"Utqiagvik","BNL1989",20160714,"ARFU2","SVC_HR-1024i",427.4,11.5,69.72,29.8,0.8,37.17,67.7217617511848,67.5572526539374,-2.16274734606264
"Utqiagvik","BNL1992",20160714,"ARFU2","SVC_HR-1024i",442.9,12.7,60.47,26.78,0.77,34.87,73.038062017401,73.9493374699817,13.4793374699817
"Utqiagvik","BNL1999",20160714,"ARFU2","SVC_HR-1024i",433.3,14.3,80.43,34.85,1.15,30.3,78.0373803647254,77.972581381976,-2.45741861802399
"Utqiagvik","BNL1714",20150715,"ARFU2","SVC_HR-1024i",453.7,23.2,57.85,26.24,1.34,19.56,68.0631404810604,68.3370362265076,10.4870362265076
"Utqiagvik","BNL1766",20150720,"ARFU2","SVC_HR-1024i",449.5,15.8,64.35,28.92,1.02,28.45,75.4665991588188,75.7930680535953,11.4430680535953
"Utqiagvik","BNL1770",20150720,"ARFU2","SVC_HR-1024i",441.4,11.7,89.04,39.3,1.04,37.73,80.6904046164502,78.4003548327275,-10.6396451672725
"Utqiagvik","BNL1980",20160714,"ARFU2","SVC_HR-1024i",434.4,14,85.16,37,1.19,31.03,84.0568942783791,84.1666401497539,-0.993359850246122
"Utqiagvik","BNL1772",20150720,"ARFU2","SVC_HR-1024i",453.6,13.4,86.66,39.31,1.16,33.85,76.2420382724576,75.6428042036673,-11.0171957963327
"Utqiagvik","BNL2023",20160716,"ARFU2","SVC_HR-1024i",454.6,13.7,108.79,49.46,1.49,33.18,82.0105442408837,81.067156198859,-27.722843801141
"Utqiagvik","BNL1991",20160714,"ARFU2","SVC_HR-1024i",626.8,15.3,81.17,50.88,1.24,40.97,75.3426523884171,75.3696256313406,-5.80037436865938
"Utqiagvik","BNL1715",20150715,"ARFU2","SVC_HR-1024i",454.3,22.6,60.61,27.53,1.37,20.1,66.1676871754099,66.2806916478913,5.67069164789127
"Utqiagvik","BNL1686",20150715,"ARFU2","SVC_HR-1024i",440.4,22.8,65.11,28.68,1.48,19.32,66.3175812733994,66.4890565093366,1.37905650933662
"Utqiagvik","BNL2116",20160718,"ARFU2","SVC_HR-1024i",446.9,10.5,99.17,44.32,1.04,42.56,88.1376976668388,87.7050589885493,-11.4649410114507
"Utqiagvik","BNL1711",20150715,"ARFU2","SVC_HR-1024i",445.8,11.4,71.35,31.81,0.81,39.11,75.1998394894595,75.1577207376042,3.80772073760423
"Utqiagvik","BNL1743",20150717,"ARFU2","SVC_HR-1024i",426.2,11.1,82.63,35.22,0.92,38.4,72.6176838869111,72.3882617777536,-10.2417382222464
"Utqiagvik","BNL2124",20160718,"ARLA2","SVC_HR-1024i",431.8,13.1,68.25,29.47,0.89,32.96,72.8064408579585,73.0326889071377,4.78268890713767
"Utqiagvik","BNL1845",20160711,"ARLA2","SVC_HR-1024i",403.8,22.3,61.27,24.74,1.37,18.11,56.9893255855617,56.9513367609929,-4.31866323900706
"Utqiagvik","BNL1873",20160711,"ARLA2","SVC_HR-1024i",430.1,20.7,62.64,26.94,1.3,20.78,61.8512979684662,61.8519056782368,-0.788094321763154
"Utqiagvik","BNL1846",20160711,"ARLA2","SVC_HR-1024i",421,18,67.08,28.24,1.21,23.39,62.6730378945524,62.8009915757601,-4.27900842423993
"Utqiagvik","BNL1954",20160713,"ARLA2","SVC_HR-1024i",435.1,24.9,57.29,24.93,1.43,17.47,60.4825719357557,60.178646036711,2.88864603671104
"Utqiagvik","BNL1922",20160712,"ARLA2","SVC_HR-1024i",427.1,18,57.91,24.73,1.04,23.73,60.1715197411844,60.4175536184184,2.50755361841841
"Utqiagvik","BNL1373",20130725,"ARLA2","ASD_FieldSpec_3",463.2,27.2,48.97,22.68,1.33,17.03,45.197121997894,45.3169741407023,-3.65302585929774
"Utqiagvik","BNL1955",20160713,"ARLA2","SVC_HR-1024i",432.9,17,62.71,27.15,1.07,25.46,57.7873831877874,57.5297511736639,-5.18024882633606
"Utqiagvik","BNL1883",20160711,"ARLA2","SVC_HR-1024i",434.3,22.4,56.77,24.65,1.27,19.39,58.6003244123694,58.4807469077492,1.71074690774915
"Utqiagvik","BNL1921",20160712,"ARLA2","SVC_HR-1024i",426.9,26,51.04,21.79,1.33,16.42,54.342354742898,54.5705809195325,3.53058091953251
"Utqiagvik","BNL1930",20160712,"ARLA2","SVC_HR-1024i",450.3,22.1,55.56,25.02,1.23,20.38,66.5249267753817,67.0061571362073,11.4461571362073
"Utqiagvik","BNL2177",20160720,"ARLA2","SVC_HR-1024i",444.5,19.8,58.89,26.18,1.17,22.45,62.0746632129194,62.1521994062255,3.26219940622553
"Utqiagvik","BNL2126",20160718,"ARLA2","SVC_HR-1024i",426.8,18.4,50.36,21.49,0.93,23.2,59.2101976719881,59.7653446693144,9.4053446693144
"Utqiagvik","BNL2107",20160718,"ARLA2","SVC_HR-1024i",443.7,22.1,67.61,30,1.49,20.08,64.3929530379761,63.8616941831515,-3.74830581684854
"Utqiagvik","BNL2125",20160718,"ARLA2","SVC_HR-1024i",442.2,16.2,62.85,27.79,1.02,27.3,70.7801132573723,70.950626792997,8.10062679299697
"Utqiagvik","BNL1960",20160713,"ARLA2","SVC_HR-1024i",427.9,20.6,60.63,25.94,1.25,20.77,64.898841246426,65.0524327285091,4.42243272850913
"Utqiagvik","BNL2176",20160720,"ARLA2","SVC_HR-1024i",433.4,17,63.85,27.67,1.09,25.49,69.8983762935396,70.1353828172947,6.28538281729468
"Utqiagvik","BNL1910",20160712,"ARLA2","SVC_HR-1024i",432.4,20.3,57.89,25.03,1.18,21.3,59.3545813193362,59.2784925652356,1.38849256523564
"Utqiagvik","BNL1369",20130725,"ARLA2","ASD_FieldSpec_3",467.3,25.5,48.08,22.47,1.23,18.33,49.6191373109503,50.3153438561696,2.23534385616958
"Utqiagvik","BNL1880",20160711,"ARLA2","SVC_HR-1024i",425.8,29.6,57.84,24.63,1.71,14.39,57.1700624623467,57.2225436132445,-0.617456386755521
"Utqiagvik","BNL1920",20160712,"ARLA2","SVC_HR-1024i",NA,NA,50,NA,NA,NA,58.1882334774661,58.5249417729806,8.52494177298063
"Utqiagvik","BNL1884",20160711,"ARLA2","SVC_HR-1024i",444.7,20.6,59.85,26.61,1.23,21.59,61.115834963783,61.1308754262434,1.28087542624338
"Utqiagvik","BNL1844",20160711,"ARLA2","SVC_HR-1024i",419.2,20.6,57.41,24.07,1.18,20.35,59.8429825037433,59.8044530963847,2.39445309638473
"Utqiagvik","BNL1842",20160710,"ARLA2","SVC_HR-1024i",412.7,19.7,64.1,26.46,1.26,20.95,66.6382866058633,66.7492307109275,2.64923071092747
"Utqiagvik","BNL1843",20160711,"ARLA2","SVC_HR-1024i",428.7,24.3,64.05,27.46,1.56,17.64,63.2274428207008,63.5587816482709,-0.491218351729131
"Utqiagvik","BNL1882",20160711,"ARLA2","SVC_HR-1024i",453.5,32.4,61.03,27.68,1.98,14,55.5668849061366,55.271216233099,-5.75878376690102
"Utqiagvik","BNL1365",20130725,"ARLA2","ASD_FieldSpec_3",470.3,27.6,47.73,22.45,1.32,17.04,50.8343965706802,51.1095293082839,3.37952930828388
"Utqiagvik","BNL1850",20160710,"ARLA2","SVC_HR-1024i",423.2,22.3,58.63,24.81,1.31,18.98,57.6713340645154,57.5082225769431,-1.12177742305686
"Utqiagvik","BNL2175",20160720,"ARLA2","SVC_HR-1024i",442.9,13.6,68.75,30.45,0.94,32.57,64.2139487913564,64.1749007598991,-4.57509924010093
"Utqiagvik","BNL2108",20160718,"ARLA2","SVC_HR-1024i",432.1,25.1,59.18,25.57,1.49,17.22,63.8761413481405,64.3141354412547,5.13413544125472
"Utqiagvik","BNL1908",20160712,"ARLA2","SVC_HR-1024i",429.6,19.6,53.31,22.9,1.04,21.92,60.9677477097461,61.37670751569,8.06670751568998
"Utqiagvik","BNL1836",20160710,"ARLA2","SVC_HR-1024i",426.3,19.8,59.65,25.43,1.18,21.53,57.8573340367173,57.9567647584022,-1.6932352415978
"Utqiagvik","BNL1847",20160710,"ARLA2","SVC_HR-1024i",430.4,24.6,59.76,25.72,1.47,17.5,53.3698504970035,52.8555153836685,-6.90448461633147
"Utqiagvik","BNL2145",20160719,"CAAQ","SVC_HR-1024i",NA,NA,47.5,NA,NA,NA,54.9895294104032,55.2492237053628,7.74922370536279
"Utqiagvik","BNL1963",20160714,"CAAQ","SVC_HR-1024i",NA,NA,50,NA,NA,NA,47.6042119462078,47.0295340284988,-2.97046597150121
"Utqiagvik","BNL1950",20160713,"CAAQ","SVC_HR-1024i",436.6,26.8,53.53,23.37,1.43,16.29,56.3217776509981,56.4277050630545,2.89770506305453
"Utqiagvik","BNL1634",20150712,"CAAQ","SVC_HR-1024i",465.5,29,42.1,19.6,1.22,16.05,52.7717963444658,53.2454141743213,11.1454141743213
"Utqiagvik","BNL2155",20160719,"CAAQ","SVC_HR-1024i",444.9,32.9,46.97,20.9,1.55,13.52,54.4985794569463,54.9549734451953,7.98497344519531
"Utqiagvik","BNL1586",20150711,"CAAQ","SVC_HR-1024i",NA,NA,54.42,NA,NA,NA,57.0955124360154,57.4062908200882,2.98629082008822
"Utqiagvik","BNL1577",20150711,"CAAQ","SVC_HR-1024i",NA,NA,51.42,NA,NA,NA,52.5962246638579,52.825492675388,1.40549267538805
"Utqiagvik","BNL1309",20130725,"CAAQ","ASD_FieldSpec_3",472.5,29.8,52.55,24.83,1.57,15.86,44.7175372566186,44.0091793623006,-8.54082063769943
"Utqiagvik","BNL2144",20160719,"CAAQ","SVC_HR-1024i",455.7,32.6,48.44,22.07,1.58,13.98,54.7106351231092,55.0101101389479,6.57011013894791
"Utqiagvik","BNL1704",20150715,"CAAQ","SVC_HR-1024i",457.7,26.7,63.03,28.85,1.68,17.14,65.386683809851,65.4960634260683,2.46606342606826
"Utqiagvik","BNL1633",20150712,"CAAQ","SVC_HR-1024i",457.5,28.3,41.07,18.79,1.16,16.17,47.1856445686836,47.6007531451926,6.53075314519256
"Utqiagvik","BNL1926",20160712,"CAAQ","SVC_HR-1024i",NA,NA,64.41,NA,NA,NA,59.6594066947376,59.2662441120113,-5.14375588798871
"Utqiagvik","BNL2146",20160719,"CAAQ","SVC_HR-1024i",453.4,30.6,54.73,24.81,1.67,14.82,55.7363349934479,55.9959262182242,1.26592621822416
"Utqiagvik","BNL2161",20160719,"CAAQ","SVC_HR-1024i",439.8,29,67.76,29.8,1.97,15.17,63.3353851091681,63.3296821184767,-4.43031788152327
"Utqiagvik","BNL1703",20150715,"CAAQ","SVC_HR-1024i",465.9,36.8,59.2,27.58,2.18,12.66,62.7731749840745,62.8320167819502,3.6320167819502
"Utqiagvik","BNL1583",20150711,"CAAQ","SVC_HR-1024i",NA,NA,43.56,NA,NA,NA,57.6274076755094,57.6304158055885,14.0704158055885
"Utqiagvik","BNL2147",20160719,"CAAQ","SVC_HR-1024i",447.9,27.6,53.45,23.94,1.48,16.23,53.2976908039776,53.0917490186212,-0.358250981378852
"Utqiagvik","BNL2163",20160719,"CAAQ","SVC_HR-1024i",462.9,29,56.45,26.13,1.64,15.96,62.9701961296915,63.3251372135239,6.87513721352392
"Utqiagvik","BNL1307",20130725,"CAAQ","ASD_FieldSpec_3",461.6,33.3,44.09,20.35,1.47,13.86,47.0125246425082,46.7030700785047,2.6130700785047
"Utqiagvik","BNL1591",20150711,"CAAQ","SVC_HR-1024i",NA,NA,53.73,NA,NA,NA,53.0992213795909,53.164048839764,-0.565951160236018
"Utqiagvik","BNL1874",20160711,"CAAQ","SVC_HR-1024i",NA,NA,53.75,NA,NA,NA,54.8304008883226,55.1175555326783,1.3675555326783
"Utqiagvik","BNL1997",20160714,"CAAQ","SVC_HR-1024i",NA,NA,58.33,NA,NA,NA,57.6074634980585,57.7723349353302,-0.557665064669777
"Utqiagvik","BNL2022",20160716,"CAAQ","SVC_HR-1024i",NA,NA,52.08,NA,NA,NA,53.5611057419173,53.5941812703716,1.5141812703716
"Utqiagvik","BNL1678",20150715,"CAAQ","SVC_HR-1024i",NA,NA,59.45,NA,NA,NA,56.8875540579913,56.6539138231061,-2.79608617689392
"Utqiagvik","BNL1596",20150711,"CAAQ","SVC_HR-1024i",437.8,27,54.08,23.68,1.46,16.21,56.5727389381416,56.6269551636572,2.54695516365715
"Utqiagvik","BNL2076",20160718,"CAAQ","SVC_HR-1024i",430.1,26.3,45.59,19.61,1.2,16.35,51.5267632360899,52.8477886263589,7.25778862635892
"Utqiagvik","BNL1986",20160714,"CAAQ","SVC_HR-1024i",452.6,32.4,59.17,26.78,1.92,13.97,49.8572299799293,49.0853787438177,-10.0846212561823
"Utqiagvik","BNL2073",20160718,"CAAQ","SVC_HR-1024i",NA,NA,69.38,NA,NA,NA,60.6132863630048,60.3760005540137,-9.00399944598625
"Utqiagvik","BNL1590",20150711,"CAAQ","SVC_HR-1024i",NA,NA,53.06,NA,NA,NA,50.5027010113292,50.2922529517452,-2.7677470482548
"Utqiagvik","BNL2039",20160716,"CAAQ","SVC_HR-1024i",436.2,28,73.13,31.9,2.05,15.58,71.1474419479394,70.83646305238,-2.29353694762001
"Utqiagvik","BNL1878",20160711,"CAAQ","SVC_HR-1024i",NA,NA,54.17,NA,NA,NA,52.4515241578437,52.6572196003783,-1.51278039962175
"Utqiagvik","BNL1951",20160713,"CAAQ","SVC_HR-1024i",432.7,28.4,51.67,22.36,1.47,15.24,56.0350179709539,56.3716172344206,4.70161723442058
"Utqiagvik","BNL2077",20160718,"CAAQ","SVC_HR-1024i",455.1,29.1,54.49,24.8,1.59,15.64,53.7642638262814,53.822260904452,-0.667739095548001
"Utqiagvik","BNL2162",20160719,"CAAQ","SVC_HR-1024i",NA,NA,51.72,NA,NA,NA,56.4375047760827,56.6001007826926,4.88010078269261
"Utqiagvik","BNL1580",20150711,"CAAQ","SVC_HR-1024i",NA,NA,67.47,NA,NA,NA,72.1088031459142,72.2797120059363,4.80971200593632
"Utqiagvik","BNL1632",20150712,"CAAQ","SVC_HR-1024i",463.2,35.5,43.57,20.18,1.55,13.05,52.4238100356919,52.8940875328591,9.3240875328591
"Utqiagvik","BNL1987",20160714,"CAAQ","SVC_HR-1024i",NA,NA,43.75,NA,NA,NA,51.410942301737,51.7063290972814,7.95632909728138
"Utqiagvik","BNL2142",20160719,"CAAQ","SVC_HR-1024i",NA,NA,48.44,NA,NA,NA,50.5031869417939,50.8094791401565,2.36947914015647
"Utqiagvik","BNL1315",20130725,"CAAQ","ASD_FieldSpec_3",469.9,31.9,55.38,26.02,1.77,14.73,53.0912681086546,53.0229245554811,-2.35707544451891
"Utqiagvik","BNL2150",20160718,"CAAQ","SVC_HR-1024i",460.5,26.9,60,27.63,1.61,17.12,63.2689458641998,63.7205375153039,3.72053751530395
"Utqiagvik","BNL1879",20160711,"CAAQ","SVC_HR-1024i",NA,NA,52.85,NA,NA,NA,52.7500334043675,52.8794584924714,0.0294584924713845
"Utqiagvik","BNL2038",20160716,"CAAQ","SVC_HR-1024i",NA,NA,71.35,NA,NA,NA,73.1699891215163,73.2925936925417,1.94259369254172
"Utqiagvik","BNL1705",20150715,"CAAQ","SVC_HR-1024i",456.6,29.6,60.17,27.47,1.78,15.43,58.9604678756838,58.6472128045808,-1.52278719541919
"Utqiagvik","BNL2167",20160719,"CAAQ","SVC_HR-1024i",442.6,27.2,62.1,27.48,1.69,16.27,62.2627773652023,62.2169261602755,0.11692616027549
"Utqiagvik","BNL1313",20130725,"CAAQ","ASD_FieldSpec_3",470.5,26.9,58.93,27.73,1.59,17.49,55.381802877891,55.3685699101267,-3.5614300898733
"Utqiagvik","BNL1305",20130725,"CAAQ","ASD_FieldSpec_3",475,36,44.48,21.13,1.6,13.19,47.7748246374988,47.7527537728026,3.27275377280265
"Utqiagvik","BNL1710",20150715,"CAAQ","SVC_HR-1024i",462.3,28.8,46.82,21.64,1.35,16.05,53.6694452353546,53.9486213778218,7.12862137782181
"Utqiagvik","BNL2143",20160719,"CAAQ","SVC_HR-1024i",438.3,34.2,38.79,17,1.33,12.82,50.5889192406883,51.164507696729,12.374507696729
"Utqiagvik","BNL1595",20150711,"CAAQ","SVC_HR-1024i",NA,NA,51.75,NA,NA,NA,54.8223323294483,54.8620685549176,3.11206855491757
"Utqiagvik","BNL1682",20150715,"CAAQ","SVC_HR-1024i",NA,NA,48.19,NA,NA,NA,55.4434241739059,55.5094413605791,7.31944136057908
"Utqiagvik","BNL1964",20160714,"CAAQ","SVC_HR-1024i",NA,NA,55.47,NA,NA,NA,52.3811002778217,52.4334840618248,-3.03651593817523
"Utqiagvik","BNL2158",20160719,"CAAQ","SVC_HR-1024i",455.5,25.7,72.97,33.24,1.88,17.72,63.2829741914028,63.2050066172989,-9.76499338270106
"Utqiagvik","BNL2159",20160719,"CAAQ","SVC_HR-1024i",430.3,29.5,67.26,28.94,1.98,14.59,64.320085746907,64.3876099589645,-2.87239004103552
"Utqiagvik","BNL1708",20150715,"CAAQ","SVC_HR-1024i",449.5,27.9,39.95,17.96,1.11,16.11,53.5400106032852,54.248751672888,14.298751672888
"Utqiagvik","BNL1706",20150715,"CAAQ","SVC_HR-1024i",459.8,29.1,54.99,25.28,1.6,15.8,64.0065491649589,64.2404941175085,9.25049411750847
"Utqiagvik","BNL1636",20150712,"CAAQ","SVC_HR-1024i",464.4,30.9,47.19,21.91,1.46,15.03,58.0592224518017,58.5865028621201,11.3965028621201
"Utqiagvik","BNL1587",20150711,"CAAQ","SVC_HR-1024i",NA,NA,53.9,NA,NA,NA,56.6946065645447,56.9273304283879,3.02733042838793
"Utqiagvik","BNL1584",20150711,"CAAQ","SVC_HR-1024i",NA,NA,56.96,NA,NA,NA,62.1337442391619,62.7643044836881,5.80430448368811
"Utqiagvik","BNL2141",20160719,"CAAQ","SVC_HR-1024i",NA,NA,48.57,NA,NA,NA,50.982629601006,51.5149166763896,2.94491667638959
"Utqiagvik","BNL1988",20160714,"CAAQ","SVC_HR-1024i",434.9,37.7,55.15,23.98,2.08,11.54,51.7088416744943,51.7369211495959,-3.41307885040408
"Utqiagvik","BNL1321",20130725,"CAAQ","ASD_FieldSpec_3",473.2,35.3,47.79,22.61,1.69,13.41,39.6752623754096,39.3327899444193,-8.45721005558072
"Utqiagvik","BNL1581",20150711,"CAAQ","SVC_HR-1024i",435.2,33.5,61.64,26.83,2.07,12.99,48.2685989852269,47.1247438043997,-14.5152561956003
"Utqiagvik","BNL1979",20160716,"CAAQ","SVC_HR-1024i",NA,NA,53.13,NA,NA,NA,61.2606909991537,61.4054232952484,8.27542329524843
"Utqiagvik","BNL2149",20160718,"CAAQ","SVC_HR-1024i",431.9,28.7,52.27,22.58,1.5,15.05,58.4215258457762,58.7411901964905,6.47119019649053
"Utqiagvik","BNL1317",20130725,"CAAQ","ASD_FieldSpec_3",469.5,26.4,58.11,27.28,1.53,17.78,52.8147599565164,52.5528948197907,-5.55710518020928
"Utqiagvik","BNL1585",20150711,"CAAQ","SVC_HR-1024i",433,22.5,69.68,30.17,1.57,19.24,54.6104747162865,54.5123268142238,-15.1676731857762
"Utqiagvik","BNL2001",20160716,"CAAQ","SVC_HR-1024i",425.1,34.5,57.24,24.33,1.97,12.32,54.2358174731177,54.3101846488288,-2.92981535117122
"Utqiagvik","BNL1588",20150711,"CAAQ","SVC_HR-1024i",NA,NA,81.82,NA,NA,NA,62.7974537640247,62.1826760508406,-19.6373239491594
"Utqiagvik","BNL1579",20150711,"CAAQ","SVC_HR-1024i",NA,NA,62.41,NA,NA,NA,58.0939928143495,58.1071576953155,-4.3028423046845
"Utqiagvik","BNL1924",20160712,"CAAQ","SVC_HR-1024i",457.3,31.6,61.11,27.95,1.93,14.47,59.8455409436429,59.9371088477459,-1.1728911522541
"Utqiagvik","BNL1637",20150712,"CAAQ","SVC_HR-1024i",462.2,33.5,59.07,27.3,1.98,13.8,62.2166486111101,62.4862387379343,3.41623873793427
"Utqiagvik","BNL1592",20150711,"CAAQ","SVC_HR-1024i",NA,NA,69.86,NA,NA,NA,69.3137334795487,69.1517049700074,-0.708295029992613
"Utqiagvik","BNL1328",20130725,"DUFI","ASD_FieldSpec_3",467.9,14.9,57.68,26.99,0.86,31.4,67.0389080757109,67.1914907185683,9.5114907185683
"Utqiagvik","BNL1344",20130725,"DUFI","ASD_FieldSpec_3",477.9,19.9,88.12,42.11,1.75,24.02,75.6969888927687,74.0637576923821,-14.0562423076179
"Utqiagvik","BNL1330",20130725,"DUFI","ASD_FieldSpec_3",463.5,13.9,58,26.88,0.81,33.35,66.6511500214173,67.149607053495,9.149607053495
"Utqiagvik","BNL1336",20130725,"DUFI","ASD_FieldSpec_3",466.4,10.7,62,28.92,0.66,43.59,73.234339138239,74.3611182669809,12.3611182669809
"Utqiagvik","BNL1340",20130725,"DUFI","ASD_FieldSpec_3",465.2,13,68.7,31.96,0.89,35.78,66.2465969111787,65.5011748259304,-3.19882517406964
"Utqiagvik","BNL1342",20130725,"DUFI","ASD_FieldSpec_3",481.3,19.2,62.3,29.98,1.2,25.07,79.981715490072,81.2582868795448,18.9582868795448
"Utqiagvik","BNL2056",20160717,"ERAN6","SVC_HR-1024i",465.4,32.3,68.12,31.7,2.2,14.41,69.9549342647903,70.288571478239,2.16857147823903
"Utqiagvik","BNL2821",20140716,"ERAN6","SVC_HR-1024i",459.3,31.3,52.64,24.18,1.65,14.67,52.1310851741508,52.0715277248918,-0.568472275108157
"Utqiagvik","BNL1655",20150713,"ERAN6","SVC_HR-1024i",463.4,30.4,54.12,25.08,1.65,15.24,54.698283674518,54.7358113351743,0.615811335174278
"Utqiagvik","BNL1935",20160712,"ERAN6","SVC_HR-1024i",461.1,28.5,72.17,33.28,2.06,16.18,68.6508108922525,68.7547223459112,-3.41527765408883
"Utqiagvik","BNL1385",20130725,"ERAN6","ASD_FieldSpec_3",490.8,30.3,66.85,32.81,2.03,16.2,51.9533655896038,51.3256900592581,-15.5243099407419
"Utqiagvik","BNL1821",20160709,"ERAN6","SVC_HR-1024i",456,33,65.07,29.67,2.15,13.82,67.9488101229881,67.9449943444131,2.87499434441312
"Utqiagvik","BNL1827",20160710,"ERAN6","SVC_HR-1024i",NA,NA,55,NA,NA,NA,54.2350068570034,54.236246926324,-0.763753073676
"Utqiagvik","BNL1761",20150720,"ERAN6","SVC_HR-1024i",479.4,29.2,55.56,26.63,1.62,16.42,61.4146032400082,61.6812204761357,6.12122047613566
"Utqiagvik","BNL1789",20150722,"ERAN6","SVC_HR-1024i",NA,NA,61.82,NA,NA,NA,59.8286544130495,59.7942165125598,-2.02578348744024
"Utqiagvik","BNL1837",20160710,"ERAN6","SVC_HR-1024i",430.5,33.6,63.46,27.32,2.13,12.81,58.5036293440103,58.4604067279683,-4.99959327203174
"Utqiagvik","BNL2055",20160717,"ERAN6","SVC_HR-1024i",450.7,31.9,65.81,29.66,2.1,14.13,65.7282977273056,65.6864102113288,-0.123589788671239
"Utqiagvik","BNL1651",20150713,"ERAN6","SVC_HR-1024i",463.8,27.8,60.45,28.04,1.68,16.68,64.7691982024212,65.4504442992303,5.00044429923034
"Utqiagvik","BNL1638",20150712,"ERAN6","SVC_HR-1024i",469.1,35.8,63.71,29.89,2.28,13.1,60.8918956351971,60.7984597642721,-2.91154023572791
"Utqiagvik","BNL2813",20140716,"ERAN6","SVC_HR-1024i",461.6,37.6,60.82,28.07,2.29,12.28,51.0073122362173,50.2489199019527,-10.5710800980473
"Utqiagvik","BNL2032",20160717,"ERAN6","SVC_HR-1024i",471,29.9,63.52,29.92,1.9,15.75,63.4454513794403,63.0290979711336,-0.490902028866429
"Utqiagvik","BNL1819",20160709,"ERAN6","SVC_HR-1024i",469.4,31.8,78.62,36.9,2.5,14.76,76.8234294028216,76.7441894873569,-1.87581051264311
"Utqiagvik","BNL1723",20150715,"ERAN6","SVC_HR-1024i",457.9,23.8,53.71,24.59,1.28,19.24,55.6218233682856,55.9308661240421,2.22086612404211
"Utqiagvik","BNL2822",20140716,"ERAN6","SVC_HR-1024i",430.2,31.8,59.47,25.58,1.89,13.53,48.4329252580363,47.6822878180624,-11.7877121819376
"Utqiagvik","BNL1397",20130725,"ERAN6","ASD_FieldSpec_3",474.9,32.5,61.93,29.41,2.01,14.61,58.9676505241928,58.786836136942,-3.14316386305797
"Utqiagvik","BNL2807",20140716,"ERAN6","SVC_HR-1024i",432.3,28.3,52.3,22.61,1.48,15.28,56.277735701753,56.9006184248196,4.60061842481961
"Utqiagvik","BNL1645",20150713,"ERAN6","SVC_HR-1024i",462.5,30.9,80.7,37.32,2.49,14.97,66.8530112741741,66.2318714843662,-14.4681285156338
"Utqiagvik","BNL2064",20160717,"ERAN6","SVC_HR-1024i",444.1,30,60.98,27.08,1.83,14.8,62.1292609942868,62.196126586938,1.21612658693802
"Utqiagvik","BNL1646",20150713,"ERAN6","SVC_HR-1024i",447.5,29.2,60.39,27.02,1.76,15.33,66.969611471914,67.2787255049117,6.88872550491172
"Utqiagvik","BNL1662",20150714,"ERAN6","SVC_HR-1024i",436.8,21.9,64.84,28.32,1.42,19.95,56.5856523288788,56.2490377918446,-8.59096220815537
"Utqiagvik","BNL2100",20160717,"ERAN6","SVC_HR-1024i",461.3,27,65.06,30.01,1.76,17.09,70.6474205414031,70.9358630757119,5.87586307571195
"Utqiagvik","BNL1657",20150713,"ERAN6","SVC_HR-1024i",457,31,66.67,30.47,2.07,14.74,65.8155000209746,65.8748105599049,-0.795189440095101
"Utqiagvik","BNL1393",20130725,"ERAN6","ASD_FieldSpec_3",486.7,30.2,53.46,26.02,1.61,16.12,57.5990942602591,57.7493348123125,4.28933481231253
"Utqiagvik","BNL2061",20160717,"ERAN6","SVC_HR-1024i",443.6,37,65.48,29.05,2.42,11.99,63.5665915865702,63.6510931296178,-1.82890687038223
"Utqiagvik","BNL1839",20160710,"ERAN6","SVC_HR-1024i",443.7,32,72.94,32.36,2.33,13.87,68.7723625802066,68.3542709392904,-4.58572906070961
"Utqiagvik","BNL1736",20150715,"ERAN6","SVC_HR-1024i",485,22.6,41.09,19.93,0.93,21.46,62.0253096453053,64.2000375188986,23.1100375188986
"Utqiagvik","BNL1961",20160713,"ERAN6","SVC_HR-1024i",448.6,29,74,33.2,2.15,15.47,65.0640559636261,64.7062420034761,-9.29375799652385
"Utqiagvik","BNL1400",20130725,"ERAN6","ASD_FieldSpec_3",478.3,27.2,53.76,25.71,1.46,17.58,47.071791403623,46.4264351845627,-7.33356481543728
"Utqiagvik","BNL1658",20150714,"ERAN6","SVC_HR-1024i",442.9,25.6,61.38,27.19,1.57,17.3,57.0544372080189,57.2790737747297,-4.10092622527031
"Utqiagvik","BNL1640",20150712,"ERAN6","SVC_HR-1024i",454.9,29.6,71.57,32.56,2.12,15.37,65.4411789954258,64.9903315395385,-6.57966846046148
"Utqiagvik","BNL1660",20150714,"ERAN6","SVC_HR-1024i",452.4,32.8,62.81,28.42,2.06,13.79,59.1552782068652,59.0433728757509,-3.76662712424906
"Utqiagvik","BNL1654",20150713,"ERAN6","SVC_HR-1024i",445.3,33.3,66.99,29.83,2.23,13.37,53.7802344334864,53.5429471385434,-13.4470528614566
"Utqiagvik","BNL1829",20160710,"ERAN6","SVC_HR-1024i",459.8,34.1,62.5,28.74,2.13,13.48,61.2536565218157,61.4615449605422,-1.03845503945777
"Utqiagvik","BNL2066",20160717,"ERAN6","SVC_HR-1024i",468,31.3,63.5,29.72,1.99,14.95,60.3078490614001,60.2479739435211,-3.25202605647895
"Utqiagvik","BNL2812",20140716,"ERAN6","SVC_HR-1024i",459.1,35.4,71.17,32.68,2.52,12.97,58.9542386718841,58.4081573842839,-12.7618426157161
"Utqiagvik","BNL1650",20150713,"ERAN6","SVC_HR-1024i",464.7,23.9,71.64,33.29,1.71,19.44,64.8242728689004,64.6400667277478,-6.99993327225219
"Utqiagvik","BNL1734",20150715,"ERAN6","SVC_HR-1024i",479.7,27.4,70.03,33.59,1.92,17.51,70.0780913233817,70.1616917265591,0.13169172655914
"Utqiagvik","BNL2101",20160717,"ERAN6","SVC_HR-1024i",457.5,32.8,57.2,26.17,1.88,13.95,60.8811613218808,60.8851661989727,3.68516619897271
"Utqiagvik","BNL1828",20160710,"ERAN6","SVC_HR-1024i",456.7,31,72.27,33.01,2.24,14.73,68.2253348021147,68.1107235606312,-4.15927643936884
"Utqiagvik","BNL1649",20150713,"ERAN6","SVC_HR-1024i",478.8,22.4,60.44,28.94,1.35,21.38,58.1378195801184,58.1807280166998,-2.25927198330024
"Utqiagvik","BNL1877",20160713,"ERAN6","SVC_HR-1024i",450.5,31,57.07,25.71,1.77,14.53,59.944740926585,59.9172168882138,2.8472168882138
"Utqiagvik","BNL1733",20150715,"ERAN6","SVC_HR-1024i",483.9,30.2,58.71,28.41,1.77,16.02,54.8580577332544,55.0510936822202,-3.65890631777976
"Utqiagvik","BNL1652",20150713,"ERAN6","SVC_HR-1024i",453.2,28.4,62.77,28.45,1.78,15.96,61.5521443593134,61.7388638344019,-1.03113616559806
"Utqiagvik","BNL2071",20160717,"ERAN6","SVC_HR-1024i",463.7,30.3,67.73,31.41,2.05,15.3,64.6664864047722,64.546845444412,-3.18315455558802
"Utqiagvik","BNL1389",20130725,"ERAN6","ASD_FieldSpec_3",475.5,27.5,64.28,30.56,1.77,17.29,50.4944625782579,49.6509017325744,-14.6290982674256
"Utqiagvik","BNL1653",20150713,"ERAN6","SVC_HR-1024i",443.4,30.3,68.41,30.33,2.07,14.63,55.5743356622135,54.9381055839781,-13.4718944160219
"Utqiagvik","BNL2820",20140716,"ERAN6","SVC_HR-1024i",465.8,38.8,68.23,31.78,2.65,12.01,60.0830139054031,59.8687138889867,-8.36128611101333
"Utqiagvik","BNL1642",20150712,"ERAN6","SVC_HR-1024i",465,30.8,66.3,30.83,2.04,15.1,66.9152341296058,66.8076943759651,0.507694375965087
"Utqiagvik","BNL1824",20160709,"ERAN6","SVC_HR-1024i",446.9,23.1,73.41,32.81,1.7,19.35,73.6954407508675,73.9629578269142,0.552957826914223
"Utqiagvik","BNL1764",20150720,"ERAN6","SVC_HR-1024i",481,26.7,56.6,27.22,1.51,18.01,60.2261269047137,60.2075026981502,3.60750269815022
"Utqiagvik","BNL1787",20150722,"ERAN6","SVC_HR-1024i",466.2,26.9,70.34,32.79,1.89,17.33,63.5535512170332,63.4849886912302,-6.85501130876975
"Utqiagvik","BNL1838",20160710,"ERAN6","SVC_HR-1024i",425.2,30.7,62.33,26.5,1.91,13.85,58.3710972130594,58.4096505271105,-3.92034947288951
"Utqiagvik","BNL1724",20150715,"ERAN6","SVC_HR-1024i",464.9,27.5,59.38,27.61,1.63,16.91,56.232582679915,56.1433961895129,-3.23660381048712
"Utqiagvik","BNL1735",20150715,"ERAN6","SVC_HR-1024i",466,24.9,64.63,30.12,1.61,18.71,66.4849672736531,66.8128669151293,2.1828669151293
"Utqiagvik","BNL1395",20130725,"ERAN6","ASD_FieldSpec_3",474.8,25.8,65.02,30.87,1.68,18.4,60.8545932855233,60.748591653526,-4.27140834647395
"Utqiagvik","BNL1765",20150720,"ERAN6","SVC_HR-1024i",471.3,27,78.35,36.93,2.12,17.46,70.0407383747954,69.6452670765365,-8.70473292346347
"Utqiagvik","BNL1820",20160709,"ERAN6","SVC_HR-1024i",472.7,27.4,76.34,36.09,2.09,17.25,75.6523920390866,75.498681622489,-0.84131837751103
"Utqiagvik","BNL1656",20150713,"ERAN6","SVC_HR-1024i",438.7,29.7,66.03,28.97,1.96,14.77,51.6232017693785,51.1838776680671,-14.8461223319329
"Utqiagvik","BNL2053",20160717,"ERAN6","SVC_HR-1024i",468,33,66.79,31.26,2.2,14.18,68.4542748932389,68.5431902858072,1.75319028580722
"Utqiagvik","BNL1823",20160710,"ERAN6","SVC_HR-1024i",444.4,31.1,69.4,30.84,2.16,14.29,68.3838755766674,68.6352664894,-0.764733510599996
"Utqiagvik","BNL1648",20150713,"ERAN6","SVC_HR-1024i",453.1,21.1,66.86,30.29,1.41,21.47,62.6934783921942,62.2041640807132,-4.65583591928683
"Utqiagvik","BNL2102",20160717,"ERAN6","SVC_HR-1024i",461,35.4,54.58,25.16,1.93,13.02,56.669085419531,56.7464502385799,2.16645023857994
"Utqiagvik","BNL1641",20150712,"ERAN6","SVC_HR-1024i",449.4,30.4,51.72,23.24,1.57,14.78,56.470709307417,56.9848533994055,5.26485339940547
"Utqiagvik","BNL2054",20160717,"ERAN6","SVC_HR-1024i",455.9,27.7,64.11,29.23,1.78,16.46,61.7845236338345,61.8719200286577,-2.23807997134234
"Utqiagvik","BNL2063",20160717,"ERAN6","SVC_HR-1024i",474.4,33.9,66.86,31.72,2.27,13.99,65.1541897398177,65.1490744587891,-1.71092554121093
"Utqiagvik","BNL1647",20150713,"ERAN6","SVC_HR-1024i",477.4,29.6,60.23,28.76,1.78,16.13,51.8676320789315,51.8786273860359,-8.35137261396408
"Utqiagvik","BNL2065",20160717,"ERAN6","SVC_HR-1024i",450.2,31.9,64.83,29.19,2.07,14.11,64.5780790690925,64.4762030021507,-0.353796997849287
"Utqiagvik","BNL1643",20150713,"ERAN6","SVC_HR-1024i",458.2,27.1,84.05,38.51,2.28,16.91,74.4289083578856,74.2475365667526,-9.80246343324737
"Utqiagvik","BNL1503",20140715,"PEFR5","SVC_HR-1024i",454.1,25.3,85.39,38.77,2.16,17.95,85.0075651477883,85.2483083701142,-0.141691629885784
"Utqiagvik","BNL2033",20160716,"PEFR5","SVC_HR-1024i",454.5,38.3,82.35,37.43,3.15,11.87,92.4858580016104,92.7797153375898,10.4297153375898
"Utqiagvik","BNL2036",20160716,"PEFR5","SVC_HR-1024i",458.1,31.8,83.24,38.13,2.65,14.41,88.2548100872515,88.3997701359973,5.15977013599728
"Utqiagvik","BNL1502",20140714,"PEFR5","SVC_HR-1024i",447.2,27.4,70.07,31.33,1.92,16.32,85.3617467659322,85.6607272518535,15.5907272518535
"Utqiagvik","BNL1570",20150710,"PEFR5","SVC_HR-1024i",439.5,24,82.22,36.14,1.97,18.31,80.6115470839948,80.2325930803283,-1.9874069196717
"Utqiagvik","BNL1509",20140715,"PEFR5","SVC_HR-1024i",451.1,32.1,96.1,43.35,3.08,14.05,94.5269696441025,94.7284623955775,-1.37153760442251
"Utqiagvik","BNL1928",20160713,"PEFR5","SVC_HR-1024i",422.1,26.3,60.3,25.45,1.59,16.05,67.4405669545967,67.9291299976266,7.62912999762663
"Utqiagvik","BNL1781",20150721,"PEFR5","SVC_HR-1024i",437.1,17.5,98.8,43.18,1.73,24.98,99.9095081591485,99.1129176254586,0.312917625458624
"Utqiagvik","BNL2193",20160720,"PEFR5","SVC_HR-1024i",432,22.6,103.71,44.8,2.34,19.12,101.549297121183,101.891473055391,-1.81852694460932
"Utqiagvik","BNL1627",20150712,"PEFR5","SVC_HR-1024i",431,29.3,87.71,37.8,2.57,14.71,79.8830677442728,79.9982713530208,-7.71172864697915
"Utqiagvik","BNL1717",20150715,"PEFR5","SVC_HR-1024i",422.4,21.9,61.87,26.13,1.35,19.29,73.9881476171647,74.368923439059,12.498923439059
"Utqiagvik","BNL1720",20150715,"PEFR5","SVC_HR-1024i",426.5,25.8,72.11,30.76,1.86,16.53,81.1929401366919,81.5302302750184,9.4202302750184
"Utqiagvik","BNL1555",20150709,"PEFR5","SVC_HR-1024i",419.4,20.2,105.47,44.23,2.13,20.76,88.5004934479434,86.1044992440353,-19.3655007559647
"Utqiagvik","BNL1564",20150710,"PEFR5","SVC_HR-1024i",441.3,25.9,109.75,48.43,2.84,17.04,95.8869720153189,95.4296544461784,-14.3203455538216
"Utqiagvik","BNL1571",20150710,"PEFR5","SVC_HR-1024i",433.7,20.4,90.04,39.05,1.84,21.26,91.7997896515325,91.7711880070371,1.73118800703712
"Utqiagvik","BNL1721",20150715,"PEFR5","SVC_HR-1024i",438.4,29.1,56.28,24.67,1.64,15.07,65.7196524734973,66.0333256881013,9.75332568810134
"Utqiagvik","BNL1575",20150710,"PEFR5","SVC_HR-1024i",417.7,18.6,80.48,33.62,1.5,22.46,82.5148707508021,82.3945090351614,1.91450903516142
"Utqiagvik","BNL1623",20150711,"PEFR5","SVC_HR-1024i",431.3,24.6,69.02,29.77,1.7,17.53,65.4785061526823,65.398399855889,-3.62160014411104
"Utqiagvik","BNL1508",20140715,"PEFR5","SVC_HR-1024i",436.6,29.8,81.22,35.46,2.42,14.65,85.1389334925923,86.1055704101541,4.88557041015407
"Utqiagvik","BNL1259",20130725,"PEFR5","ASD_FieldSpec_3",449.6,34.3,63.03,28.34,2.16,13.11,70.831990886593,71.1716093415203,8.14160934152034
"Utqiagvik","BNL2808",20140715,"PEFR5","SVC_HR-1024i",447.4,35.8,87.23,39.03,3.12,12.5,89.9192246793713,90.1862745934813,2.95627459348133
"Utqiagvik","BNL1622",20150711,"PEFR5","SVC_HR-1024i",440.2,23.9,92.84,40.87,2.22,18.42,86.5562773097871,86.3059885359055,-6.53401146409449
"Utqiagvik","BNL1719",20150715,"PEFR5","SVC_HR-1024i",438.4,30.3,65.64,28.77,1.99,14.47,74.2171438081094,74.3031250718636,8.66312507186362
"Utqiagvik","BNL1549",20150708,"PEFR5","SVC_HR-1024i",436.5,26.8,90.88,39.67,2.44,16.29,89.3263893293896,89.0894259200586,-1.79057407994138
"Utqiagvik","BNL2165",20160719,"PEFR5","SVC_HR-1024i",395.3,21.7,77.49,30.63,1.68,18.22,83.2025015319921,83.3007177841835,5.81071778418355
"Utqiagvik","BNL1718",20150715,"PEFR5","SVC_HR-1024i",433,24.5,94.23,40.8,2.31,17.67,82.7085420991431,82.5515608349613,-11.6784391650388
"Utqiagvik","BNL1560",20150710,"PEFR5","SVC_HR-1024i",435.3,23.4,93.12,40.54,2.18,18.6,77.0981642401653,76.4122942267734,-16.7077057732266
"Utqiagvik","BNL2160",20160719,"PEFR5","SVC_HR-1024i",438.1,24.9,95.76,41.95,2.38,17.59,95.1571936224934,95.1108711234191,-0.649128876580889
"Utqiagvik","BNL2164",20160719,"PEFR5","SVC_HR-1024i",404.7,21.9,93.84,37.98,2.06,18.48,90.4354287443893,90.466700793136,-3.37329920686396
"Utqiagvik","BNL1949",20160713,"PEFR5","SVC_HR-1024i",439.2,35.4,72.25,31.73,2.56,12.41,84.8492646317247,85.5662373765642,13.3162373765642
"Utqiagvik","BNL1569",20150710,"PEFR5","SVC_HR-1024i",432.5,22,118.45,51.23,2.61,19.66,101.569681674104,99.9317748638186,-18.5182251361814
"Utqiagvik","BNL1554",20150709,"PEFR5","SVC_HR-1024i",438.5,25.6,84.67,37.13,2.17,17.13,72.970996159286,72.3851252994736,-12.2848747005264
"Utqiagvik","BNL1948",20160713,"PEFR5","SVC_HR-1024i",430.2,30.1,76.11,32.74,2.29,14.29,81.1173750490077,80.8504641297061,4.74046412970608
"Utqiagvik","BNL1783",20150721,"PEFR5","SVC_HR-1024i",426.5,26.5,83.39,35.57,2.21,16.09,89.6557775918107,89.8086282637926,6.41862826379257
"Utqiagvik","BNL1558",20150710,"PEFR5","SVC_HR-1024i",439.9,28.8,83.21,36.61,2.4,15.27,92.1305738763864,92.5202210020262,9.31022100202624
"Utqiagvik","BNL1567",20150710,"PEFR5","SVC_HR-1024i",439,21.9,97.51,42.81,2.14,20.05,93.1206227410513,93.0733404189892,-4.43665958101079
"Utqiagvik","BNL1566",20150710,"PEFR5","SVC_HR-1024i",428.9,21.9,86.55,37.12,1.9,19.58,78.6660989354195,78.2945857361976,-8.25541426380236
"Utqiagvik","BNL1626",20150711,"PEFR5","SVC_HR-1024i",438.2,26.9,77.61,34.01,2.09,16.29,69.3457816859858,69.0596241719562,-8.55037582804378
"Utqiagvik","BNL1785",20150722,"PEFR5","SVC_HR-1024i",429.3,23,71.78,30.82,1.65,18.67,80.2673513981325,80.7318785654263,8.95187856542626
"Utqiagvik","BNL1780",20150721,"PEFR5","SVC_HR-1024i",411.3,25.9,57.87,23.8,1.5,15.88,60.9033220872351,61.0094716590901,3.13947165909008
"Utqiagvik","BNL1628",20150712,"PEFR5","SVC_HR-1024i",426.5,23.8,94.03,40.1,2.24,17.92,89.4550423819675,89.390023726698,-4.63997627330195
"Utqiagvik","BNL1540",20140715,"PEFR5","SVC_HR-1024i",431.7,28.7,85.82,37.05,2.46,15.04,88.9875234230834,88.7257328507583,2.9057328507583
"Utqiagvik","BNL1325",20130725,"PEFR5","ASD_FieldSpec_3",453.5,31.2,69.3,31.43,2.16,14.54,67.7155146383911,67.6792178873274,-1.62078211267261
"Utqiagvik","BNL1550",20150708,"PEFR5","SVC_HR-1024i",424.5,19.9,85.84,36.44,1.71,21.33,87.3340132963954,87.4972511788975,1.65725117889752
"Utqiagvik","BNL1327",20130725,"PEFR5","ASD_FieldSpec_3",442.6,26,72.21,31.96,1.88,17.02,84.0158215717525,84.818128616052,12.608128616052
"Utqiagvik","BNL2041",20160716,"PEFR5","SVC_HR-1024i",434.9,23.7,98.56,42.86,2.34,18.35,95.4926438306746,95.5703882721743,-2.98961172782568
"Utqiagvik","BNL2042",20160716,"PEFR5","SVC_HR-1024i",454,30.3,77.34,35.11,2.34,14.98,86.519213234698,86.563348338461,9.22334833846099
"Utqiagvik","BNL1722",20150715,"PEFR5","SVC_HR-1024i",427.8,27,94.84,40.57,2.56,15.84,94.2172671211631,94.082676510003,-0.75732348999702
"Utqiagvik","BNL1630",20150712,"PEFR5","SVC_HR-1024i",426.9,27.2,68.61,29.29,1.87,15.69,69.0640532107242,68.6018152517266,-0.00818474827343607
"Utqiagvik","BNL2034",20160716,"PEFR5","SVC_HR-1024i",468.5,39.7,83.09,38.93,3.3,11.8,95.2051509830922,95.5741561887568,12.4841561887568
"Utqiagvik","BNL1925",20160713,"PEFR5","SVC_HR-1024i",442.7,31,80.93,35.83,2.51,14.28,90.5795698746345,90.8158301982069,9.88583019820692
"Utqiagvik","BNL1559",20150710,"PEFR5","SVC_HR-1024i",465.5,30.7,92.25,42.94,2.83,15.16,79.5735912076383,79.3061237854249,-12.9438762145751
"Utqiagvik","BNL1995",20160716,"PEFR5","SVC_HR-1024i",430.6,28.8,93.25,40.15,2.69,14.95,90.7178444588705,90.6015702926358,-2.6484297073642
"Utqiagvik","BNL1624",20150711,"PEFR5","SVC_HR-1024i",442.2,26.4,89.76,39.69,2.37,16.75,85.5126200103497,85.592593155802,-4.16740684419796
"Utqiagvik","BNL1574",20150710,"PEFR5","SVC_HR-1024i",429.6,22.8,94.32,40.52,2.15,18.84,90.4663760960064,90.2815904043692,-4.03840959563077
"Utqiagvik","BNL1507",20140714,"PEFR5","SVC_HR-1024i",440.2,29.7,81.18,35.73,2.41,14.82,87.5158989824954,87.7542332830219,6.5742332830219
"Utqiagvik","BNL2811",20140715,"PEFR5","SVC_HR-1024i",430.3,33,75.24,32.37,2.48,13.04,78.4111297181854,79.0352917228957,3.79529172289571
"Utqiagvik","BNL1500",20140714,"PEFR5","SVC_HR-1024i",451.3,29.3,78.44,35.4,2.3,15.4,89.8982958705998,90.6325342857215,12.1925342857215
"Utqiagvik","BNL1329",20130725,"PEFR5","ASD_FieldSpec_3",448,35.5,59.83,26.8,2.12,12.62,79.263966109797,80.8531828658856,21.0231828658856
"Utqiagvik","BNL1791",20150723,"PEFR5","SVC_HR-1024i",436.8,23,90.61,39.58,2.08,18.99,84.6147703718017,84.4656687767827,-6.14433122321731
"Utqiagvik","BNL1782",20150721,"PEFR5","SVC_HR-1024i",430.3,16.4,95.6,41.14,1.57,26.24,98.291151287827,98.5875312574807,2.98753125748075
"Utqiagvik","BNL1546",20150708,"PEFR5","SVC_HR-1024i",420.2,26.3,68.56,28.81,1.8,15.98,69.1930510427025,68.9262978677612,0.366297867761247
"Utqiagvik","BNL1506",20140715,"PEFR5","SVC_HR-1024i",440.9,28.7,82.42,36.34,2.37,15.36,88.8648344844077,88.8735323011624,6.45353230116238
"Utqiagvik","BNL1573",20150710,"PEFR5","SVC_HR-1024i",426.5,19.4,83.22,35.49,1.61,21.98,81.8544520185209,82.3072763851524,-0.912723614847636
"Utqiagvik","BNL1621",20150711,"PEFR5","SVC_HR-1024i",440.7,29.5,80.22,35.35,2.37,14.94,80.8965172394389,80.9742765933744,0.754276593374399
"Utqiagvik","BNL1245",20130725,"PEFR5","ASD_FieldSpec_3",438.4,32.8,53.85,23.61,1.77,13.37,67.0798099468845,68.2534525954482,14.4034525954482
"Utqiagvik","BNL1557",20150710,"PEFR5","SVC_HR-1024i",436.2,25.3,89.47,39.03,2.26,17.24,76.8447328451201,75.541336519618,-13.928663480382
"Utqiagvik","BNL1631",20150712,"PEFR5","SVC_HR-1024i",420.8,22.6,80.64,33.93,1.82,18.62,82.026375501824,82.2818433018997,1.64184330189971
"Utqiagvik","BNL1994",20160716,"PEFR5","SVC_HR-1024i",452.9,30.5,82.65,37.43,2.52,14.85,87.9351079426648,88.239562457628,5.58956245762802
"Utqiagvik","BNL1790",20150722,"PEFR5","SVC_HR-1024i",429.8,20.9,72.58,31.19,1.52,20.56,78.5739471197281,78.6974113335984,6.11741133359841
"Utqiagvik","BNL1572",20150710,"PEFR5","SVC_HR-1024i",426.6,30.9,79.7,34,2.46,13.81,79.1128088576085,78.9241636370459,-0.775836362954067
"Utqiagvik","BNL1786",20150722,"PEFR5","SVC_HR-1024i",429.6,20.4,85.14,36.58,1.74,21.06,83.6872417420086,83.7271870894618,-1.41281291053822
"Utqiagvik","BNL1792",20150723,"PEFR5","SVC_HR-1024i",428.2,20,90.26,38.65,1.81,21.41,86.4534709882165,86.2831434171353,-3.97685658286473
"Utqiagvik","BNL1618",20150711,"PEFR5","SVC_HR-1024i",435.5,28.4,95.63,41.65,2.72,15.33,91.1722008418131,91.2386135615565,-4.39138643844345
"Utqiagvik","BNL1927",20160713,"PEFR5","SVC_HR-1024i",417.2,23.6,74.37,31.03,1.76,17.68,75.9289124462362,76.0237009540626,1.6537009540626
"Utqiagvik","BNL2035",20160716,"PEFR5","SVC_HR-1024i",441.5,37.2,79.11,34.93,2.94,11.87,87.9471500368502,88.23963812608,9.12963812607997
"Utqiagvik","BNL1562",20150710,"PEFR5","SVC_HR-1024i",433.8,23.7,104.78,45.45,2.48,18.3,98.4222267272324,98.4029462295821,-6.37705377041786
"Utqiagvik","BNL1561",20150710,"PEFR5","SVC_HR-1024i",438.7,30,76,33.34,2.28,14.62,73.9455731626932,74.0594753865508,-1.94052461344917
"Utqiagvik","BNL1261",20130725,"PEFR5","ASD_FieldSpec_3",443.3,33.4,67.04,29.72,2.24,13.27,73.6924257207311,74.2631636968524,7.22316369685242
"Utqiagvik","BNL1993",20160716,"PEFR5","SVC_HR-1024i",460.6,31.3,100.03,46.07,3.13,14.72,97.8952419280242,97.885700154586,-2.14429984541401
"Utqiagvik","BNL2186",20160720,"PEFR5","SVC_HR-1024i",428.3,23.6,107.69,46.12,2.54,18.15,96.7257136798445,94.8749368094074,-12.8150631905926
"Utqiagvik","BNL1876",20160712,"SAPU15","SVC_HR-1024i",498.3,29.8,63.61,31.7,1.9,16.72,78.2555728366882,78.6579047654086,15.0479047654086
"Utqiagvik","BNL2070",20160717,"SAPU15","SVC_HR-1024i",505.8,31.6,89.39,45.21,2.82,16.01,82.7756760082111,82.8106856811253,-6.57931431887471
"Utqiagvik","BNL1236",20130725,"SAPU15","ASD_FieldSpec_3",501.2,24.1,88.49,44.35,2.13,20.8,81.7335294747332,81.2833135059276,-7.20668649407243
"Utqiagvik","BNL1738",20150715,"SAPU15","SVC_HR-1024i",500.3,24.2,100.74,50.4,2.44,20.67,99.3340268654818,99.2822611639456,-1.45773883605443
"Utqiagvik","BNL1242",20130725,"SAPU15","ASD_FieldSpec_3",504.6,23.4,79.92,40.33,1.87,21.56,71.3087395513772,71.1401601169132,-8.77983988308685
"Utqiagvik","BNL1249",20130725,"SAPU15","ASD_FieldSpec_3",486.4,27.7,84.49,41.09,2.34,17.56,90.5682990696813,90.848900552138,6.358900552138
"Utqiagvik","BNL1931",20160712,"SAPU15","SVC_HR-1024i",501.1,29.2,78.8,39.49,2.3,17.16,79.6321466277737,79.6993080199376,0.899308019937607
"Utqiagvik","BNL1957",20160713,"SAPU15","SVC_HR-1024i",492.2,37.1,70.33,34.62,2.61,13.27,71.0029172303016,71.0975301588414,0.767530158841353
"Utqiagvik","BNL1893",20160711,"SAPU15","SVC_HR-1024i",483.5,33.8,73.21,35.4,2.47,14.3,72.9535149525552,73.1237390515118,-0.0862609484882029
"Utqiagvik","BNL2103",20160718,"SAPU15","SVC_HR-1024i",475.1,36.6,82.87,39.37,3.03,12.98,88.2565768023598,88.3776850069305,5.50768500693052
"Utqiagvik","BNL1731",20150715,"SAPU15","SVC_HR-1024i",499.5,31.8,91.47,45.69,2.91,15.71,108.038056115871,108.819536169993,17.3495361699929
"Utqiagvik","BNL2104",20160718,"SAPU15","SVC_HR-1024i",482.7,35.6,70.47,34.01,2.51,13.56,90.6833006209788,91.3623665135265,20.8923665135265
"Utqiagvik","BNL2058",20160717,"SAPU15","SVC_HR-1024i",488.9,41.7,71.4,34.91,2.98,11.72,70.6406582912897,70.6473602098814,-0.752639790118607
"Utqiagvik","BNL2068",20160717,"SAPU15","SVC_HR-1024i",505.5,34.2,72.35,36.58,2.47,14.78,79.6144739941047,79.7823686749838,7.43236867498382
"Utqiagvik","BNL1967",20160714,"SAPU15","SVC_HR-1024i",484.6,40.2,66.21,32.09,2.66,12.05,72.5715396544476,72.5019451811495,6.29194518114953
"Utqiagvik","BNL1966",20160714,"SAPU15","SVC_HR-1024i",490.8,42.7,83.32,40.89,3.56,11.49,73.3836347904989,73.2421788240415,-10.0778211759585
"Utqiagvik","BNL1897",20160711,"SAPU15","SVC_HR-1024i",503.5,33.2,78.77,39.66,2.62,15.17,77.9805868332944,78.0599053067852,-0.710094693214842
"Utqiagvik","BNL1894",20160711,"SAPU15","SVC_HR-1024i",504.9,32.4,65.35,33,2.12,15.58,73.8595124630126,74.22785303319,8.87785303318998
"Utqiagvik","BNL1794",20150723,"SAPU15","SVC_HR-1024i",507.4,26.5,89.08,45.2,2.36,19.15,101.555066355315,102.347738141451,13.267738141451
"Utqiagvik","BNL1238",20130725,"SAPU15","ASD_FieldSpec_3",493.8,30.9,70.12,34.63,2.17,15.98,71.5640205054756,71.294276180275,1.17427618027503
"Utqiagvik","BNL1896",20160711,"SAPU15","SVC_HR-1024i",500.1,35.7,80.32,40.17,2.87,14.01,78.9100587695203,78.8965360681573,-1.42346393184273
"Utqiagvik","BNL1984",20160714,"SAPU15","SVC_HR-1024i",495.1,40.6,80.63,39.92,3.27,12.19,80.8165398064067,80.77807911167,0.148079111670043
"Utqiagvik","BNL1244",20130725,"SAPU15","ASD_FieldSpec_3",506.6,25.6,90.76,45.98,2.32,19.79,82.3310059048041,82.149098764594,-8.61090123540599
"Utqiagvik","BNL2060",20160717,"SAPU15","SVC_HR-1024i",486.9,41.8,73.99,36.02,3.09,11.65,74.2981267086543,74.2507432830437,0.260743283043681
"Utqiagvik","BNL2067",20160717,"SAPU15","SVC_HR-1024i",506.6,32.1,65.67,33.27,2.11,15.78,79.0460933976403,79.5336471191947,13.8636471191947
"Utqiagvik","BNL1240",20130725,"SAPU15","ASD_FieldSpec_3",489.9,30.7,78.32,38.37,2.4,15.96,75.5329140471821,75.4087189769113,-2.91128102308869
"Utqiagvik","BNL1251",20130725,"SAPU15","ASD_FieldSpec_3",497.9,27.6,88.58,44.1,2.44,18.04,88.6535633159474,88.4205490152395,-0.159450984760511
"Utqiagvik","BNL1962",20160713,"SAPU15","SVC_HR-1024i",491,44.6,60.79,29.85,2.71,11.01,63.6753300477555,63.805755136185,3.015755136185
"Utqiagvik","BNL1737",20150715,"SAPU15","SVC_HR-1024i",496.4,28.3,89.45,44.4,2.53,17.54,111.455036814956,112.561308577638,23.1113085776381
"Utqiagvik","BNL1895",20160711,"SAPU15","SVC_HR-1024i",524.2,29.8,70.8,37.11,2.11,17.59,78.5023757366755,78.9637192788467,8.1637192788467
"Utqiagvik","BNL2106",20160718,"SAPU15","SVC_HR-1024i",488.9,36.9,83.56,40.85,3.08,13.25,87.6577099775283,87.817418926338,4.25741892633798
"Utqiagvik","BNL1978",20160714,"SAPU15","SVC_HR-1024i",473.1,35.8,81.3,38.46,2.91,13.22,76.2931080496321,75.5827136351178,-5.71728636488221
"Utqiagvik","BNL1253",20130725,"SAPU15","ASD_FieldSpec_3",501.4,28.3,80.68,40.45,2.28,17.72,85.1505449928336,85.1650043331406,4.48500433314058
"Utqiagvik","BNL2059",20160717,"SAPU15","SVC_HR-1024i",494.4,33.5,71.35,35.28,2.39,14.76,75.5988965736932,75.6193779049237,4.26937790492367
"Utqiagvik","BNL1260",20130725,"SAPU6","ASD_FieldSpec_3",431.7,21.4,64.85,28,1.39,20.17,71.3683033447713,72.0499950745119,7.19999507451189
"Utqiagvik","BNL1248",20130725,"SAPU6","ASD_FieldSpec_3",434.8,21.1,82.26,35.77,1.74,20.61,83.1837025996932,82.9440041630906,0.684004163090577
"Utqiagvik","BNL1725",20150715,"SAPU6","SVC_HR-1024i",416.1,20.6,64.56,26.86,1.33,20.2,78.2387504241377,79.3396870608183,14.7796870608183
"Utqiagvik","BNL1730",20150715,"SAPU6","SVC_HR-1024i",420.5,19.1,60.99,25.65,1.16,22.02,85.5087490559009,87.180028397873,26.190028397873
"Utqiagvik","BNL1256",20130725,"SAPU6","ASD_FieldSpec_3",421.7,21.8,81.75,34.47,1.78,19.34,76.2978771707593,76.1543940650689,-5.59560593493114
"Utqiagvik","BNL1266",20130725,"SAPU6","ASD_FieldSpec_3",430.3,18.5,71.1,30.59,1.32,23.26,74.0548010319051,76.7417013119491,5.64170131194915
"Utqiagvik","BNL1262",20130725,"SAPU6","ASD_FieldSpec_3",433.4,20.2,87.19,37.79,1.76,21.46,66.7997389341511,65.0384942651231,-22.1515057348768
"Utqiagvik","BNL1268",20130725,"SAPU6","ASD_FieldSpec_3",442,16.8,96.87,42.81,1.63,26.31,87.7292773721604,87.1296086346188,-9.74039136538116
"Utqiagvik","BNL1728",20150715,"SAPU6","SVC_HR-1024i",431.8,21.8,64.22,27.73,1.4,19.81,75.388970447617,76.1354448896695,11.9154448896695
"Utqiagvik","BNL1727",20150715,"SAPU6","SVC_HR-1024i",436.1,21.8,68.22,29.75,1.49,20,78.0856701927459,79.2746420184354,11.0546420184354
"Utqiagvik","BNL1729",20150715,"SAPU6","SVC_HR-1024i",423.7,20.3,67.36,28.54,1.37,20.87,77.7974451870058,78.3043974524369,10.9443974524369
"Utqiagvik","BNL1272",20130725,"SAPU6","ASD_FieldSpec_3",435.5,22.2,78.31,34.1,1.74,19.62,74.6256921452731,74.3123208598391,-3.99767914016086
