"","Jmax25_Rog.13.comps"
"(Intercept)",406.975156362797
"Wave_500",3.08139431775908
"Wave_501",3.21379814448761
"Wave_502",3.19461298537307
"Wave_503",3.03410121885551
"Wave_504",2.83879239612179
"Wave_505",2.74547100764869
"Wave_506",2.75290496237973
"Wave_507",2.75935227639981
"Wave_508",2.50713165356744
"Wave_509",2.42996483781981
"Wave_510",2.54100850856873
"Wave_511",2.12192305158683
"Wave_512",1.99381365380416
"Wave_513",2.06100349434449
"Wave_514",2.01410277773286
"Wave_515",2.01309277081585
"Wave_516",1.85427390136121
"Wave_517",1.4222711399607
"Wave_518",1.15660771109319
"Wave_519",1.03969981297587
"Wave_520",1.00471068292088
"Wave_521",0.855533528320762
"Wave_522",0.67812756624362
"Wave_523",0.439699253404008
"Wave_524",0.0618672510057284
"Wave_525",-0.188876616644462
"Wave_526",-0.301538108381685
"Wave_527",-0.230820937546716
"Wave_528",-0.297430490874671
"Wave_529",-0.343152513301352
"Wave_530",-0.34289343657882
"Wave_531",-0.433444274219676
"Wave_532",-0.54316978404953
"Wave_533",-0.626057144669695
"Wave_534",-0.735786999158568
"Wave_535",-0.676321518196259
"Wave_536",-0.524438469556526
"Wave_537",-0.368090652366028
"Wave_538",-0.252378802797576
"Wave_539",-0.309923844330797
"Wave_540",-0.403699196065962
"Wave_541",-0.5175606589403
"Wave_542",-0.630027279130895
"Wave_543",-0.587393431739687
"Wave_544",-0.490665025703898
"Wave_545",-0.399135896411235
"Wave_546",-0.333262473773062
"Wave_547",-0.383328555423065
"Wave_548",-0.517007780774686
"Wave_549",-0.490526986823907
"Wave_550",-0.455838497208081
"Wave_551",-0.485315745875182
"Wave_552",-0.514086027424317
"Wave_553",-0.334651542363833
"Wave_554",-0.271168557205007
"Wave_555",-0.354974537097227
"Wave_556",-0.306494129623245
"Wave_557",-0.389869145523942
"Wave_558",-0.555947935960163
"Wave_559",-0.524410128696112
"Wave_560",-0.32653261647844
"Wave_561",-0.223504021741827
"Wave_562",-0.160836526017122
"Wave_563",-0.0397772831179838
"Wave_564",0.0669334829308351
"Wave_565",0.182058938488649
"Wave_566",0.230159378697802
"Wave_567",0.567154393175671
"Wave_568",0.814158612928026
"Wave_569",1.02147025035961
"Wave_570",1.11508538121287
"Wave_571",1.15914745923851
"Wave_572",1.14146382296678
"Wave_573",1.09689542598814
"Wave_574",1.08663192026219
"Wave_575",1.08493515602609
"Wave_576",1.11359397322648
"Wave_577",1.08565057733018
"Wave_578",1.03497401266865
"Wave_579",0.978237421707169
"Wave_580",0.944873788328291
"Wave_581",0.961903582818576
"Wave_582",0.875104182015288
"Wave_583",0.798223195989558
"Wave_584",0.770287611904157
"Wave_585",0.654970850736907
"Wave_586",0.601571902623617
"Wave_587",0.582030400996753
"Wave_588",0.365924910635228
"Wave_589",0.316870865555568
"Wave_590",0.36404133778701
"Wave_591",0.43157000245638
"Wave_592",0.406487596912199
"Wave_593",0.289306505378133
"Wave_594",0.125363560517575
"Wave_595",0.02240055425891
"Wave_596",-0.0967915654108019
"Wave_597",-0.0998970252130357
"Wave_598",-0.0248871181076727
"Wave_599",-0.0341796101939505
"Wave_600",-0.0319513237288648
"Wave_601",-0.0515378323419765
"Wave_602",-0.107175750005496
"Wave_603",-0.106329809656701
"Wave_604",-0.0210406321972438
"Wave_605",0.0399625994935797
"Wave_606",-0.00704364843449316
"Wave_607",0.013734358731505
"Wave_608",0.00104398320053856
"Wave_609",-0.0778162668435693
"Wave_610",-0.196656335026404
"Wave_611",-0.255565538787415
"Wave_612",-0.264216424365583
"Wave_613",-0.209480175280647
"Wave_614",-0.175571608065898
"Wave_615",-0.229514061076894
"Wave_616",-0.294800206975753
"Wave_617",-0.388836486579125
"Wave_618",-0.350007889658094
"Wave_619",-0.449969318570029
"Wave_620",-0.608413463286089
"Wave_621",-0.66201267793347
"Wave_622",-0.693409386989797
"Wave_623",-0.687822127629708
"Wave_624",-0.661601517002988
"Wave_625",-0.730749358998258
"Wave_626",-0.783541977130447
"Wave_627",-0.830136428333756
"Wave_628",-0.877856901527871
"Wave_629",-0.972780894454405
"Wave_630",-0.969979920301721
"Wave_631",-0.942999453106091
"Wave_632",-0.995738039404693
"Wave_633",-1.00363816418515
"Wave_634",-0.958409105422366
"Wave_635",-0.933394275840924
"Wave_636",-1.01214421411981
"Wave_637",-0.988179738687205
"Wave_638",-0.946697072642858
"Wave_639",-0.904328974349659
"Wave_640",-0.850351501067844
"Wave_641",-0.779698129626151
"Wave_642",-0.706808346022705
"Wave_643",-0.655615410419567
"Wave_644",-0.668590441532767
"Wave_645",-0.671472740890496
"Wave_646",-0.631626260151473
"Wave_647",-0.531462033721337
"Wave_648",-0.521715390842099
"Wave_649",-0.51780228947318
"Wave_650",-0.500051926671089
"Wave_651",-0.457622126917165
"Wave_652",-0.422563978187533
"Wave_653",-0.380888589620323
"Wave_654",-0.332089052472529
"Wave_655",-0.231025274733991
"Wave_656",-0.180485106209899
"Wave_657",-0.124505260010088
"Wave_658",-0.037413190457197
"Wave_659",0.0750713854102793
"Wave_660",0.187759047405491
"Wave_661",0.287803860273281
"Wave_662",0.357556604636077
"Wave_663",0.451174155565052
"Wave_664",0.580170484891236
"Wave_665",0.715987190935593
"Wave_666",0.865787852615258
"Wave_667",0.956325809679968
"Wave_668",0.969386944703035
"Wave_669",0.976271520022393
"Wave_670",1.08786150215789
"Wave_671",1.18724434333832
"Wave_672",1.2391124958036
"Wave_673",1.26989457897336
"Wave_674",1.31565082629438
"Wave_675",1.45187536493375
"Wave_676",1.55213534211165
"Wave_677",1.5788653004816
"Wave_678",1.51264209036933
"Wave_679",1.4816481050163
"Wave_680",1.45060259524991
"Wave_681",1.44000789976058
"Wave_682",1.50875047956341
"Wave_683",1.37130456357747
"Wave_684",1.13553978099434
"Wave_685",0.828463489513175
"Wave_686",0.514020353926492
"Wave_687",0.145580275596122
"Wave_688",-0.160254987090893
"Wave_689",-0.474205807844007
"Wave_690",-0.837455350803296
"Wave_691",-1.04984828433822
"Wave_692",-1.24986229407172
"Wave_693",-1.45844028686958
"Wave_694",-1.74234756048689
"Wave_695",-1.6526974511987
"Wave_696",-1.55734989534358
"Wave_697",-1.49847553087916
"Wave_698",-1.54277150337256
"Wave_699",-1.51218809837638
"Wave_700",-1.3647344889577
"Wave_701",-1.17428498548534
"Wave_702",-1.01706247880346
"Wave_703",-0.820622702146097
"Wave_704",-0.768530096436108
"Wave_705",-0.730832719088818
"Wave_706",-0.419923523330098
"Wave_707",-0.228643766576508
"Wave_708",-0.170506433120918
"Wave_709",-0.12390310694849
"Wave_710",-0.0166039742517533
"Wave_711",0.193319159518599
"Wave_712",0.225657896803207
"Wave_713",0.249801459068899
"Wave_714",0.256139979789278
"Wave_715",0.390901095247182
"Wave_716",0.38521583827543
"Wave_717",0.442409986136068
"Wave_718",0.5314994320774
"Wave_719",0.460480921299637
"Wave_720",0.451890207127637
"Wave_721",0.2788657132697
"Wave_722",0.143459430693856
"Wave_723",0.133945192285467
"Wave_724",0.223304897242092
"Wave_725",0.362638732454862
"Wave_726",0.247624505629196
"Wave_727",0.304998771616643
"Wave_728",0.3468486139551
"Wave_729",0.277589106156981
"Wave_730",0.430293333888662
"Wave_731",0.484277540581147
"Wave_732",0.490321561343753
"Wave_733",0.333539808220974
"Wave_734",0.339071852930408
"Wave_735",0.363434245176758
"Wave_736",0.479139831404216
"Wave_737",0.363572817628827
"Wave_738",0.37626306076257
"Wave_739",0.455467784388711
"Wave_740",0.505796372589035
"Wave_741",0.265031193713009
"Wave_742",0.26515601315859
"Wave_743",0.365768395407028
"Wave_744",0.417457593097237
"Wave_745",0.47766084555969
"Wave_746",0.301924725164435
"Wave_747",0.311512667254633
"Wave_748",0.297521191444611
"Wave_749",0.365273902918587
"Wave_750",0.281659868186581
"Wave_751",0.602343875676838
"Wave_752",0.735767651606031
"Wave_753",0.597756756420918
"Wave_754",0.439334960035392
"Wave_755",0.461393783114622
"Wave_756",0.421728451175477
"Wave_757",0.402453499803114
"Wave_758",0.457692020656253
"Wave_759",0.60558181283937
"Wave_760",0.58206913905362
"Wave_761",0.429445930035403
"Wave_762",0.253364130534902
"Wave_763",0.254346099830138
"Wave_764",0.328144180513402
"Wave_765",0.326715057367029
"Wave_766",0.325202098701082
"Wave_767",0.290238435642824
"Wave_768",0.0804620189292904
"Wave_769",0.0980774349038535
"Wave_770",0.0436455200772579
"Wave_771",-0.0870234659588778
"Wave_772",0.0366416545670676
"Wave_773",-0.0354900591263865
"Wave_774",-0.0642145244963185
"Wave_775",-0.0419383551829491
"Wave_776",-0.29371248136976
"Wave_777",-0.209708742390716
"Wave_778",-0.0933183330683965
"Wave_779",-0.0569541961154487
"Wave_780",-0.105735845297274
"Wave_781",-0.133988234995152
"Wave_782",-0.336615004910339
"Wave_783",-0.396955601119671
"Wave_784",-0.240208469894827
"Wave_785",-0.0333336070902881
"Wave_786",0.128419927223441
"Wave_787",0.130580673573412
"Wave_788",0.0269067577946281
"Wave_789",-0.0481118506787519
"Wave_790",-0.152612810634881
"Wave_791",-0.0549622168515631
"Wave_792",-0.075428344070018
"Wave_793",-0.178819841620094
"Wave_794",-0.281562401948895
"Wave_795",-0.0880198718623084
"Wave_796",-0.120205584814328
"Wave_797",-0.0793390616596225
"Wave_798",0.103285548163373
"Wave_799",0.20936238200995
"Wave_800",0.203516182908405
"Wave_801",0.185588620736268
"Wave_802",0.0960532858154474
"Wave_803",-0.0700101460828808
"Wave_804",0.0841438488958125
"Wave_805",0.187618799683759
"Wave_806",0.234403351596185
"Wave_807",0.354534057382344
"Wave_808",0.467372415333517
"Wave_809",0.138460763552776
"Wave_810",0.154972861972349
"Wave_811",0.270202647836947
"Wave_812",0.346496234536259
"Wave_813",0.481215705844359
"Wave_814",0.487414451703505
"Wave_815",0.228160039971191
"Wave_816",0.114517481745797
"Wave_817",0.0853609360697901
"Wave_818",-0.0768604864271007
"Wave_819",0.53843674750171
"Wave_820",0.6731046477692
"Wave_821",0.552163849500914
"Wave_822",0.353919844084958
"Wave_823",0.280987520758284
"Wave_824",0.418268683256463
"Wave_825",0.425599393976367
"Wave_826",0.414126313847785
"Wave_827",0.362018337796496
"Wave_828",0.423521891022336
"Wave_829",0.326192235855323
"Wave_830",0.392015298315454
"Wave_831",0.36111212220042
"Wave_832",0.167916262167157
"Wave_833",0.196906610959491
"Wave_834",0.369772715915365
"Wave_835",0.34620257449904
"Wave_836",0.202430856642104
"Wave_837",0.125728782371259
"Wave_838",0.150264431539392
"Wave_839",-0.0170216787169753
"Wave_840",-0.0878045852963266
"Wave_841",-0.146454550807143
"Wave_842",-0.0424310710390026
"Wave_843",0.302358167035282
"Wave_844",0.0317134515266091
"Wave_845",0.0984803561113491
"Wave_846",0.0688092183898257
"Wave_847",-0.0505492256057805
"Wave_848",-0.369017249583218
"Wave_849",-0.340674524037352
"Wave_850",-0.372417398017948
"Wave_851",-0.424269264481285
"Wave_852",-0.436051427174596
"Wave_853",-0.232903293645095
"Wave_854",-0.0598270490734657
"Wave_855",-0.428535755546568
"Wave_856",-0.322602316223057
"Wave_857",-0.270934451216799
"Wave_858",-0.430531033618789
"Wave_859",-0.372519865600027
"Wave_860",-0.496233046715464
"Wave_861",-0.216905791065784
"Wave_862",-0.371300522514169
"Wave_863",-0.627806983756605
"Wave_864",-0.657641669539226
"Wave_865",-0.595424872719995
"Wave_866",-0.600018230068901
"Wave_867",-0.461623311014034
"Wave_868",-0.320027908232381
"Wave_869",-0.241411616598235
"Wave_870",-0.422397756564722
"Wave_871",-0.776740563484129
"Wave_872",-0.664915090370656
"Wave_873",-0.624772087804651
"Wave_874",-0.466063168904626
"Wave_875",-0.294858868470939
"Wave_876",-0.334514919966189
"Wave_877",-0.445258019764531
"Wave_878",-0.539330269016885
"Wave_879",-0.443855332501507
"Wave_880",-0.41856659897661
"Wave_881",-0.371177531951507
"Wave_882",-0.389862264370526
"Wave_883",-0.804924533375738
"Wave_884",-0.887667455588937
"Wave_885",-0.780323626377869
"Wave_886",-0.613074674914704
"Wave_887",-0.502450971247093
"Wave_888",-0.5231923352304
"Wave_889",-0.685440756639965
"Wave_890",-0.390314280084247
"Wave_891",-0.257942252601503
"Wave_892",-0.1505796935428
"Wave_893",-0.205121245527761
"Wave_894",-0.261550285572561
"Wave_895",-0.144802485420929
"Wave_896",-0.536721507065839
"Wave_897",-0.423107497171162
"Wave_898",-0.151766108834445
"Wave_899",0.0406418308603014
"Wave_900",0.00774547196124836
"Wave_901",-0.01178531504825
"Wave_902",0.170069132606979
"Wave_903",-0.171873663403131
"Wave_904",-0.378023581418481
"Wave_905",-0.137935289603417
"Wave_906",0.181741960726911
"Wave_907",0.177334734531049
"Wave_908",-0.0759370663004018
"Wave_909",-0.0728959458446486
"Wave_910",0.107621538103979
"Wave_911",0.0380098882534329
"Wave_912",-0.00348172238900159
"Wave_913",0.155025031943604
"Wave_914",0.261647936295654
"Wave_915",0.294199739429432
"Wave_916",0.524053928748133
"Wave_917",0.278513668587007
"Wave_918",-0.134486191606367
"Wave_919",-0.238886713015814
"Wave_920",0.274470962046101
"Wave_921",0.0258589675241168
"Wave_922",0.314312272348229
"Wave_923",0.0495765386763715
"Wave_924",-0.338700087243277
"Wave_925",-0.346546758731554
"Wave_926",0.0160523545747254
"Wave_927",0.464855806742269
"Wave_928",1.194407964121
"Wave_929",0.457313301648321
"Wave_930",-0.252835869030473
"Wave_931",-0.379941481957935
"Wave_932",0.239939420623535
"Wave_933",0.742646783146986
"Wave_934",0.548476763669767
"Wave_935",0.318166052904292
"Wave_936",0.298204009185146
"Wave_937",0.0952944880861513
"Wave_938",-0.00960540461371934
"Wave_939",0.275814002043888
"Wave_940",0.720415122682736
"Wave_941",0.720175137601324
"Wave_942",0.317629834203994
"Wave_943",-0.297297319015342
"Wave_944",-0.255387593689984
"Wave_945",-0.00652207545501421
"Wave_946",0.0456310954479091
"Wave_947",-0.0610471963476238
"Wave_948",0.00451746035022796
"Wave_949",0.438010379399095
"Wave_950",0.271676661616047
"Wave_951",0.331106040754394
"Wave_952",0.535288359951895
"Wave_953",0.51525923621893
"Wave_954",0.159548209309721
"Wave_955",-0.184920881914801
"Wave_956",-0.489960237755331
"Wave_957",0.315190902167737
"Wave_958",0.671092712543519
"Wave_959",0.590920240162995
"Wave_960",0.375467144919754
"Wave_961",0.207347692171394
"Wave_962",-0.0419484999555658
"Wave_963",0.0586640001421028
"Wave_964",0.612086314062647
"Wave_965",0.841019612884564
"Wave_966",0.316757330847838
"Wave_967",-0.31354633644426
"Wave_968",-0.379441213285584
"Wave_969",-0.17176538710983
"Wave_970",0.106257719132535
"Wave_971",0.257037754389964
"Wave_972",0.432073520678452
"Wave_973",0.302658172096491
"Wave_974",0.183980630418
"Wave_975",0.0389208980451848
"Wave_976",-0.201125674709755
"Wave_977",-0.546815674898169
"Wave_978",-0.899991442210643
"Wave_979",-1.20407214323501
"Wave_980",-1.10938974358565
"Wave_981",-0.766554413184988
"Wave_982",-0.424842519350054
"Wave_983",-0.0374131359795973
"Wave_984",-0.0271723583273405
"Wave_985",-0.122525899788905
"Wave_986",-0.186875801480303
"Wave_987",-0.23061698922728
"Wave_988",-0.20640957166218
"Wave_989",-0.155593397188611
"Wave_990",-0.0804657499772365
"Wave_991",0.0181508609377354
"Wave_992",0.172665996311103
"Wave_993",0.304461028546941
"Wave_994",0.450132301151645
"Wave_995",0.566696158150351
"Wave_996",0.503985593245039
"Wave_997",0.445420642754714
"Wave_998",0.388959115583495
"Wave_999",0.397734106109892
"Wave_1000",0.461774383398164
"Wave_1001",0.532349099341316
"Wave_1002",0.612475924528524
"Wave_1003",0.621323325132044
"Wave_1004",0.613570981245457
"Wave_1005",0.598086281148939
"Wave_1006",0.562507513663518
"Wave_1007",0.538971503247948
"Wave_1008",0.489225736742005
"Wave_1009",0.432883010400749
"Wave_1010",0.382701626228755
"Wave_1011",0.3886214964218
"Wave_1012",0.400478720665062
"Wave_1013",0.405171874913957
"Wave_1014",0.419236818408762
"Wave_1015",0.420335957725636
"Wave_1016",0.422596474901438
"Wave_1017",0.398077734260706
"Wave_1018",0.335618747003822
"Wave_1019",0.316501362634713
"Wave_1020",0.317859516090531
"Wave_1021",0.300094041050683
"Wave_1022",0.30490024968936
"Wave_1023",0.262801842188383
"Wave_1024",0.220808857446655
"Wave_1025",0.150513289708751
"Wave_1026",0.100615096473171
"Wave_1027",0.0944371233175231
"Wave_1028",0.0829675162410101
"Wave_1029",0.0466729829016724
"Wave_1030",0.0187148873055122
"Wave_1031",0.019551092105004
"Wave_1032",0.00652612435549989
"Wave_1033",-0.0076536959466914
"Wave_1034",-0.0161997390563646
"Wave_1035",-0.0201633428384278
"Wave_1036",-0.0404787130128646
"Wave_1037",-0.0466061469213327
"Wave_1038",-0.0767370615657382
"Wave_1039",-0.114979262905082
"Wave_1040",-0.154296507097761
"Wave_1041",-0.184001967064174
"Wave_1042",-0.16757421328439
"Wave_1043",-0.140720994488921
"Wave_1044",-0.122497327857941
"Wave_1045",-0.143834700740271
"Wave_1046",-0.158675237516311
"Wave_1047",-0.170974252715325
"Wave_1048",-0.190091901914997
"Wave_1049",-0.177584176103655
"Wave_1050",-0.192515254578845
"Wave_1051",-0.200406736877215
"Wave_1052",-0.182194298054143
"Wave_1053",-0.191712711872406
"Wave_1054",-0.201986948392208
"Wave_1055",-0.21165594502994
"Wave_1056",-0.210112315661141
"Wave_1057",-0.186632149589855
"Wave_1058",-0.163560580880028
"Wave_1059",-0.157645239304586
"Wave_1060",-0.185506307545829
"Wave_1061",-0.194779946872002
"Wave_1062",-0.204009784236498
"Wave_1063",-0.20380407379619
"Wave_1064",-0.176898639839546
"Wave_1065",-0.180741617128648
"Wave_1066",-0.172766585749373
"Wave_1067",-0.151712222755504
"Wave_1068",-0.171740108655769
"Wave_1069",-0.186843725768965
"Wave_1070",-0.199903009341805
"Wave_1071",-0.256186746934994
"Wave_1072",-0.286435709740142
"Wave_1073",-0.319017763898202
"Wave_1074",-0.346362608240266
"Wave_1075",-0.379126656773279
"Wave_1076",-0.372090628131932
"Wave_1077",-0.348104637725433
"Wave_1078",-0.337762606325868
"Wave_1079",-0.265773478931
"Wave_1080",-0.259088432058076
"Wave_1081",-0.272227555876006
"Wave_1082",-0.290549617196251
"Wave_1083",-0.289075419619584
"Wave_1084",-0.276397238535242
"Wave_1085",-0.265073322944727
"Wave_1086",-0.255337237410408
"Wave_1087",-0.250460414387545
"Wave_1088",-0.238585514854312
"Wave_1089",-0.205683018346653
"Wave_1090",-0.17457253374183
"Wave_1091",-0.137634265507374
"Wave_1092",-0.176781803163948
"Wave_1093",-0.189921125645483
"Wave_1094",-0.2549817332057
"Wave_1095",-0.27085440309208
"Wave_1096",-0.291098234380193
"Wave_1097",-0.299677706329323
"Wave_1098",-0.317350032636721
"Wave_1099",-0.303438857059365
"Wave_1100",-0.311323682798168
"Wave_1101",-0.330383171902969
"Wave_1102",-0.341383170060704
"Wave_1103",-0.328838505088893
"Wave_1104",-0.363837930178288
"Wave_1105",-0.34153773564894
"Wave_1106",-0.341142171508829
"Wave_1107",-0.333220008372456
"Wave_1108",-0.342276677588067
"Wave_1109",-0.327622518330565
"Wave_1110",-0.349291920839906
"Wave_1111",-0.317332763551763
"Wave_1112",-0.291002977917137
"Wave_1113",-0.27021970718747
"Wave_1114",-0.244917092681821
"Wave_1115",-0.194619823871431
"Wave_1116",-0.196785493036611
"Wave_1117",-0.150023265430142
"Wave_1118",-0.145927697265805
"Wave_1119",-0.143922615048591
"Wave_1120",-0.160413988018005
"Wave_1121",-0.159324634717105
"Wave_1122",-0.171243982952962
"Wave_1123",-0.158618999485253
"Wave_1124",-0.17369978251391
"Wave_1125",-0.191029766710525
"Wave_1126",-0.152812906700448
"Wave_1127",-0.0908781492471609
"Wave_1128",-0.102072174875984
"Wave_1129",-0.0424434022604663
"Wave_1130",-0.00747545884028569
"Wave_1131",0.0164349417519881
"Wave_1132",0.029912074788216
"Wave_1133",0.0804479690760441
"Wave_1134",0.136630330350252
"Wave_1135",0.15976685671281
"Wave_1136",0.17702806589999
"Wave_1137",0.209309681178096
"Wave_1138",0.228876201837617
"Wave_1139",0.225500092577911
"Wave_1140",0.190202363349918
"Wave_1141",0.201764556371406
"Wave_1142",0.214130309353754
"Wave_1143",0.264836320097039
"Wave_1144",0.275446944499677
"Wave_1145",0.226567381122567
"Wave_1146",0.163153380960005
"Wave_1147",0.161942200783291
"Wave_1148",0.141670213553699
"Wave_1149",0.116183211730265
"Wave_1150",0.0991959990977392
"Wave_1151",0.0848365171852321
"Wave_1152",0.048049962169272
"Wave_1153",0.0632980797402665
"Wave_1154",0.106594283125481
"Wave_1155",0.192839463174557
"Wave_1156",0.151756299557747
"Wave_1157",0.0765769470339408
"Wave_1158",-0.00347011360579383
"Wave_1159",-0.0569417144823094
"Wave_1160",-0.101429479461977
"Wave_1161",-0.144124446752081
"Wave_1162",-0.159316867559667
"Wave_1163",-0.174470245902602
"Wave_1164",-0.214180632522952
"Wave_1165",-0.235736672514215
"Wave_1166",-0.254059618944859
"Wave_1167",-0.272192810822071
"Wave_1168",-0.279729127674391
"Wave_1169",-0.300187510773371
"Wave_1170",-0.312812139644609
"Wave_1171",-0.301503012239766
"Wave_1172",-0.287489180218444
"Wave_1173",-0.28655915187633
"Wave_1174",-0.272746380472925
"Wave_1175",-0.265076461676652
"Wave_1176",-0.197328987140656
"Wave_1177",-0.219674667788792
"Wave_1178",-0.239134562791739
"Wave_1179",-0.247423578401877
"Wave_1180",-0.257944662492004
"Wave_1181",-0.270611902646482
"Wave_1182",-0.278754687079777
"Wave_1183",-0.291853570360106
"Wave_1184",-0.306740595267641
"Wave_1185",-0.312150295965015
"Wave_1186",-0.315785253664511
"Wave_1187",-0.327841406659045
"Wave_1188",-0.348620036089235
"Wave_1189",-0.349147890966616
"Wave_1190",-0.321774092887711
"Wave_1191",-0.298428673502132
"Wave_1192",-0.244490760748425
"Wave_1193",-0.184547745678833
"Wave_1194",-0.209965472542325
"Wave_1195",-0.246827768456456
"Wave_1196",-0.286722434341393
"Wave_1197",-0.298777049310303
"Wave_1198",-0.288563352953745
"Wave_1199",-0.275682777419196
"Wave_1200",-0.266259423730696
"Wave_1201",-0.264909754449586
"Wave_1202",-0.269517683569162
"Wave_1203",-0.274707470324036
"Wave_1204",-0.291191697282102
"Wave_1205",-0.302905749491648
"Wave_1206",-0.3091572181805
"Wave_1207",-0.314344000983979
"Wave_1208",-0.315801767315945
"Wave_1209",-0.347662320703719
"Wave_1210",-0.384561589090063
"Wave_1211",-0.42103066008945
"Wave_1212",-0.44166519746537
"Wave_1213",-0.431240084379101
"Wave_1214",-0.414060979979309
"Wave_1215",-0.394215257020186
"Wave_1216",-0.360314533178104
"Wave_1217",-0.317088737576015
"Wave_1218",-0.265685370064458
"Wave_1219",-0.227254737277472
"Wave_1220",-0.220364113061467
"Wave_1221",-0.228550176074597
"Wave_1222",-0.242405199269946
"Wave_1223",-0.261577197989886
"Wave_1224",-0.268004388244025
"Wave_1225",-0.284178645892419
"Wave_1226",-0.311619748840581
"Wave_1227",-0.331142386960735
"Wave_1228",-0.32868919458828
"Wave_1229",-0.314479385433543
"Wave_1230",-0.302975432473947
"Wave_1231",-0.287344008485442
"Wave_1232",-0.278309962488668
"Wave_1233",-0.255119709042056
"Wave_1234",-0.227718780683394
"Wave_1235",-0.201903444651473
"Wave_1236",-0.167916595110039
"Wave_1237",-0.139862278909572
"Wave_1238",-0.115072252502142
"Wave_1239",-0.0980363891479559
"Wave_1240",-0.0818638558905382
"Wave_1241",-0.0674750935415886
"Wave_1242",-0.0960186607264875
"Wave_1243",-0.128155909807086
"Wave_1244",-0.152121986909108
"Wave_1245",-0.154941073299989
"Wave_1246",-0.14378119031563
"Wave_1247",-0.138010122861846
"Wave_1248",-0.136923898694006
"Wave_1249",-0.150397684956748
"Wave_1250",-0.18047944098032
"Wave_1251",-0.195580139266628
"Wave_1252",-0.209817053591269
"Wave_1253",-0.197894614740554
"Wave_1254",-0.178633502186913
"Wave_1255",-0.152260453373178
"Wave_1256",-0.122345756845515
"Wave_1257",-0.102513314396983
"Wave_1258",-0.0681655134903745
"Wave_1259",-0.0356835191679351
"Wave_1260",-0.018991150889417
"Wave_1261",-0.0194556349636829
"Wave_1262",-0.0322288791177264
"Wave_1263",-0.0561930794434979
"Wave_1264",-0.0402271412280718
"Wave_1265",-0.0287327559008773
"Wave_1266",-0.0115103558822515
"Wave_1267",0.00854739253834866
"Wave_1268",0.0365314964991403
"Wave_1269",0.0246881244651857
"Wave_1270",0.00982658923368131
"Wave_1271",0.0162189860232395
"Wave_1272",0.0183278150826374
"Wave_1273",0.0221834014271081
"Wave_1274",0.0435406805621715
"Wave_1275",0.0623854234874742
"Wave_1276",0.140724417679824
"Wave_1277",0.137786709994125
"Wave_1278",0.129412688216713
"Wave_1279",0.120734361586617
"Wave_1280",0.137741044408969
"Wave_1281",0.166774993362577
"Wave_1282",0.20128492355583
"Wave_1283",0.222401993349447
"Wave_1284",0.197735483493195
"Wave_1285",0.19623634394429
"Wave_1286",0.171636448882548
"Wave_1287",0.161698179637053
"Wave_1288",0.154528958052417
"Wave_1289",0.139540736631189
"Wave_1290",0.148456158314701
"Wave_1291",0.145694695614224
"Wave_1292",0.157406242603261
"Wave_1293",0.167497968033694
"Wave_1294",0.162702292656855
"Wave_1295",0.142895478447399
"Wave_1296",0.167613923861565
"Wave_1297",0.178876510058155
"Wave_1298",0.185263468525154
"Wave_1299",0.207168558022502
"Wave_1300",0.203350830635457
"Wave_1301",0.199064115838057
"Wave_1302",0.171114928580763
"Wave_1303",0.184264078450839
"Wave_1304",0.194126965170056
"Wave_1305",0.214175172722827
"Wave_1306",0.248181848289714
"Wave_1307",0.272934783437472
"Wave_1308",0.322864165176346
"Wave_1309",0.295438544973396
"Wave_1310",0.293507907539939
"Wave_1311",0.304942817209545
"Wave_1312",0.323502577329289
"Wave_1313",0.355210864377291
"Wave_1314",0.375339499398167
"Wave_1315",0.383645512439078
"Wave_1316",0.381962339728576
"Wave_1317",0.335383639169557
"Wave_1318",0.339363530813171
"Wave_1319",0.305162140316206
"Wave_1320",0.291441925252063
"Wave_1321",0.287090588681728
"Wave_1322",0.261285579579707
"Wave_1323",0.270957274012
"Wave_1324",0.271415315697195
"Wave_1325",0.279595570904807
"Wave_1326",0.354056955668842
"Wave_1327",0.386490023012221
"Wave_1328",0.387021555552788
"Wave_1329",0.384277271807819
"Wave_1330",0.411330057876374
"Wave_1331",0.41624844015302
"Wave_1332",0.424173336413529
"Wave_1333",0.439397330650307
"Wave_1334",0.45081904634124
"Wave_1335",0.458570309690175
"Wave_1336",0.462745297439491
"Wave_1337",0.454190273722009
"Wave_1338",0.431474491842482
"Wave_1339",0.410205478620275
"Wave_1340",0.399813766485341
"Wave_1341",0.362633581621574
"Wave_1342",0.332254219254093
"Wave_1343",0.293515050201827
"Wave_1344",0.268373112816159
"Wave_1345",0.234031686944443
"Wave_1346",0.175458166474785
"Wave_1347",0.131978426928601
"Wave_1348",0.0478165524070896
"Wave_1349",-0.00762907560134717
"Wave_1350",-0.0551644667127863
"Wave_1351",-0.103400079458483
"Wave_1352",-0.0967323471344809
"Wave_1353",-0.11034920174296
"Wave_1354",-0.119281439834849
"Wave_1355",-0.115865952001292
"Wave_1356",-0.103302143961986
"Wave_1357",-0.083474558129579
"Wave_1358",-0.116838377656264
"Wave_1359",-0.0978318040961005
"Wave_1360",-0.075423577206831
"Wave_1361",-0.078936919171805
"Wave_1362",-0.0488748611013566
"Wave_1363",0.0159642333416215
"Wave_1364",0.0882679406111713
"Wave_1365",0.122324563270973
"Wave_1366",0.160345876811366
"Wave_1367",0.221306491626249
"Wave_1368",0.26761708065638
"Wave_1369",0.259901134087705
"Wave_1370",0.320784226057647
"Wave_1371",0.395424860114281
"Wave_1372",0.435001689864371
"Wave_1373",0.399681582547916
"Wave_1374",0.455671939414638
"Wave_1375",0.521931342018909
"Wave_1376",0.481198901953003
"Wave_1377",0.443975509073905
"Wave_1378",0.520614193114006
"Wave_1379",0.59079951264985
"Wave_1380",0.517700261670265
"Wave_1381",0.508508085503958
"Wave_1382",0.527716520821856
"Wave_1383",0.518712014967731
"Wave_1384",0.390055162686741
"Wave_1385",0.344266205986263
"Wave_1386",0.323740310416571
"Wave_1387",0.283011603692916
"Wave_1388",0.226666985367551
"Wave_1389",0.187135061564457
"Wave_1390",0.151724992992032
"Wave_1391",0.0612923702379853
"Wave_1392",-0.0313886609479791
"Wave_1393",-0.113092164227614
"Wave_1394",-0.179963937964703
"Wave_1395",-0.176955319109523
"Wave_1396",-0.242857186299822
"Wave_1397",-0.324575546053554
"Wave_1398",-0.375408383035591
"Wave_1399",-0.354610782777898
"Wave_1400",-0.415804391420585
"Wave_1401",-0.472631120360106
"Wave_1402",-0.457276393107133
"Wave_1403",-0.440286057936864
"Wave_1404",-0.491865660382586
"Wave_1405",-0.537789173792479
"Wave_1406",-0.450797421432582
"Wave_1407",-0.42184301751744
"Wave_1408",-0.414024592083947
"Wave_1409",-0.379338649331303
"Wave_1410",-0.258479627506009
"Wave_1411",-0.248579516617035
"Wave_1412",-0.245561938009707
"Wave_1413",-0.20745968548801
"Wave_1414",-0.146497794005858
"Wave_1415",-0.156983254624041
"Wave_1416",-0.173341721221641
"Wave_1417",-0.102530558358536
"Wave_1418",-0.0572052342942168
"Wave_1419",-0.0324122712334983
"Wave_1420",-0.000803091507974297
"Wave_1421",0.0852441676351582
"Wave_1422",0.0994383224920626
"Wave_1423",0.0999676879823976
"Wave_1424",0.116928577941921
"Wave_1425",0.147164948903849
"Wave_1426",0.185826881091055
"Wave_1427",0.222428506344433
"Wave_1428",0.267801622108112
"Wave_1429",0.305165294801775
"Wave_1430",0.32248036296719
"Wave_1431",0.343052209970326
"Wave_1432",0.385780681144954
"Wave_1433",0.37550312932372
"Wave_1434",0.351650604706924
"Wave_1435",0.34003317762733
"Wave_1436",0.362022804656277
"Wave_1437",0.370361660525995
"Wave_1438",0.381672144502859
"Wave_1439",0.399395981462442
"Wave_1440",0.416500824988129
"Wave_1441",0.423722314741038
"Wave_1442",0.427194076287427
"Wave_1443",0.437736762703657
"Wave_1444",0.434585479024066
"Wave_1445",0.42062924251352
"Wave_1446",0.415668215949279
"Wave_1447",0.421208689323106
"Wave_1448",0.432827310466607
"Wave_1449",0.440209786341358
"Wave_1450",0.447281579405585
"Wave_1451",0.441480120311436
"Wave_1452",0.413220773287123
"Wave_1453",0.378315525854484
"Wave_1454",0.360390331752655
"Wave_1455",0.336606252776979
"Wave_1456",0.316988059209194
"Wave_1457",0.296416604031418
"Wave_1458",0.312113875709158
"Wave_1459",0.280973373154402
"Wave_1460",0.259488406254335
"Wave_1461",0.247603567642727
"Wave_1462",0.223063676381433
"Wave_1463",0.18905283881421
"Wave_1464",0.152309444602077
"Wave_1465",0.147804608252178
"Wave_1466",0.130175542963074
"Wave_1467",0.102517162792909
"Wave_1468",0.0822135373648764
"Wave_1469",0.0795820448247552
"Wave_1470",0.0592098029365122
"Wave_1471",0.0262294440468148
"Wave_1472",0.00652337289576496
"Wave_1473",-0.0078435039954133
"Wave_1474",-0.0267412552732646
"Wave_1475",-0.0476000819310658
"Wave_1476",-0.0661852682989085
"Wave_1477",-0.0924187998958812
"Wave_1478",-0.124903919153658
"Wave_1479",-0.164573079803265
"Wave_1480",-0.187341938114072
"Wave_1481",-0.217412105854223
"Wave_1482",-0.242278554670769
"Wave_1483",-0.258539704749233
"Wave_1484",-0.273063938134381
"Wave_1485",-0.292323469350101
"Wave_1486",-0.320182965949381
"Wave_1487",-0.331283429840923
"Wave_1488",-0.350700910178186
"Wave_1489",-0.384436913667483
"Wave_1490",-0.41708840516662
"Wave_1491",-0.442516938542351
"Wave_1492",-0.48152525331395
"Wave_1493",-0.535162670222735
"Wave_1494",-0.586056751136175
"Wave_1495",-0.621999963712076
"Wave_1496",-0.63168222404629
"Wave_1497",-0.635125004300219
"Wave_1498",-0.631428117976567
"Wave_1499",-0.612698239954417
"Wave_1500",-0.605842079098328
"Wave_1501",-0.584266255171491
"Wave_1502",-0.617837311092582
"Wave_1503",-0.657818223801952
"Wave_1504",-0.708945082805334
"Wave_1505",-0.760585168363881
"Wave_1506",-0.758737393846805
"Wave_1507",-0.750864673027037
"Wave_1508",-0.737339128875485
"Wave_1509",-0.752093818807405
"Wave_1510",-0.758219767344663
"Wave_1511",-0.75629136184668
"Wave_1512",-0.761073615969544
"Wave_1513",-0.743572301380431
"Wave_1514",-0.741086298898169
"Wave_1515",-0.741774671892196
"Wave_1516",-0.738964886550074
"Wave_1517",-0.717488217045498
"Wave_1518",-0.643301516957316
"Wave_1519",-0.594833166899193
"Wave_1520",-0.584494208287411
"Wave_1521",-0.612672115670579
"Wave_1522",-0.642853491871116
"Wave_1523",-0.671423141878978
"Wave_1524",-0.663845792811029
"Wave_1525",-0.642578451664353
"Wave_1526",-0.64757414492489
"Wave_1527",-0.64428369773474
"Wave_1528",-0.654861876092251
"Wave_1529",-0.644256800447712
"Wave_1530",-0.624654009435363
"Wave_1531",-0.603085304266202
"Wave_1532",-0.571555319601596
"Wave_1533",-0.546534471794491
"Wave_1534",-0.518928899438475
"Wave_1535",-0.520859318984755
"Wave_1536",-0.486319325008496
"Wave_1537",-0.454030046349422
"Wave_1538",-0.421711189109882
"Wave_1539",-0.397115443776558
"Wave_1540",-0.392003273280105
"Wave_1541",-0.394067329237179
"Wave_1542",-0.370357724630431
"Wave_1543",-0.359465713411367
"Wave_1544",-0.331114225104764
"Wave_1545",-0.28965994980856
"Wave_1546",-0.257266507243241
"Wave_1547",-0.243407740548522
"Wave_1548",-0.213909142523138
"Wave_1549",-0.201403664857505
"Wave_1550",-0.176216941744074
"Wave_1551",-0.127595211442517
"Wave_1552",-0.101341667342194
"Wave_1553",-0.0803054019255173
"Wave_1554",-0.0539338212324757
"Wave_1555",-0.0327992941690699
"Wave_1556",-0.0110215379018762
"Wave_1557",0.00911244748453
"Wave_1558",0.0162550592667029
"Wave_1559",0.0354722439002409
"Wave_1560",0.049609444276901
"Wave_1561",0.0476307290888122
"Wave_1562",0.0657071840427602
"Wave_1563",0.0661453649810714
"Wave_1564",0.060994608123914
"Wave_1565",0.0653946178009868
"Wave_1566",0.0818237279245039
"Wave_1567",0.0768799999300487
"Wave_1568",0.127190643223343
"Wave_1569",0.148952439943311
"Wave_1570",0.169956066065472
"Wave_1571",0.167313624829681
"Wave_1572",0.160256461152705
"Wave_1573",0.172722308788763
"Wave_1574",0.166022398839687
"Wave_1575",0.184357428211796
"Wave_1576",0.204361389436399
"Wave_1577",0.232665401726401
"Wave_1578",0.258693925087222
"Wave_1579",0.270486968953147
"Wave_1580",0.273691239604087
"Wave_1581",0.273871386833639
"Wave_1582",0.291848124385742
"Wave_1583",0.288905731849331
"Wave_1584",0.279637721677823
"Wave_1585",0.266546195719894
"Wave_1586",0.25769005216444
"Wave_1587",0.266715834778608
"Wave_1588",0.277562927454644
"Wave_1589",0.298402264701048
"Wave_1590",0.344963594675056
"Wave_1591",0.381106154045859
"Wave_1592",0.408391870958294
"Wave_1593",0.421341080852898
"Wave_1594",0.43299029184052
"Wave_1595",0.449702492245517
"Wave_1596",0.46337538256779
"Wave_1597",0.458682704236441
"Wave_1598",0.457717783216193
"Wave_1599",0.463246820504106
"Wave_1600",0.461712998153019
"Wave_1601",0.443144958215232
"Wave_1602",0.446531437118608
"Wave_1603",0.434952236393534
"Wave_1604",0.432241933056504
"Wave_1605",0.44385840387691
"Wave_1606",0.467059543959747
"Wave_1607",0.499361520399367
"Wave_1608",0.55752290347653
"Wave_1609",0.576826789349286
"Wave_1610",0.579980046246417
"Wave_1611",0.561885964326436
"Wave_1612",0.517820344845765
"Wave_1613",0.523624065455605
"Wave_1614",0.532802608722721
"Wave_1615",0.528498185592625
"Wave_1616",0.507896041177113
"Wave_1617",0.48539493626815
"Wave_1618",0.47112006060707
"Wave_1619",0.483605553422427
"Wave_1620",0.506513620000591
"Wave_1621",0.518518002874169
"Wave_1622",0.531332056779682
"Wave_1623",0.544173986740869
"Wave_1624",0.543919718856693
"Wave_1625",0.545688131093215
"Wave_1626",0.586390897487637
"Wave_1627",0.584316814087894
"Wave_1628",0.582042119686596
"Wave_1629",0.57874321856574
"Wave_1630",0.581452700896372
"Wave_1631",0.607662486735023
"Wave_1632",0.625897912316242
"Wave_1633",0.650589915889753
"Wave_1634",0.674895736689116
"Wave_1635",0.68370227114844
"Wave_1636",0.693755874623772
"Wave_1637",0.693705428227695
"Wave_1638",0.715601327313493
"Wave_1639",0.702582022827291
"Wave_1640",0.719123065174386
"Wave_1641",0.715271356413844
"Wave_1642",0.750282334956519
"Wave_1643",0.75746652353555
"Wave_1644",0.779476072436864
"Wave_1645",0.771611846380353
"Wave_1646",0.766895295229586
"Wave_1647",0.752362890746025
"Wave_1648",0.765433325209838
"Wave_1649",0.782536386800044
"Wave_1650",0.795029410696867
"Wave_1651",0.799782003353785
"Wave_1652",0.795901270528033
"Wave_1653",0.822562022976667
"Wave_1654",0.820615064999143
"Wave_1655",0.81990336180873
"Wave_1656",0.856362759207387
"Wave_1657",0.835127170848127
"Wave_1658",0.817850246007637
"Wave_1659",0.823180953076195
"Wave_1660",0.813817307159734
"Wave_1661",0.816579890013412
"Wave_1662",0.829573007527794
"Wave_1663",0.826896454105413
"Wave_1664",0.800210923558587
"Wave_1665",0.790667335172311
"Wave_1666",0.730444828346695
"Wave_1667",0.682811220072523
"Wave_1668",0.66015529816503
"Wave_1669",0.617135026160086
"Wave_1670",0.593033737296243
"Wave_1671",0.596408927991191
"Wave_1672",0.577779280963782
"Wave_1673",0.553719815208076
"Wave_1674",0.52764340955684
"Wave_1675",0.515013993837831
"Wave_1676",0.527492665941417
"Wave_1677",0.469803923873048
"Wave_1678",0.42439720357839
"Wave_1679",0.378862905711828
"Wave_1680",0.321239452473901
"Wave_1681",0.239226817660667
"Wave_1682",0.207936022708928
"Wave_1683",0.158356457049619
"Wave_1684",0.125239512316304
"Wave_1685",0.0853023281562445
"Wave_1686",0.0250605421583307
"Wave_1687",-0.0545237637963505
"Wave_1688",-0.11508861083701
"Wave_1689",-0.165874504301108
"Wave_1690",-0.217112941528088
"Wave_1691",-0.245738585269736
"Wave_1692",-0.259261301730005
"Wave_1693",-0.302065769663055
"Wave_1694",-0.360158316482636
"Wave_1695",-0.43589056240674
"Wave_1696",-0.512645990048049
"Wave_1697",-0.564833708761805
"Wave_1698",-0.551408344091503
"Wave_1699",-0.545856023503974
"Wave_1700",-0.524989613220788
"Wave_1701",-0.536608108091606
"Wave_1702",-0.553321670540076
"Wave_1703",-0.563209095635139
"Wave_1704",-0.591195879129112
"Wave_1705",-0.615265894882649
"Wave_1706",-0.584380802067705
"Wave_1707",-0.598581883819203
"Wave_1708",-0.655511991636262
"Wave_1709",-0.638523872002385
"Wave_1710",-0.67065415167809
"Wave_1711",-0.677631048070628
"Wave_1712",-0.670727414812118
"Wave_1713",-0.661925690134529
"Wave_1714",-0.673451481194925
"Wave_1715",-0.666408718289212
"Wave_1716",-0.683953884876494
"Wave_1717",-0.712432156776126
"Wave_1718",-0.728375699426776
"Wave_1719",-0.718832364255531
"Wave_1720",-0.750713037166799
"Wave_1721",-0.750219529313712
"Wave_1722",-0.755614906411901
"Wave_1723",-0.754568227571613
"Wave_1724",-0.763657942199939
"Wave_1725",-0.733146778239241
"Wave_1726",-0.741821164133983
"Wave_1727",-0.744083319280859
"Wave_1728",-0.724783366558845
"Wave_1729",-0.734985643274771
"Wave_1730",-0.691197082214318
"Wave_1731",-0.677990732283425
"Wave_1732",-0.652067933874349
"Wave_1733",-0.593136153757171
"Wave_1734",-0.557687099477059
"Wave_1735",-0.540080801412587
"Wave_1736",-0.537893412412596
"Wave_1737",-0.540639555491498
"Wave_1738",-0.529551178246408
"Wave_1739",-0.493145299517555
"Wave_1740",-0.484560486933608
"Wave_1741",-0.465488825987593
"Wave_1742",-0.471391027728521
"Wave_1743",-0.463781959727983
"Wave_1744",-0.466543414961688
"Wave_1745",-0.465901986963404
"Wave_1746",-0.481160281708654
"Wave_1747",-0.464113335003528
"Wave_1748",-0.435256864976302
"Wave_1749",-0.426578395004242
"Wave_1750",-0.416889078561542
"Wave_1751",-0.375278717128947
"Wave_1752",-0.350128560653314
"Wave_1753",-0.339424762883926
"Wave_1754",-0.341605141934686
"Wave_1755",-0.328859969379487
"Wave_1756",-0.344904791061047
"Wave_1757",-0.309687902631545
"Wave_1758",-0.297982668488395
"Wave_1759",-0.28500532232405
"Wave_1760",-0.23981583758455
"Wave_1761",-0.215699798900917
"Wave_1762",-0.225580180933259
"Wave_1763",-0.198252050453703
"Wave_1764",-0.197441310747538
"Wave_1765",-0.218662097626338
"Wave_1766",-0.242687317901585
"Wave_1767",-0.281589798436348
"Wave_1768",-0.308276691033308
"Wave_1769",-0.30398016862085
"Wave_1770",-0.306680426064931
"Wave_1771",-0.312303155358353
"Wave_1772",-0.366232762912707
"Wave_1773",-0.40508753980598
"Wave_1774",-0.435161628883598
"Wave_1775",-0.426343916477453
"Wave_1776",-0.415674225719811
"Wave_1777",-0.373235970646389
"Wave_1778",-0.337631735278141
"Wave_1779",-0.354981073295531
"Wave_1780",-0.377460416188745
"Wave_1781",-0.382889523401849
"Wave_1782",-0.356677891223616
"Wave_1783",-0.331663857236233
"Wave_1784",-0.308360198448216
"Wave_1785",-0.290190928571678
"Wave_1786",-0.31587440147888
"Wave_1787",-0.315120678801257
"Wave_1788",-0.293641082241931
"Wave_1789",-0.29898906359589
"Wave_1790",-0.301427089518823
"Wave_1791",-0.318907911229701
"Wave_1792",-0.316530497832782
"Wave_1793",-0.318604334858563
"Wave_1794",-0.375633681819202
"Wave_1795",-0.39686658623311
"Wave_1796",-0.412635320851979
"Wave_1797",-0.442781469571676
"Wave_1798",-0.453612089192794
"Wave_1799",-0.45029430585209
"Wave_1800",-0.462762759683356
"Wave_1801",-0.472215131718535
"Wave_1802",-0.451537059651696
"Wave_1803",-0.463749639055015
"Wave_1804",-0.490478196522099
"Wave_1805",-0.509915757920964
"Wave_1806",-0.541152584926485
"Wave_1807",-0.487262486157656
"Wave_1808",-0.484064419812708
"Wave_1809",-0.485853861372569
"Wave_1810",-0.487332789147981
"Wave_1811",-0.487400500807501
"Wave_1812",-0.494304903357343
"Wave_1813",-0.499442312489515
"Wave_1814",-0.482367173487079
"Wave_1815",-0.500393926184349
"Wave_1816",-0.520698145148055
"Wave_1817",-0.542186347892256
"Wave_1818",-0.55600010363202
"Wave_1819",-0.465459205689644
"Wave_1820",-0.432766135220515
"Wave_1821",-0.410444035153993
"Wave_1822",-0.383846429638129
"Wave_1823",-0.393712733812214
"Wave_1824",-0.394627166462339
"Wave_1825",-0.411670923037072
"Wave_1826",-0.414580815460839
"Wave_1827",-0.436446359699289
"Wave_1828",-0.465767614565015
"Wave_1829",-0.485681114460646
"Wave_1830",-0.512962348373593
"Wave_1831",-0.557926454823522
"Wave_1832",-0.486996702596975
"Wave_1833",-0.419932649927304
"Wave_1834",-0.373852003127777
"Wave_1835",-0.319582361229657
"Wave_1836",-0.283791026622833
"Wave_1837",-0.277309699816857
"Wave_1838",-0.327119099109196
"Wave_1839",-0.298215279783432
"Wave_1840",-0.223365931885263
"Wave_1841",-0.174209971196106
"Wave_1842",-0.130265624406013
"Wave_1843",-0.0950474765588701
"Wave_1844",-0.0627511825044933
"Wave_1845",-0.146171195127833
"Wave_1846",-0.133971363025889
"Wave_1847",-0.0817667144594947
"Wave_1848",-0.0718890868187259
"Wave_1849",-0.0310378691633086
"Wave_1850",0.0784342522668445
"Wave_1851",0.129878673952325
"Wave_1852",0.14996821811934
"Wave_1853",0.206268555007977
"Wave_1854",0.302001938141275
"Wave_1855",0.296668757073042
"Wave_1856",0.288628866639065
"Wave_1857",0.368079781543331
"Wave_1858",0.408710432021731
"Wave_1859",0.427987335712417
"Wave_1860",0.450904980172646
"Wave_1861",0.529898492249821
"Wave_1862",0.523386745680172
"Wave_1863",0.536371324846998
"Wave_1864",0.586393730305861
"Wave_1865",0.623121413281206
"Wave_1866",0.613649477036785
"Wave_1867",0.639978970893716
"Wave_1868",0.747340988917171
"Wave_1869",0.807076286426687
"Wave_1870",0.852851922516046
"Wave_1871",0.852555464412674
"Wave_1872",0.823290039763851
"Wave_1873",0.756414419485903
"Wave_1874",0.753943783801853
"Wave_1875",0.722214307092594
"Wave_1876",0.793757515503395
"Wave_1877",0.85841814436055
"Wave_1878",0.754535679470496
"Wave_1879",0.692638457927171
"Wave_1880",0.70098012756564
"Wave_1881",0.6665598741328
"Wave_1882",0.581539975855302
"Wave_1883",0.60745301114228
"Wave_1884",0.614418906685532
"Wave_1885",0.481839794261648
"Wave_1886",0.391296206361549
"Wave_1887",0.378858943365161
"Wave_1888",0.345359546743132
"Wave_1889",0.25856853241561
"Wave_1890",0.265559217930517
"Wave_1891",0.283533054683468
"Wave_1892",0.213835144139486
"Wave_1893",0.163855435940843
"Wave_1894",0.408729118836309
"Wave_1895",0.618963412146915
"Wave_1896",0.752261063459487
"Wave_1897",0.963728424066349
"Wave_1898",1.16490681807055
"Wave_1899",1.66521190946449
"Wave_1900",1.95946643476397
"Wave_1901",1.85711677013834
"Wave_1902",1.57772370446221
"Wave_1903",1.21699509331622
"Wave_1904",1.25634063338016
"Wave_1905",1.16527455238331
"Wave_1906",0.924939171038625
"Wave_1907",0.77285276152172
"Wave_1908",0.59060021524489
"Wave_1909",0.453402961185804
"Wave_1910",0.312272142741561
"Wave_1911",0.135434572868067
"Wave_1912",0.0332863691555331
"Wave_1913",-0.066238202976235
"Wave_1914",-0.178625731704754
"Wave_1915",-0.243900179883349
"Wave_1916",-0.3173492326574
"Wave_1917",-0.37416688230038
"Wave_1918",-0.402815713258838
"Wave_1919",-0.464002080875749
"Wave_1920",-0.512316717738818
"Wave_1921",-0.55569356947797
"Wave_1922",-0.644350957562643
"Wave_1923",-0.702787035897717
"Wave_1924",-0.742716805648712
"Wave_1925",-0.794136942433388
"Wave_1926",-0.834343190509922
"Wave_1927",-0.89039122908622
"Wave_1928",-0.920817912380209
"Wave_1929",-0.962667963357604
"Wave_1930",-1.00586986586018
"Wave_1931",-1.0316693350683
"Wave_1932",-1.08108819050104
"Wave_1933",-1.11650189001316
"Wave_1934",-1.12456179351916
"Wave_1935",-1.12380631764715
"Wave_1936",-1.10568808969071
"Wave_1937",-1.11895397487417
"Wave_1938",-1.13919818737137
"Wave_1939",-1.16909963760947
"Wave_1940",-1.20503722234993
"Wave_1941",-1.2749907072999
"Wave_1942",-1.26866514032669
"Wave_1943",-1.27022930200555
"Wave_1944",-1.26205881157285
"Wave_1945",-1.25684576953988
"Wave_1946",-1.24259427315082
"Wave_1947",-1.23278385114941
"Wave_1948",-1.24053550596123
"Wave_1949",-1.27848990521862
"Wave_1950",-1.28884722835273
"Wave_1951",-1.29138304278968
"Wave_1952",-1.28146383235719
"Wave_1953",-1.27513779843781
"Wave_1954",-1.25159807661763
"Wave_1955",-1.22617437630723
"Wave_1956",-1.20483740927913
"Wave_1957",-1.17725686489071
"Wave_1958",-1.15848626229578
"Wave_1959",-1.12076230137137
"Wave_1960",-1.09144720000825
"Wave_1961",-1.07738142044053
"Wave_1962",-1.07889491506526
"Wave_1963",-1.07417048761049
"Wave_1964",-1.06580136017673
"Wave_1965",-1.07074798857906
"Wave_1966",-1.05089320947776
"Wave_1967",-1.02312248045789
"Wave_1968",-0.993746426309318
"Wave_1969",-0.955960233381325
"Wave_1970",-0.934843610473014
"Wave_1971",-0.960099183880934
"Wave_1972",-0.977271540547783
"Wave_1973",-0.975165080861871
"Wave_1974",-0.932436742244764
"Wave_1975",-0.894362248702242
"Wave_1976",-0.885180014887023
"Wave_1977",-0.897445242283782
"Wave_1978",-0.886401750332607
"Wave_1979",-0.864042826736989
"Wave_1980",-0.830711366137917
"Wave_1981",-0.807338505145096
"Wave_1982",-0.800561459494858
"Wave_1983",-0.806526752079015
"Wave_1984",-0.762577645664902
"Wave_1985",-0.726533693209142
"Wave_1986",-0.72679770071965
"Wave_1987",-0.736616408091121
"Wave_1988",-0.731507413312473
"Wave_1989",-0.69714078885154
"Wave_1990",-0.658229277910045
"Wave_1991",-0.645858767486626
"Wave_1992",-0.64054101854979
"Wave_1993",-0.637995869843842
"Wave_1994",-0.612523296393355
"Wave_1995",-0.576694362318018
"Wave_1996",-0.539296676841879
"Wave_1997",-0.496942039582242
"Wave_1998",-0.45620636951398
"Wave_1999",-0.442968393140889
"Wave_2000",-0.436701086317044
"Wave_2001",-0.437884522460864
"Wave_2002",-0.437277595335253
"Wave_2003",-0.445486097118124
"Wave_2004",-0.435824505957194
"Wave_2005",-0.416434019755167
"Wave_2006",-0.418009837076899
"Wave_2007",-0.401737016993782
"Wave_2008",-0.363229372738718
"Wave_2009",-0.356499581672623
"Wave_2010",-0.350733879856596
"Wave_2011",-0.338583234865099
"Wave_2012",-0.326509477187527
"Wave_2013",-0.310369008920348
"Wave_2014",-0.295025182125275
"Wave_2015",-0.300016404917852
"Wave_2016",-0.286194209602551
"Wave_2017",-0.294255733443356
"Wave_2018",-0.325933638141013
"Wave_2019",-0.357185314536008
"Wave_2020",-0.328116801743011
"Wave_2021",-0.29179212293093
"Wave_2022",-0.261423793974277
"Wave_2023",-0.266491046299318
"Wave_2024",-0.310269990505671
"Wave_2025",-0.314326575645868
"Wave_2026",-0.268995257207076
"Wave_2027",-0.250128062861917
"Wave_2028",-0.203440383972297
"Wave_2029",-0.166206236556011
"Wave_2030",-0.147269155138305
"Wave_2031",-0.129268517447088
"Wave_2032",-0.114088509486741
"Wave_2033",-0.112756247801413
"Wave_2034",-0.113191674220464
"Wave_2035",-0.109575661671078
"Wave_2036",-0.0875622717220804
"Wave_2037",-0.0707366683958637
"Wave_2038",-0.032758695993492
"Wave_2039",-0.00654658568964286
"Wave_2040",0.00829550551478857
"Wave_2041",0.00768510398638548
"Wave_2042",0.0292085797570617
"Wave_2043",0.0623061952596582
"Wave_2044",0.0716030083021121
"Wave_2045",0.0633500214809312
"Wave_2046",0.0324285445257934
"Wave_2047",-0.00737048855786971
"Wave_2048",-0.0267142229954898
"Wave_2049",-0.0102264495076992
"Wave_2050",0.0107745252178262
"Wave_2051",0.0221372022666715
"Wave_2052",0.0498249972276144
"Wave_2053",0.0779848670780673
"Wave_2054",0.120091606864463
"Wave_2055",0.18088962915938
"Wave_2056",0.249100763078488
"Wave_2057",0.296185670325876
"Wave_2058",0.319077776869649
"Wave_2059",0.290150157327451
"Wave_2060",0.277339996292337
"Wave_2061",0.287790762493051
"Wave_2062",0.332694526529763
"Wave_2063",0.331223347331361
"Wave_2064",0.38935422012837
"Wave_2065",0.448386632778067
"Wave_2066",0.478364888450641
"Wave_2067",0.470614968239764
"Wave_2068",0.464406625935586
"Wave_2069",0.449650096579005
"Wave_2070",0.458853536245496
"Wave_2071",0.501150134882671
"Wave_2072",0.5764075610853
"Wave_2073",0.689939940394764
"Wave_2074",0.729429118242517
"Wave_2075",0.718683292662882
"Wave_2076",0.742042996910787
"Wave_2077",0.781425430391111
"Wave_2078",0.822284341788875
"Wave_2079",0.872658097225845
"Wave_2080",0.909475546951981
"Wave_2081",0.882878062928261
"Wave_2082",0.939656188303903
"Wave_2083",1.02597066129081
"Wave_2084",1.00593698852121
"Wave_2085",1.01607341785017
"Wave_2086",1.07372349353575
"Wave_2087",1.10531823087855
"Wave_2088",1.12913101022624
"Wave_2089",1.19233659578542
"Wave_2090",1.17563802767879
"Wave_2091",1.20573958413165
"Wave_2092",1.20422695942186
"Wave_2093",1.21241263252577
"Wave_2094",1.22621271081397
"Wave_2095",1.23830406986446
"Wave_2096",1.23015455786574
"Wave_2097",1.25650611386959
"Wave_2098",1.32126041920893
"Wave_2099",1.33519110787897
"Wave_2100",1.39067011734151
"Wave_2101",1.45254089307904
"Wave_2102",1.46500576720793
"Wave_2103",1.54043116661986
"Wave_2104",1.59885171903547
"Wave_2105",1.56905090233987
"Wave_2106",1.58909694591556
"Wave_2107",1.67232104693031
"Wave_2108",1.69335221348675
"Wave_2109",1.74191510957845
"Wave_2110",1.80537964933435
"Wave_2111",1.85156019763727
"Wave_2112",1.82176307074332
"Wave_2113",1.8543045830374
"Wave_2114",1.77492491007615
"Wave_2115",1.76141839644218
"Wave_2116",1.78341404665997
"Wave_2117",1.79793609480335
"Wave_2118",1.8651903585805
"Wave_2119",1.97888662982694
"Wave_2120",1.99250682239775
"Wave_2121",2.05171301354142
"Wave_2122",2.11593312494334
"Wave_2123",2.05705113826011
"Wave_2124",1.99485429889606
"Wave_2125",1.95223967989703
"Wave_2126",1.85644124524409
"Wave_2127",1.86063143008485
"Wave_2128",1.92739133544431
"Wave_2129",1.92707515712445
"Wave_2130",1.94598220385124
"Wave_2131",1.9497181480137
"Wave_2132",1.91878094098513
"Wave_2133",1.83448041447597
"Wave_2134",1.72216970857731
"Wave_2135",1.66957066317289
"Wave_2136",1.68303938876628
"Wave_2137",1.68610946172783
"Wave_2138",1.65421967501172
"Wave_2139",1.69327106563592
"Wave_2140",1.68999879118593
"Wave_2141",1.65008932144796
"Wave_2142",1.64018314292646
"Wave_2143",1.65992524342538
"Wave_2144",1.53872157022047
"Wave_2145",1.47331753239033
"Wave_2146",1.4254302427855
"Wave_2147",1.40194196642952
"Wave_2148",1.40434494203816
"Wave_2149",1.37515663865869
"Wave_2150",1.3325600695123
"Wave_2151",1.35760798822117
"Wave_2152",1.33601939801945
"Wave_2153",1.28955261623796
"Wave_2154",1.2693819576081
"Wave_2155",1.21701480113237
"Wave_2156",1.10465507600427
"Wave_2157",1.09620005890143
"Wave_2158",1.03267618625416
"Wave_2159",1.00135384677429
"Wave_2160",0.967924784018871
"Wave_2161",0.923794530579726
"Wave_2162",0.829863719104627
"Wave_2163",0.864188766489524
"Wave_2164",0.85047481329654
"Wave_2165",0.779210075367445
"Wave_2166",0.74737809927693
"Wave_2167",0.71867423606671
"Wave_2168",0.62749860832186
"Wave_2169",0.556978867022008
"Wave_2170",0.506265467123257
"Wave_2171",0.42049567647128
"Wave_2172",0.365770216846641
"Wave_2173",0.351778603504565
"Wave_2174",0.277997200720205
"Wave_2175",0.247578459540659
"Wave_2176",0.21486363883724
"Wave_2177",0.149543646873626
"Wave_2178",0.143309680371645
"Wave_2179",0.0432700977699324
"Wave_2180",0.020450964641371
"Wave_2181",0.0128039022219563
"Wave_2182",-0.0445857035941625
"Wave_2183",-0.119595250221275
"Wave_2184",-0.179447301196871
"Wave_2185",-0.252775339436131
"Wave_2186",-0.338562121969749
"Wave_2187",-0.327318275851594
"Wave_2188",-0.371595586774288
"Wave_2189",-0.392585844886077
"Wave_2190",-0.364263144916567
"Wave_2191",-0.349151570864248
"Wave_2192",-0.362889182090931
"Wave_2193",-0.344348102247285
"Wave_2194",-0.374890275961442
"Wave_2195",-0.448246631960326
"Wave_2196",-0.46530549285717
"Wave_2197",-0.529139205880729
"Wave_2198",-0.562792357986188
"Wave_2199",-0.496245547757103
"Wave_2200",-0.475437354935253
"Wave_2201",-0.477134536223356
"Wave_2202",-0.423533828676765
"Wave_2203",-0.507070693013642
"Wave_2204",-0.636492753309665
"Wave_2205",-0.776130129941677
"Wave_2206",-0.88415788087862
"Wave_2207",-0.987613346384182
"Wave_2208",-1.00022219331433
"Wave_2209",-0.994291975661405
"Wave_2210",-0.974015398409743
"Wave_2211",-0.946019595817503
"Wave_2212",-0.979892658729516
"Wave_2213",-1.08344372321925
"Wave_2214",-1.09452934972937
"Wave_2215",-1.13683627333075
"Wave_2216",-1.1395013774453
"Wave_2217",-1.1358576585319
"Wave_2218",-1.14699560854683
"Wave_2219",-1.17310929398362
"Wave_2220",-1.13429727983283
"Wave_2221",-1.15467443306319
"Wave_2222",-1.15166802469395
"Wave_2223",-1.07532846421394
"Wave_2224",-1.10740802663137
"Wave_2225",-1.18668591779626
"Wave_2226",-1.24735110054937
"Wave_2227",-1.30405801003575
"Wave_2228",-1.31005692734586
"Wave_2229",-1.34927391470143
"Wave_2230",-1.36983282498372
"Wave_2231",-1.37361091333475
"Wave_2232",-1.3365279459074
"Wave_2233",-1.32477873507143
"Wave_2234",-1.31561883755328
"Wave_2235",-1.32927223825876
"Wave_2236",-1.3912299056037
"Wave_2237",-1.46500967881547
"Wave_2238",-1.51422427041596
"Wave_2239",-1.63756999494474
"Wave_2240",-1.68916056204298
"Wave_2241",-1.73638020134012
"Wave_2242",-1.6860929046353
"Wave_2243",-1.71738461538254
"Wave_2244",-1.63322851335803
"Wave_2245",-1.58606179770885
"Wave_2246",-1.53521739546176
"Wave_2247",-1.48310102174286
"Wave_2248",-1.42016813581497
"Wave_2249",-1.49739169373148
"Wave_2250",-1.53737707698247
"Wave_2251",-1.65519248061594
"Wave_2252",-1.75813819664723
"Wave_2253",-1.8861293428133
"Wave_2254",-1.93640532323702
"Wave_2255",-1.92047308234627
"Wave_2256",-1.96790256806373
"Wave_2257",-2.12478642748168
"Wave_2258",-2.07891004309014
"Wave_2259",-1.98870446728163
"Wave_2260",-1.92278712076593
"Wave_2261",-1.79823786993693
"Wave_2262",-1.63796681636602
"Wave_2263",-1.63729097587298
"Wave_2264",-1.59744912059345
"Wave_2265",-1.57610874407559
"Wave_2266",-1.64653326651143
"Wave_2267",-1.65085079080681
"Wave_2268",-1.50994955527915
"Wave_2269",-1.50764977630293
"Wave_2270",-1.29165963933231
"Wave_2271",-1.08835161993267
"Wave_2272",-0.942862764757719
"Wave_2273",-0.740967922615509
"Wave_2274",-0.624956758915307
"Wave_2275",-0.724045347707886
"Wave_2276",-0.618323270806466
"Wave_2277",-0.754202009914298
"Wave_2278",-0.965484704556962
"Wave_2279",-1.16543160974761
"Wave_2280",-1.28575267231875
"Wave_2281",-1.4121874296572
"Wave_2282",-1.41112593239075
"Wave_2283",-1.37200922169861
"Wave_2284",-1.29117580800825
"Wave_2285",-1.21339429782251
"Wave_2286",-1.16702030828971
"Wave_2287",-1.18833160523728
"Wave_2288",-1.13604039568278
"Wave_2289",-1.18407145405861
"Wave_2290",-1.20613770959233
"Wave_2291",-1.147534858145
"Wave_2292",-1.16820651154918
"Wave_2293",-1.22992344167689
"Wave_2294",-1.13350840857565
"Wave_2295",-1.18625269153615
"Wave_2296",-1.05004677840701
"Wave_2297",-0.971257196473609
"Wave_2298",-0.822780781645072
"Wave_2299",-0.740864125580113
"Wave_2300",-0.598199690414095
"Wave_2301",-0.565687738290089
"Wave_2302",-0.467135755567524
"Wave_2303",-0.467455404905997
"Wave_2304",-0.417348185855962
"Wave_2305",-0.549545820224583
"Wave_2306",-0.466384772462298
"Wave_2307",-0.476452898159668
"Wave_2308",-0.442070644264509
"Wave_2309",-0.437375413481778
"Wave_2310",-0.270952656596277
"Wave_2311",-0.257551874142896
"Wave_2312",-0.0472168873682516
"Wave_2313",-0.0249005133978732
"Wave_2314",0.081879146940539
"Wave_2315",0.162959676021882
"Wave_2316",0.0935623922748561
"Wave_2317",-0.157368324943739
"Wave_2318",-0.0517692144615972
"Wave_2319",-0.171559036032834
"Wave_2320",-0.325634153826931
"Wave_2321",-0.365763238583392
"Wave_2322",-0.315795614850649
"Wave_2323",-0.301500313123969
"Wave_2324",-0.25322286604766
"Wave_2325",-0.185213919957257
"Wave_2326",-0.0752601404724047
"Wave_2327",-0.00993562397522206
"Wave_2328",0.117658979262263
"Wave_2329",0.0116478455181922
"Wave_2330",-0.0429056168379286
"Wave_2331",-0.0759710810711687
"Wave_2332",-0.0954261623607605
"Wave_2333",-0.170684968866094
"Wave_2334",-0.239317197670573
"Wave_2335",-0.499141425897051
"Wave_2336",-0.453304402662021
"Wave_2337",-0.427560680831321
"Wave_2338",-0.301558378365885
"Wave_2339",-0.217613404494022
"Wave_2340",-0.189201178342572
"Wave_2341",-0.321468254059467
"Wave_2342",-0.217738400093128
"Wave_2343",-0.220102165756408
"Wave_2344",-0.2213476934912
"Wave_2345",-0.288725985013778
"Wave_2346",-0.220984891698285
"Wave_2347",-0.335228988501313
"Wave_2348",-0.238423211999628
"Wave_2349",-0.218012258141474
"Wave_2350",-0.0231350531838847
"Wave_2351",0.0174969342845663
"Wave_2352",0.0136079667260844
"Wave_2353",-0.157197648034636
"Wave_2354",-0.112670824629032
"Wave_2355",-0.196481192154115
"Wave_2356",-0.206697120815976
"Wave_2357",-0.142651299074306
"Wave_2358",-0.0342286017870372
"Wave_2359",0.0621709479689059
"Wave_2360",0.379636013511556
"Wave_2361",0.657033032857649
"Wave_2362",1.01553831464295
"Wave_2363",1.25916813472635
"Wave_2364",1.50090533943496
"Wave_2365",1.45827866093503
"Wave_2366",1.4532023038261
"Wave_2367",1.47810968778462
"Wave_2368",1.57328672606197
"Wave_2369",1.50718912116629
"Wave_2370",1.41684392385021
"Wave_2371",1.37457051072454
"Wave_2372",1.41429632043624
"Wave_2373",1.46145977158731
"Wave_2374",1.59447954097289
"Wave_2375",1.71358194629629
"Wave_2376",1.68320443772613
"Wave_2377",1.54285874201544
"Wave_2378",1.43517146766873
"Wave_2379",1.19403309295036
"Wave_2380",1.04108279495859
"Wave_2381",1.06522235240729
"Wave_2382",1.0445656324992
"Wave_2383",1.0789195760621
"Wave_2384",1.24321035418856
"Wave_2385",1.19984520589194
"Wave_2386",1.14197364833771
"Wave_2387",1.01562684758256
"Wave_2388",0.813442151024905
"Wave_2389",0.695428012633668
"Wave_2390",0.714666752813197
"Wave_2391",0.656440760871839
"Wave_2392",0.702400953239048
"Wave_2393",0.756201087552576
"Wave_2394",0.699543382642864
"Wave_2395",0.602596146352301
"Wave_2396",0.469886792260685
"Wave_2397",0.32750971199937
"Wave_2398",0.368691993511622
"Wave_2399",0.465160406278236
"Wave_2400",0.604786781565664
