"Location","GasEx_Method","Sample_ID","Sample_Date","USDA_Species_Code","Spec_Instrument","Tleaf","Vcmax_Tleaf","Vcmax25_Rog","CalVal","PLSR_Predicted","PLSR_CV_Predicted","PLSR_CV_Residuals"
"Seward_Peninsula","ACi","BNL12949",20190704,"ALVIF","SVC_HR-1024i",20.0034486221429,43.3431475752906,62.9420587843888,"Cal",62.7292063592009,62.7317136191227,-0.210345165266141
"Seward_Peninsula","ACi","BNL12952",20190704,"ALVIF","SVC_HR-1024i",20.0658600671429,54.9176961163999,79.373397311371,"Cal",60.2337619213833,59.7307498322321,-19.6426474791389
"Seward_Peninsula","ACi","BNL12953",20190704,"ALVIF","SVC_HR-1024i",20.2817111692857,52.3072961907699,74.3728818954539,"Cal",63.0768151550353,62.7493975634269,-11.623484332027
"Seward_Peninsula","ACi","BNL12954",20190704,"ALVIF","SVC_HR-1024i",20.0895784921429,41.1294521635394,59.3381179101315,"Cal",65.7724713884463,65.9906047477605,6.65248683762896
"Seward_Peninsula","ACi","BNL12955",20190704,"ALVIF","SVC_HR-1024i",21.9655351635714,57.0418004319695,71.4391035806557,"Cal",64.9987020357834,64.7327724362914,-6.70633114436431
"Seward_Peninsula","ACi","BNL12956",20190706,"ALVIF","SVC_HR-1024i",33.9448471078571,111.98355680687,59.1932353756226,"Cal",73.6293419886534,74.0943643822471,14.9011290066245
"Seward_Peninsula","ACi","BNL12957",20190705,"ALVIF","SVC_HR-1024i",24.3566741942857,55.3159433242115,57.9970444188211,"Cal",73.7801297624848,74.4607063124624,16.4636618936413
"Seward_Peninsula","ACi","BNL12958",20190705,"ALVIF","SVC_HR-1024i",25.0545331392857,45.1390440049748,44.9587256140019,"Cal",75.3363829443508,77.0157275311028,32.0570019171009
"Seward_Peninsula","ACi","BNL12961",20190706,"ALVIF","SVC_HR-1024i",29.0392755792857,89.1703266041052,66.5514272823007,"Cal",70.7959118783277,70.8832104262174,4.33178314391675
"Seward_Peninsula","ACi","BNL12962",20190706,"ALVIF","SVC_HR-1024i",25.0096129,69.3935732241939,69.3446199291182,"Cal",73.7234188012396,73.8389235135985,4.49430358448029
"Seward_Peninsula","ACi","BNL12963",20190706,"ALVIF","SVC_HR-1024i",28.0275006971429,76.835106052938,61.6600754990002,"Cal",71.0785947854363,71.3580670702188,9.69799157121861
"Seward_Peninsula","ACi","BNL12976",20190704,"ALVIF","SVC_HR-1024i",20.0533708842857,48.9333318691091,70.7911833815737,"Cal",62.3774648388306,62.0751657999244,-8.71601758164933
"Seward_Peninsula","ACi","BNL12977",20190704,"ALVIF","SVC_HR-1024i",23.0646375928571,55.2986804482972,63.8003668904259,"Cal",60.5948196515161,60.6136691896063,-3.18669770081961
"Seward_Peninsula","ACi","BNL12978",20190704,"ALVIF","SVC_HR-1024i",18.3418373378571,29.8738867615628,49.2519150546199,"Cal",59.9085001260887,60.2368597424692,10.9849446878493
"Seward_Peninsula","ACi","BNL12979",20190704,"ALVIF","SVC_HR-1024i",20.9304618835714,51.2362434322088,69.3620695616553,"Cal",61.9335163715493,61.7407153135932,-7.62135424806213
"Seward_Peninsula","ACi","BNL12985",20190705,"ALVIF","SVC_HR-1024i",27.9813127507143,89.5826903386584,72.1293194568195,"Cal",72.6496227102733,72.6452238598269,0.515904403007426
"Seward_Peninsula","ACi","BNL12988",20190705,"ALVIF","SVC_HR-1024i",25.008303915,65.8267630550053,65.7866471661374,"Cal",75.2993184139212,75.8527956266638,10.0661484605264
"Seward_Peninsula","ACi","BNL13049",20190707,"ALVIF","SVC_HR-1024i",24.0665915561538,29.5429465204246,31.6451510558771,"Cal",71.4822748314639,72.6354464244413,40.9902953685642
"Seward_Peninsula","ACi","BNL13051",20190707,"ALVIF","SVC_HR-1024i",26.0238456735714,51.8426555583646,48.1011693963195,"Cal",71.0031438099146,71.561260002402,23.4600906060825
"Seward_Peninsula","ACi","BNL13053",20190707,"ALVIF","SVC_HR-1024i",25.00499739,55.960772145833,55.9402456182531,"Cal",72.0591728052494,72.3754024180247,16.4351567997716
"Seward_Peninsula","ACi","BNL13403",20190707,"ALVIF","SVC_HR-1024i",24.55900165,64.5751822672279,66.7032260629898,"Cal",71.9918489773229,72.1584071144495,5.45518105145969
"Seward_Peninsula","ACi","BNL13404",20190707,"ALVIF","SVC_HR-1024i",27.8186629157143,65.9578930918632,53.7329709170512,"Cal",71.9849363851167,72.5773447457005,18.8443738286493
"Seward_Peninsula","ACi","BNL14202",20190708,"SAPU15","SVC_HR-1024i",26.0685119642857,80.3395898268044,74.2991507323172,"Cal",75.9785615969056,76.0107896897634,1.71163895744621
"Seward_Peninsula","ACi","BNL14203",20190708,"SAPU15","SVC_HR-1024i",27.0472029285714,95.8934429593351,82.5967512292184,"Cal",81.6615872845936,81.523458507634,-1.07329272158444
"Seward_Peninsula","ACi","BNL14204",20190708,"SAPU15","SVC_HR-1024i",27.1783238828571,141.078518423784,120.368551158676,"Cal",76.8520469511749,75.3101754430016,-45.0583757156744
"Seward_Peninsula","ACi","BNL14208",20190708,"SAPU15","SVC_HR-1024i",29.0217424128571,88.8016870922951,66.3593970455119,"Cal",80.4684785690536,80.7703102753032,14.4109132297913
"Seward_Peninsula","ACi","BNL14209",20190708,"SAPU15","SVC_HR-1024i",29.0571878992857,117.776195199538,87.7887036152408,"Cal",73.4664580502904,73.0562543002877,-14.7324493149531
"Utqiagvik","ACi","BNL1503",20140715,"PEFR5","SVC_HR-1024i",15.25,65,136.233009102586,"Cal",96.2059774314342,94.493831118982,-41.739177983604
"Utqiagvik","ACi","BNL1505",20140715,"PEFR5","SVC_HR-1024i",15.84,60,120.07618934038,"Cal",90.3629850610932,89.3497462961008,-30.7264430442792
"Utqiagvik","ACi","BNL1506",20140715,"PEFR5","SVC_HR-1024i",13.93,64,148.845290618344,"Cal",93.8367179524614,91.7841246511294,-57.0611659672146
"Seward_Peninsula","ACi","BNL15354",20190707,"SAPU15","SVC_HR-1024i",27.3749080385714,54.0860292518706,45.4950526598222,"Cal",75.322042522882,76.7983589817571,31.3033063219349
"Seward_Peninsula","ACi","BNL15355",20190707,"SAPU15","SVC_HR-1024i",26.7566319871429,57.2243799854288,50.3387427866666,"Cal",82.0631695422232,83.874723371742,33.5359805850754
"Seward_Peninsula","ACi","BNL15356",20190706,"ALVIF","SVC_HR-1024i",32.0377432015385,117.763613199815,71.0887422310339,"Cal",68.5539617666637,68.457000014185,-2.63174221684892
"Seward_Peninsula","ACi","BNL15357",20190706,"ALVIF","SVC_HR-1024i",31.0254101057143,108.402607526599,70.2646326449884,"Cal",71.0593057924439,71.0415818428668,0.776949197878437
"Seward_Peninsula","ACi","BNL15359",20190708,"SAPU15","SVC_HR-1024i",29.0663576128571,115.677224020698,86.1676841840439,"Cal",85.6793314166985,85.4609119839981,-0.706772200045847
"Utqiagvik","ACi","BNL1559",20150710,"PEFR5","SVC_HR-1024i",12.13,29,77.8474625795474,"Cal",83.3415643558522,83.6518559107107,5.8043933311633
"Utqiagvik","ACi","BNL1560",20150710,"PEFR5","SVC_HR-1024i",13.28,29,71.0161140709062,"Cal",83.1253293405711,83.5945060169848,12.5783919460786
"Utqiagvik","ACi","BNL1562",20150710,"PEFR5","SVC_HR-1024i",15.07,49,104.160353795433,"Cal",91.2937985793839,90.6364352591114,-13.5239185363216
"Utqiagvik","ACi","BNL1564",20150710,"PEFR5","SVC_HR-1024i",15.02,32,68.2908520501907,"Cal",86.8443982515487,87.2288431514081,18.9379911012174
"Utqiagvik","ACi","BNL1565",20150710,"PEFR5","SVC_HR-1024i",14.98,33,70.6466981164164,"Cal",80.960523816907,81.2265957894564,10.57989767304
"Utqiagvik","ACi","BNL1566",20150710,"PEFR5","SVC_HR-1024i",15.05,35,74.5172491590326,"Cal",87.9759007372743,88.4581111202577,13.9408619612251
"Utqiagvik","ACi","BNL1567",20150710,"PEFR5","SVC_HR-1024i",14.99,35,74.8694415287307,"Cal",79.1350729893113,79.2761382180241,4.40669668929336
"Utqiagvik","ACi","BNL1568",20150710,"PEFR5","SVC_HR-1024i",12.02,38,102.911106884401,"Cal",90.0196459478195,89.6058251523236,-13.3052817320774
"Utqiagvik","ACi","BNL1569",20150710,"PEFR5","SVC_HR-1024i",14.88,30,64.7312929661576,"Cal",88.570557511723,89.4130614116686,24.681768445511
"Utqiagvik","ACi","BNL1570",20150710,"PEFR5","SVC_HR-1024i",14.03,33,76.1432360273218,"Cal",80.148802894601,80.24007871871,4.09684269138815
"Utqiagvik","ACi","BNL1571",20150710,"PEFR5","SVC_HR-1024i",13.98,27,62.5460261537373,"Cal",100.037595455782,102.099009456669,39.5529833029316
"Utqiagvik","ACi","BNL1572",20150710,"PEFR5","SVC_HR-1024i",14.98,46,98.4772155562168,"Cal",87.7240691738717,87.2350920740093,-11.2421234822075
"Utqiagvik","ACi","BNL1576",20150710,"PEFR5","SVC_HR-1024i",12.01,30,81.3108376157757,"Cal",81.6605319040496,81.6750476417737,0.364210025998048
"Utqiagvik","ACi","BNL1578",20150711,"CAAQ","SVC_HR-1024i",10.86,23,68.3910665401189,"Cal",76.5988182565425,76.7866609019855,8.39559436186661
"Utqiagvik","ACi","BNL1580",20150711,"CAAQ","SVC_HR-1024i",9.58,32,105.584515979496,"Cal",79.4847276108404,78.9674264718408,-26.6170895076552
"Utqiagvik","ACi","BNL1581",20150711,"CAAQ","SVC_HR-1024i",8.16,35,129.753621042301,"Cal",75.3587941072026,73.7867230282176,-55.9668980140834
"Utqiagvik","ACi","BNL1587",20150711,"CAAQ","SVC_HR-1024i",8.31,18,65.9105040592954,"Cal",82.8685755852172,83.6146538382271,17.7041497789317
"Utqiagvik","ACi","BNL1588",20150711,"CAAQ","SVC_HR-1024i",9.03,22,75.9296784394415,"Cal",77.7411588055704,77.7551100223229,1.82543158288138
"Utqiagvik","ACi","BNL1589",20150711,"CAAQ","SVC_HR-1024i",7.72,23,88.4224108169964,"Cal",80.7480003479798,80.4950737551631,-7.9273370618333
"Utqiagvik","ACi","BNL1595",20150711,"CAAQ","SVC_HR-1024i",6.73,22,91.8228046697147,"Cal",77.8728383152301,77.4006349216638,-14.4221697480509
"Utqiagvik","ACi","BNL1596",20150711,"CAAQ","SVC_HR-1024i",8.57,24,86.0201316084534,"Cal",79.8652558465961,79.6373463458333,-6.38278526262009
"Utqiagvik","ACi","BNL1627",20150712,"PEFR5","SVC_HR-1024i",13.89,37,86.3242100489304,"Cal",95.0089996635704,95.4153208071124,9.091110758182
"Utqiagvik","ACi","BNL1627",20150712,"PEFR5","SVC_HR-1024i",16.56,45,85.1421843873611,"Cal",95.0089996635704,95.4707413563531,10.328556968992
"Utqiagvik","ACi","BNL1627",20150712,"PEFR5","SVC_HR-1024i",6.57,25,105.745092497363,"Cal",95.0089996635704,94.5068453520583,-11.2382471453047
"Utqiagvik","ACi","BNL1627",20150712,"PEFR5","SVC_HR-1024i",10.28,29,90.3837973705702,"Cal",95.0089996635704,95.2250923659215,4.84129499535125
"Utqiagvik","ACi","BNL1628",20150712,"PEFR5","SVC_HR-1024i",7.57,18,70.0646444651466,"Cal",82.4054389240136,82.7400784317723,12.6754339666257
"Utqiagvik","ACi","BNL1628",20150712,"PEFR5","SVC_HR-1024i",16.38,31,59.4806829792985,"Cal",82.4054389240136,83.0438671659297,23.5631841866312
"Utqiagvik","ACi","BNL1628",20150712,"PEFR5","SVC_HR-1024i",13.89,26,60.6602557100592,"Cal",82.4054389240136,83.0100653847248,22.3498096746656
"Utqiagvik","ACi","BNL1629",20150712,"PEFR5","SVC_HR-1024i",15.84,33,66.0419041372089,"Cal",80.9953478605071,81.2599569341236,15.2180527969147
"Utqiagvik","ACi","BNL1629",20150712,"PEFR5","SVC_HR-1024i",6.63,18,75.7564847083646,"Cal",80.9953478605071,81.0873944734607,5.33090976509615
"Utqiagvik","ACi","BNL1629",20150712,"PEFR5","SVC_HR-1024i",10.05,22,69.8612623960673,"Cal",80.9953478605071,81.1921239972505,11.3308616011832
"Utqiagvik","ACi","BNL1630",20150712,"PEFR5","SVC_HR-1024i",9.74,17,55.3642573257478,"Cal",82.0655885147775,82.9493890921231,27.5851317663753
"Utqiagvik","ACi","BNL1630",20150712,"PEFR5","SVC_HR-1024i",13.92,19,44.2234510532957,"Cal",82.0655885147775,83.3633503197444,39.1398992664487
"Utqiagvik","ACi","BNL1631",20150712,"PEFR5","SVC_HR-1024i",17.39,37,65.6427567503288,"Cal",89.3218443476949,89.9779549963429,24.3351982460141
"Utqiagvik","ACi","BNL1631",20150712,"PEFR5","SVC_HR-1024i",7.35,23,91.1743776517551,"Cal",89.3218443476949,89.2347989138094,-1.93957873794569
"Utqiagvik","ACi","BNL1631",20150712,"PEFR5","SVC_HR-1024i",13.98,31,71.8121041024391,"Cal",89.3218443476949,89.7985036877179,17.9863995852788
"Utqiagvik","ACi","BNL1643",20150713,"ERAN6","SVC_HR-1024i",9.33,23,77.4550702418873,"Cal",68.8360028365729,68.594971723751,-8.86009851813634
"Utqiagvik","ACi","BNL1645",20150713,"ERAN6","SVC_HR-1024i",8.76,23,81.1589283836724,"Cal",72.5990938507609,72.3927594888003,-8.76616889487208
"Utqiagvik","ACi","BNL1646",20150713,"ERAN6","SVC_HR-1024i",9.26,29,98.221581333321,"Cal",69.8281039702139,69.1439833393771,-29.0775979939439
"Utqiagvik","ACi","BNL1647",20150713,"ERAN6","SVC_HR-1024i",8.61,20,71.4480936402994,"Cal",71.3982812363914,71.4018192534761,-0.0462743868233275
"Utqiagvik","ACi","BNL1649",20150713,"ERAN6","SVC_HR-1024i",9.33,17,57.2493997440037,"Cal",70.4333027916387,70.6268174267899,13.3774176827862
"Utqiagvik","ACi","BNL1650",20150713,"ERAN6","SVC_HR-1024i",10.05,19,60.3347266147854,"Cal",71.4924927904248,71.607751458703,11.2730248439176
"Utqiagvik","ACi","BNL1651",20150713,"ERAN6","SVC_HR-1024i",8.27,25,91.8445507210477,"Cal",68.1577883443025,65.4930192644296,-26.3515314566181
"Utqiagvik","ACi","BNL1654",20150713,"ERAN6","SVC_HR-1024i",9.92,25,80.2324061687267,"Cal",74.267214837967,74.1705155158306,-6.06189065289614
"Utqiagvik","ACi","BNL1655",20150713,"ERAN6","SVC_HR-1024i",10.74,23,69.0585689165713,"Cal",72.2182792724089,72.270153891415,3.21158497484375
"Utqiagvik","ACi","BNL1656",20150713,"ERAN6","SVC_HR-1024i",9.61,26,85.5775888201384,"Cal",72.0822239810714,71.8501005719535,-13.7274882481849
"Utqiagvik","ACi","BNL1657",20150713,"ERAN6","SVC_HR-1024i",10.09,20,63.3038932592287,"Cal",73.872918581569,73.9488898166917,10.644996557463
"Utqiagvik","ACi","BNL1658",20150714,"ERAN6","SVC_HR-1024i",10.32,23,71.4511776319973,"Cal",72.6085377363791,72.6224063565772,1.17122872457986
"Utqiagvik","ACi","BNL1659",20150714,"ERAN6","SVC_HR-1024i",10.31,21,65.2910375578078,"Cal",68.614342053357,68.747301756473,3.45626419866521
"Utqiagvik","ACi","BNL1661",20150714,"ERAN6","SVC_HR-1024i",9.44,25,83.4365841544336,"Cal",70.3422778169359,70.2031194291168,-13.2334647253168
"Utqiagvik","ACi","BNL1662",20150714,"ERAN6","SVC_HR-1024i",9.37,22,73.8455211944956,"Cal",68.7536977042382,68.6382800626926,-5.20724113180304
"Utqiagvik","ACi","BNL1678",20150714,"CAAQ","SVC_HR-1024i",10.86,33,98.1263128619098,"Cal",79.8492197108625,79.2896298397495,-18.8366830221603
"Utqiagvik","ACi","BNL1679",20150714,"CAAQ","SVC_HR-1024i",10.05,32,101.616381667007,"Cal",80.0592452032625,79.1082422094855,-22.5081394575215
"Utqiagvik","ACi","BNL1680",20150714,"ARFU2","SVC_HR-1024i",9.7,30,98.0208885412186,"Cal",81.6689474803317,81.129538245758,-16.8913502954606
"Utqiagvik","ACi","BNL1681",20150714,"ARFU2","SVC_HR-1024i",9.44,35,116.811217816207,"Cal",79.263690521147,78.5379486295824,-38.2732691866246
"Utqiagvik","ACi","BNL1682",20150714,"CAAQ","SVC_HR-1024i",9.69,21,68.6706160344162,"Cal",81.9869077735654,82.413499733539,13.7428836991228
"Utqiagvik","ACi","BNL1684",20150714,"ARFU2","SVC_HR-1024i",9.55,37,122.381497187595,"Cal",81.5624682434968,80.6882849237581,-41.6932122638369
"Utqiagvik","ACi","BNL1685",20150714,"ARFU2","SVC_HR-1024i",10.38,36,111.293104233041,"Cal",82.7609738493007,82.0711652022389,-29.2219390308021
"Utqiagvik","ACi","BNL1687",20150714,"ARFU2","SVC_HR-1024i",10.07,34,107.791856949653,"Cal",80.298276269716,79.2093578038657,-28.5824991457873
"Utqiagvik","ACi","BNL1745",20150717,"ARFU2","SVC_HR-1024i",7.43,26,102.385253174091,"Cal",77.8113543020217,77.3653687432873,-25.0198844308037
"Utqiagvik","ACi","BNL1746",20150717,"ARFU2","SVC_HR-1024i",6.85,25,103.306576884401,"Cal",77.5026193779817,77.1225619893608,-26.1840148950402
"Utqiagvik","ACi","BNL1747",20150717,"ARFU2","SVC_HR-1024i",8.14,28,103.974254421501,"Cal",78.3947069824748,77.8532712770967,-26.1209831444043
"Utqiagvik","ACi","BNL1748",20150717,"ARFU2","SVC_HR-1024i",7.81,24,91.5826866567878,"Cal",77.0543207587526,76.5688301829017,-15.0138564738861
"Utqiagvik","ACi","BNL1749",20150717,"ARFU2","SVC_HR-1024i",7.65,21,81.2024839560414,"Cal",78.0649972634613,77.9721330534098,-3.2303509026316
"Utqiagvik","ACi","BNL1761",20150720,"ERAN6","SVC_HR-1024i",17.79,40,68.8071382460612,"Cal",68.9212208373886,68.9361188901067,0.12898064404547
"Utqiagvik","ACi","BNL1761",20150720,"ERAN6","SVC_HR-1024i",19.07,43,67.0458077670708,"Cal",68.9212208373886,68.9755480847507,1.92974031767994
"Utqiagvik","ACi","BNL1762",20150720,"ERAN6","SVC_HR-1024i",18.72,37,59.2564169757447,"Cal",69.6383477275042,69.8867643810168,10.6303474052721
"Utqiagvik","ACi","BNL1762",20150720,"ERAN6","SVC_HR-1024i",17.63,34,59.212394880689,"Cal",69.6383477275042,69.8877055071067,10.6753106264177
"Utqiagvik","ACi","BNL1763",20150720,"ERAN6","SVC_HR-1024i",15.41,26,53.8137585059885,"Cal",69.0324421253124,69.4201677382066,15.6064092322181
"Utqiagvik","ACi","BNL1764",20150720,"ERAN6","SVC_HR-1024i",15.29,30,62.6797747238738,"Cal",69.091450302506,69.2880714866839,6.60829676281009
"Utqiagvik","ACi","BNL1785",20150722,"PEFR5","SVC_HR-1024i",21.8,68,86.2266603430888,"Cal",76.2960520710169,76.0932212578677,-10.1334390852211
"Utqiagvik","ACi","BNL1785",20150722,"PEFR5","SVC_HR-1024i",18,51,86.3211765499092,"Cal",76.2960520710169,76.0910035123766,-10.2301730375326
"Utqiagvik","ACi","BNL1785",20150722,"PEFR5","SVC_HR-1024i",14.96,41,87.9112824281391,"Cal",76.2960520710169,76.0536888738859,-11.8575935542532
"Utqiagvik","ACi","BNL1786",20150722,"PEFR5","SVC_HR-1024i",19.76,67,99.113018106943,"Cal",77.9283287796302,77.5767282239858,-21.5362898829572
"Utqiagvik","ACi","BNL1786",20150722,"PEFR5","SVC_HR-1024i",15.96,50,99.1299738771371,"Cal",77.9283287796302,77.5764407883388,-21.5535330887983
"Utqiagvik","ACi","BNL1786",20150722,"PEFR5","SVC_HR-1024i",23.93,85,91.9722172764998,"Cal",77.9283287796302,77.6977389893466,-14.2744782871532
"Utqiagvik","ACi","BNL1787",20150722,"ERAN6","SVC_HR-1024i",14.85,33,71.3726725137267,"Cal",72.7982561997909,72.8261101264925,1.45343761276575
"Utqiagvik","ACi","BNL1787",20150722,"ERAN6","SVC_HR-1024i",10.97,26,76.6269142984765,"Cal",72.7982561997909,72.7369899613725,-3.88992433710403
"Utqiagvik","ACi","BNL1788",20150722,"ERAN6","SVC_HR-1024i",11.04,22,64.4723653518322,"Cal",71.5771359364467,71.7170936730498,7.24472832121765
"Utqiagvik","ACi","BNL1788",20150722,"ERAN6","SVC_HR-1024i",5.91,16,71.5160971871259,"Cal",71.5771359364467,71.5840506687072,0.067953481581327
"Utqiagvik","ACi","BNL1788",20150722,"ERAN6","SVC_HR-1024i",14.85,22,47.5817816758178,"Cal",71.5771359364467,72.0358644988777,24.4540828230599
"Utqiagvik","ACi","BNL1789",20150722,"ERAN6","SVC_HR-1024i",10.97,19,55.9965912181174,"Cal",70.6163177136885,71.1072749949937,15.1106837768763
"Utqiagvik","1pt","BNL1818",20160709,"ERAN6","SVC_HR-1024i",14.87,32,69.1010498630403,"Cal",66.3373092192179,66.2876557488603,-2.81339411418004
"Utqiagvik","1pt","BNL1819",20160709,"ERAN6","SVC_HR-1024i",14.94,34,73.0167671802952,"Cal",67.5638510925102,67.4824790806104,-5.53428809968483
"Utqiagvik","1pt","BNL1820",20160709,"ERAN6","SVC_HR-1024i",15.2,36,75.748764016867,"Cal",66.3244077025537,66.0881881850479,-9.6605758318191
"Utqiagvik","1pt","BNL1822",20160709,"ERAN6","SVC_HR-1024i",18.74,46,73.557361787822,"Cal",67.1360959720848,67.0302430143308,-6.5271187734912
"Utqiagvik","1pt","BNL1823",20160710,"ERAN6","SVC_HR-1024i",14.99,38,81.2868222311934,"Cal",66.5681715071634,66.2575693322407,-15.0292528989527
"Utqiagvik","1pt","BNL1824",20160709,"ERAN6","SVC_HR-1024i",15.04,14,29.8303289826564,"Cal",65.5832174386443,66.237866609944,36.4075376272876
"Utqiagvik","1pt","BNL1827",20160710,"ERAN6","SVC_HR-1024i",14.85,25,54.070206449793,"Cal",66.534345829028,66.7457276652472,12.6755212154542
"Utqiagvik","1pt","BNL1829",20160710,"ERAN6","SVC_HR-1024i",14.99,43,91.9824567352978,"Cal",67.4608368604478,67.1342263391156,-24.8482303961822
"Utqiagvik","1pt","BNL1835",20160710,"ERAN6","SVC_HR-1024i",14.99,33,70.591187727089,"Cal",65.9445934630781,65.8658430657148,-4.72534466137421
"Utqiagvik","1pt","BNL1837",20160710,"ERAN6","SVC_HR-1024i",15.16,38,80.2084859014686,"Cal",66.8803157213756,66.6587321076076,-13.549753793861
"Utqiagvik","1pt","BNL1838",20160710,"ERAN6","SVC_HR-1024i",15.2,32,67.3322346816595,"Cal",66.2638414446758,66.2876894730674,-1.0445452085921
"Utqiagvik","1pt","BNL1839",20160710,"ERAN6","SVC_HR-1024i",14.8,45,97.7100706900468,"Cal",67.6458145524039,67.0039634015579,-30.7061072884889
"Utqiagvik","1pt","BNL1840",20160710,"ERAN6","SVC_HR-1024i",15.08,30,63.7215681157951,"Cal",69.49662884531,69.6345219647846,5.91295384898952
"Utqiagvik","1pt","BNL1841",20160710,"ARLA2","SVC_HR-1024i",16.76,58,108.04666637,"Cal",73.2175974208983,72.7152017013591,-35.3314646686409
"Utqiagvik","1pt","BNL1842",20160710,"ARLA2","SVC_HR-1024i",15.16,36,75.9869866434966,"Cal",75.0438130163242,75.0266013195521,-0.96038532394455
"Utqiagvik","1pt","BNL1843",20160711,"ARLA2","SVC_HR-1024i",15.11,33,69.9287528789635,"Cal",68.6307918476145,68.6255785676578,-1.3031743113057
"Utqiagvik","1pt","BNL1844",20160711,"ARLA2","SVC_HR-1024i",15.11,32,67.8096997614191,"Cal",76.9551370846894,77.1130646804272,9.30336491900806
"Utqiagvik","1pt","BNL1845",20160711,"ARLA2","SVC_HR-1024i",15.05,36,76.6463134207193,"Cal",73.4982319279645,73.4329592588822,-3.2133541618371
"Utqiagvik","1pt","BNL1846",20160711,"ARLA2","SVC_HR-1024i",14.96,23,49.3160852645658,"Cal",73.7021605365267,74.1401426295292,24.8240573649634
"Utqiagvik","1pt","BNL1847",20160710,"ARLA2","SVC_HR-1024i",15.07,28,59.520202168819,"Cal",75.3200972104951,75.7139007889018,16.1936986200828
"Utqiagvik","1pt","BNL1851",20160710,"ARLA2","SVC_HR-1024i",18.88,54,85.4293629941005,"Cal",74.0639644445714,73.8565303722342,-11.5728326218663
"Utqiagvik","1pt","BNL1874",20160711,"CAAQ","SVC_HR-1024i",15.18,39,82.1900880304585,"Cal",78.6630600907165,78.5308317421679,-3.65925628829056
"Utqiagvik","1pt","BNL1876",20160712,"SAPU15","SVC_HR-1024i",15.2,36,75.748764016867,"Cal",65.9668481156782,65.7230984579582,-10.0256655589088
"Utqiagvik","1pt","BNL1877",20160713,"ERAN6","SVC_HR-1024i",24.53,56,57.9691213705963,"Cal",62.5865015143304,62.6986409094965,4.72951953890019
"Utqiagvik","1pt","BNL1878",20160711,"CAAQ","SVC_HR-1024i",15.26,21,43.9792224607028,"Cal",80.9904682250766,82.0357773600314,38.0565548993286
"Utqiagvik","1pt","BNL1879",20160711,"CAAQ","SVC_HR-1024i",15.11,49,103.833602759673,"Cal",75.4314663566286,74.9692451348262,-28.8643576248468
"Utqiagvik","1pt","BNL1880",20160711,"ARLA2","SVC_HR-1024i",15.16,41,86.5407347884267,"Cal",73.6968845442911,73.4673986290394,-13.0733361593873
"Utqiagvik","1pt","BNL1881",20160711,"ARLA2","SVC_HR-1024i",15.11,43,91.1192840544069,"Cal",75.1424695114775,74.9440702148888,-16.1752138395181
"Utqiagvik","1pt","BNL1882",20160711,"ARLA2","SVC_HR-1024i",15.19,28,58.9619670688563,"Cal",76.2053191791239,76.5019500890716,17.5399830202153
"Utqiagvik","1pt","BNL1883",20160711,"ARLA2","SVC_HR-1024i",15.16,15,31.6612444347903,"Cal",70.8389762067141,71.4802085919485,39.8189641571582
"Utqiagvik","1pt","BNL1884",20160711,"ARLA2","SVC_HR-1024i",14.8,19,41.255363180242,"Cal",69.6662952578657,70.2591248514334,29.0037616711914
"Utqiagvik","1pt","BNL1893",20160711,"SAPU15","SVC_HR-1024i",15.07,33,70.1488096989652,"Cal",71.2808173705734,71.4808340120262,1.33202431306103
"Utqiagvik","1pt","BNL1894",20160711,"SAPU15","SVC_HR-1024i",15.21,34,71.484372367233,"Cal",68.2944797017916,68.3060428663235,-3.1783295009095
"Utqiagvik","1pt","BNL1895",20160711,"SAPU15","SVC_HR-1024i",15.17,28,59.0546091649898,"Cal",69.9803920533349,70.4904799229255,11.4358707579357
"Utqiagvik","1pt","BNL1896",20160711,"SAPU15","SVC_HR-1024i",15.05,43,91.5497632525258,"Cal",71.310393855975,70.7204334428957,-20.8293298096301
"Utqiagvik","1pt","BNL1908",20160712,"ARLA2","SVC_HR-1024i",5.06,10,48.0079935353757,"Cal",71.1387589560721,71.7982251295564,23.7902315941807
"Utqiagvik","1pt","BNL1909",20160712,"ARLA2","SVC_HR-1024i",6.27,19,82.4047659379125,"Cal",72.8676341860269,72.610290970688,-9.79447496722455
"Utqiagvik","1pt","BNL1910",20160712,"ARLA2","SVC_HR-1024i",6.67,14,58.7255725778081,"Cal",70.6361578824296,70.9885734497204,12.2630008719123
"Utqiagvik","1pt","BNL1912",20160712,"ARLA2","SVC_HR-1024i",5.08,18,86.2688027755857,"Cal",72.8700445360096,72.6142774018017,-13.654525373784
"Utqiagvik","1pt","BNL1921",20160712,"ARLA2","SVC_HR-1024i",5.18,11,52.2774123842307,"Cal",72.2370428575134,72.7447721865753,20.4673598023446
"Utqiagvik","1pt","BNL1924",20160712,"CAAQ","SVC_HR-1024i",14.88,36,77.6775515593891,"Cal",70.2890273796415,70.0825944312563,-7.59495712813279
"Utqiagvik","1pt","BNL1925",20160713,"PEFR5","SVC_HR-1024i",25.23,71,69.8121319453107,"Cal",80.0187731095225,80.3014706434752,10.4893386981645
"Utqiagvik","1pt","BNL1927",20160713,"PEFR5","SVC_HR-1024i",25.39,74,71.9140215286123,"Cal",73.270267697263,73.4535770301013,1.53955550148905
"Utqiagvik","1pt","BNL1928",20160713,"PEFR5","SVC_HR-1024i",25.24,64,62.8831368236947,"Cal",66.8110166764587,67.1137379224245,4.23060109872981
"Utqiagvik","1pt","BNL1930",20160712,"ARLA2","SVC_HR-1024i",5.63,16,73.2157415595047,"Cal",70.7174615954152,70.689493672068,-2.52624788743667
"Utqiagvik","1pt","BNL1935",20160712,"ERAN6","SVC_HR-1024i",6.97,16,65.4593597200402,"Cal",61.5021100358628,61.4480600177895,-4.01129970225065
"Utqiagvik","1pt","BNL1948",20160713,"PEFR5","SVC_HR-1024i",25.19,83,81.8510342985845,"Cal",74.9763422974083,74.853901805779,-6.99713249280545
"Utqiagvik","1pt","BNL1949",20160713,"PEFR5","SVC_HR-1024i",25.18,81,79.9373106950985,"Cal",89.8235197500146,90.1315582663785,10.19424757128
"Utqiagvik","1pt","BNL1950",20160713,"CAAQ","SVC_HR-1024i",24.57,75,77.4088782440158,"Cal",71.3124175451346,71.1881119250485,-6.22076631896726
"Utqiagvik","1pt","BNL1951",20160713,"CAAQ","SVC_HR-1024i",24.76,50,50.889490142397,"Cal",71.4389980122498,71.8729193312153,20.9834291888183
"Utqiagvik","1pt","BNL1952",20160713,"CAAQ","SVC_HR-1024i",24.68,60,61.4277752991908,"Cal",81.7560459214733,83.0344380717326,21.6066627725418
"Utqiagvik","1pt","BNL1953",20160713,"CAAQ","SVC_HR-1024i",24.33,75,78.7899846093991,"Cal",74.1040485128863,73.8670061507457,-4.92297845865336
"Utqiagvik","1pt","BNL1954",20160713,"ARLA2","SVC_HR-1024i",25.19,79,77.9064061396165,"Cal",73.4161412482665,73.2675507041914,-4.6388554354251
"Utqiagvik","1pt","BNL1955",20160713,"ARLA2","SVC_HR-1024i",25.05,85,84.6886170040838,"Cal",75.6097540081121,75.1271591822716,-9.56145782181217
"Utqiagvik","1pt","BNL1957",20160713,"SAPU15","SVC_HR-1024i",15.7,39,78.9084714672901,"Cal",65.8566787963991,65.6153000994862,-13.2931713678039
"Utqiagvik","1pt","BNL1958",20160713,"SAPU15","SVC_HR-1024i",24.17,62,65.906536793273,"Cal",63.8407932589339,63.8100021159282,-2.09653467734483
"Utqiagvik","1pt","BNL1959",20160713,"ARLA2","SVC_HR-1024i",25.2,73,71.9367023774716,"Cal",70.2891138361441,70.254485208885,-1.68221716858658
"Utqiagvik","1pt","BNL1960",20160713,"ARLA2","SVC_HR-1024i",25.16,79,78.0779748214032,"Cal",70.5465630884716,70.3816876304219,-7.69628719098132
"Utqiagvik","1pt","BNL1963",20160714,"CAAQ","SVC_HR-1024i",14.99,41,87.704202933656,"Cal",78.4855961770252,77.8691563458301,-9.83504658782593
"Utqiagvik","1pt","BNL1964",20160714,"CAAQ","SVC_HR-1024i",15.09,49,103.996838612869,"Cal",73.0315592233949,72.1202244951278,-31.8766141177412
"Utqiagvik","1pt","BNL1965",20160714,"CAAQ","SVC_HR-1024i",15.15,36,76.0466696218902,"Cal",77.4260890944824,77.4293018259454,1.3826322040552
"Utqiagvik","1pt","BNL1966",20160714,"SAPU15","SVC_HR-1024i",15.19,29,61.0677516070297,"Cal",66.2595449242226,66.4356380019528,5.36788639492314
"Utqiagvik","1pt","BNL1967",20160714,"SAPU15","SVC_HR-1024i",15.27,32,66.9634026396466,"Cal",69.9581111534328,70.1444035444893,3.18100090484265
"Utqiagvik","1pt","BNL1978",20160714,"SAPU15","SVC_HR-1024i",15.84,46,92.0584118276245,"Cal",69.4027837056689,68.1175865764287,-23.9408252511958
"Utqiagvik","1pt","BNL1981",20160714,"ARFU2","SVC_HR-1024i",15.23,36,75.5706304868236,"Cal",77.5596809354758,77.6683144377327,2.09768395090909
"Utqiagvik","1pt","BNL1983",20160714,"ARFU2","SVC_HR-1024i",15.17,38,80.1455410096291,"Cal",76.2779051197734,76.1015863849345,-4.04395462469461
"Utqiagvik","1pt","BNL1984",20160714,"SAPU15","SVC_HR-1024i",15.66,55,111.629933860279,"Cal",72.9820822658001,71.7480246188942,-39.8819092413848
"Utqiagvik","1pt","BNL1985",20160714,"CAAQ","SVC_HR-1024i",15.15,38,80.2714846008841,"Cal",75.5368018168643,75.3272093783189,-4.94427522256517
"Utqiagvik","1pt","BNL1987",20160714,"CAAQ","SVC_HR-1024i",15.13,11,23.2730021007638,"Cal",75.7687338488351,77.4478580975324,54.1748559967686
"Utqiagvik","1pt","BNL1988",20160714,"CAAQ","SVC_HR-1024i",15.16,27,56.9902399826225,"Cal",74.9880373248983,75.5580499350425,18.56780995242
"Utqiagvik","1pt","BNL1989",20160714,"ARFU2","SVC_HR-1024i",15.19,41,86.337166065111,"Cal",78.3554299086879,77.9271551363477,-8.41001092876328
"Utqiagvik","1pt","BNL1990",20160714,"ARFU2","SVC_HR-1024i",15.17,43,90.6910069319487,"Cal",78.5973405834463,77.9309215753549,-12.7600853565938
"Utqiagvik","1pt","BNL1991",20160714,"ARFU2","SVC_HR-1024i",15.13,48,101.554918257878,"Cal",75.9811840946868,75.424679175638,-26.13023908224
"Utqiagvik","1pt","BNL1993",20160716,"PEFR5","SVC_HR-1024i",15.44,34,70.20658957625,"Cal",86.3312563535443,86.808335795362,16.601746219112
"Utqiagvik","1pt","BNL1996",20160714,"ARFU2","SVC_HR-1024i",15.14,46,97.2470712958695,"Cal",77.7139706995203,76.8722208611213,-20.3748504347482
"Utqiagvik","1pt","BNL1997",20160714,"CAAQ","SVC_HR-1024i",15.23,40,83.9673672075818,"Cal",69.2123250173888,68.6963757587473,-15.2709914488345
"Utqiagvik","1pt","BNL1999",20160714,"ARFU2","SVC_HR-1024i",14.96,59,126.506479591712,"Cal",75.3372258962389,74.1694241710112,-52.3370554207008
"Utqiagvik","1pt","BNL2023",20160716,"ARFU2","SVC_HR-1024i",15.17,42,88.5819137474847,"Cal",76.8951652650886,76.5524394242777,-12.0294743232071
"Utqiagvik","1pt","BNL2024",20160716,"ARFU2","SVC_HR-1024i",15.11,36,76.2859122315965,"Cal",73.4972705631743,73.4725399281504,-2.81337230344614
"Utqiagvik","1pt","BNL2025",20160716,"ARFU2","SVC_HR-1024i",14.95,30,64.3759222864182,"Cal",75.5546845645885,75.798639307023,11.4227170206048
"Utqiagvik","1pt","BNL2026",20160716,"ARFU2","SVC_HR-1024i",14.9,36,77.5554493636048,"Cal",75.6163018011158,75.5906659359482,-1.96478342765656
"Utqiagvik","1pt","BNL2027",20160716,"ARFU2","SVC_HR-1024i",14.95,20,42.9172815242788,"Cal",72.9407643256868,73.6535411971803,30.7362596729015
"Utqiagvik","1pt","BNL2028",20160716,"ARFU2","SVC_HR-1024i",15.22,40,84.0332862443064,"Cal",75.6859991204151,75.510447321584,-8.52283892272236
"Utqiagvik","1pt","BNL2032",20160717,"ERAN6","SVC_HR-1024i",5.4,14,65.3141039468567,"Cal",63.0506120422957,63.0218161417115,-2.29228780514517
"Utqiagvik","1pt","BNL2033",20160716,"PEFR5","SVC_HR-1024i",17.5,40,70.3644363996724,"Cal",81.0340164082373,81.2889424205,10.9245060208276
"Utqiagvik","1pt","BNL2034",20160716,"PEFR5","SVC_HR-1024i",15.54,48,98.3418417243027,"Cal",89.103868287317,88.6599764478771,-9.68186527642558
"Utqiagvik","1pt","BNL2035",20160716,"PEFR5","SVC_HR-1024i",15.09,44,93.384916305433,"Cal",86.326222644502,86.0775036299937,-7.30741267543928
"Utqiagvik","1pt","BNL2036",20160716,"PEFR5","SVC_HR-1024i",15.31,45,93.8722910553861,"Cal",78.9878417563086,78.6596043880188,-15.2126866673673
"Utqiagvik","1pt","BNL2038",20160716,"CAAQ","SVC_HR-1024i",15.09,26,55.181995998665,"Cal",71.9934901051476,72.6313014876541,17.4493054889891
"Utqiagvik","1pt","BNL2039",20160716,"CAAQ","SVC_HR-1024i",14.94,34,73.0167671802952,"Cal",77.6812192626781,77.7787820232664,4.76201484297121
"Utqiagvik","1pt","BNL2041",20160716,"PEFR5","SVC_HR-1024i",15.11,34,72.0478059965078,"Cal",88.4131053942992,88.8776048433399,16.8297988468321
"Utqiagvik","1pt","BNL2042",20160716,"PEFR5","SVC_HR-1024i",15.19,39,82.1255969887641,"Cal",76.5995765747402,76.5129233605788,-5.61267362818533
"Utqiagvik","1pt","BNL2043",20160716,"PEFR5","SVC_HR-1024i",15.18,33,69.5454591026957,"Cal",84.5694456838942,85.0116566627885,15.4661975600928
"Utqiagvik","1pt","BNL2052",20160717,"ERAN6","SVC_HR-1024i",5.1,15,71.7695694474331,"Cal",68.4580131205045,68.4089415469551,-3.36062790047795
"Utqiagvik","1pt","BNL2053",20160717,"ERAN6","SVC_HR-1024i",5.11,16,76.4897095645109,"Cal",62.5759135720789,62.2563580221071,-14.2333515424038
"Utqiagvik","1pt","BNL2054",20160717,"ERAN6","SVC_HR-1024i",4.99,16,77.2675923808274,"Cal",66.3634013956915,66.0176546299047,-11.2499377509227
"Utqiagvik","1pt","BNL2055",20160717,"ERAN6","SVC_HR-1024i",5.25,15,70.8683486899291,"Cal",61.9827104798867,61.7780804422283,-9.09026824770076
"Utqiagvik","1pt","BNL2056",20160717,"ERAN6","SVC_HR-1024i",5.19,9,42.7364127295973,"Cal",62.2450838716662,62.9701777545138,20.2337650249165
"Utqiagvik","1pt","BNL2057",20160717,"SAPU15","SVC_HR-1024i",4.67,10,49.61514575448,"Cal",65.7894702151752,66.0652907197086,16.4501449652286
"Utqiagvik","1pt","BNL2058",20160717,"SAPU15","SVC_HR-1024i",4.97,11,53.2111746180936,"Cal",63.6721020958989,63.8976686083398,10.6864939902462
"Utqiagvik","1pt","BNL2059",20160717,"SAPU15","SVC_HR-1024i",5.15,13,61.9387496816966,"Cal",62.1731204820004,62.1776171592438,0.238867477547188
"Utqiagvik","1pt","BNL2061",20160717,"ERAN6","SVC_HR-1024i",5.09,20,95.7734553558902,"Cal",67.8818393519579,67.1648217362746,-28.6086336196156
"Utqiagvik","1pt","BNL2064",20160717,"ERAN6","SVC_HR-1024i",5.03,12,57.7555112821457,"Cal",62.4791418813628,62.6044120316684,4.84890074952275
"Utqiagvik","1pt","BNL2065",20160717,"ERAN6","SVC_HR-1024i",5.59,13,59.6879612621641,"Cal",63.195305241577,63.3147564187218,3.62679515655768
"Utqiagvik","1pt","BNL2066",20160717,"ERAN6","SVC_HR-1024i",5.51,16,73.9575391382581,"Cal",66.0858477671847,65.9438278650939,-8.01371127316425
"Utqiagvik","1pt","BNL2067",20160717,"SAPU15","SVC_HR-1024i",5.15,12,57.1742304754122,"Cal",66.1040676486603,66.4984425814698,9.32421210605759
"Utqiagvik","1pt","BNL2068",20160717,"SAPU15","SVC_HR-1024i",5.19,12,56.981883639463,"Cal",67.3425011740419,67.7141094345162,10.7322257950532
"Utqiagvik","1pt","BNL2069",20160717,"SAPU15","SVC_HR-1024i",5.1,13,62.2002935211087,"Cal",67.15758430354,67.3211132805548,5.12081975944609
"Utqiagvik","1pt","BNL2070",20160717,"SAPU15","SVC_HR-1024i",5.01,11,53.0319289995919,"Cal",65.595631851098,66.2321085717225,13.2001795721306
"Utqiagvik","1pt","BNL2071",20160717,"ERAN6","SVC_HR-1024i",5.31,14,65.8105521389797,"Cal",69.1176562634439,69.2091763137736,3.39862417479385
"Utqiagvik","1pt","BNL2072",20160717,"ERAN6","SVC_HR-1024i",5.14,13,61.9909628116398,"Cal",65.2477257718266,65.356365858965,3.36540304732522
"Utqiagvik","1pt","BNL2074",20160718,"CAAQ","SVC_HR-1024i",4.98,15,72.4995022609092,"Cal",65.938816586962,65.8261750071327,-6.67332725377645
"Utqiagvik","1pt","BNL2075",20160718,"CAAQ","SVC_HR-1024i",5.1,9,43.0617416684599,"Cal",68.7015671932998,69.035491610811,25.9737499423511
"Utqiagvik","1pt","BNL2076",20160718,"CAAQ","SVC_HR-1024i",5,10,48.2515262628536,"Cal",70.2552637027378,71.2609529402247,23.0094266773711
"Utqiagvik","1pt","BNL2077",20160718,"CAAQ","SVC_HR-1024i",5.24,13,61.4709735166866,"Cal",74.3020423035619,74.727568962664,13.2565954459774
"Utqiagvik","1pt","BNL2100",20160717,"ERAN6","SVC_HR-1024i",5.12,18,85.9784295244678,"Cal",63.9143784999063,63.4527240193965,-22.5257055050713
"Utqiagvik","1pt","BNL2101",20160717,"ERAN6","SVC_HR-1024i",5.43,15,69.8030632210809,"Cal",65.2328229507752,65.1644522587025,-4.63861096237837
"Utqiagvik","1pt","BNL2102",20160717,"ERAN6","SVC_HR-1024i",4.99,15,72.4383678570257,"Cal",62.7317203880831,62.5758672478339,-9.86250060919176
"Utqiagvik","1pt","BNL2103",20160718,"SAPU15","SVC_HR-1024i",5.48,20,92.6803256063695,"Cal",71.5885062836821,71.0297827392875,-21.650542867082
"Utqiagvik","1pt","BNL2105",20160718,"SAPU15","SVC_HR-1024i",5.29,14,65.9214292219995,"Cal",66.9067789666223,67.0864167843222,1.16498756232266
"Utqiagvik","1pt","BNL2106",20160718,"SAPU15","SVC_HR-1024i",5.99,18,79.9181851329597,"Cal",70.5843193957756,70.3417834523775,-9.57640168058217
"Utqiagvik","1pt","BNL2107",20160718,"ARLA2","SVC_HR-1024i",5.03,21,101.072144743755,"Cal",67.5467306448849,66.8875403849172,-34.1846043588378
"Utqiagvik","1pt","BNL2110",20160718,"ARFU2","SVC_HR-1024i",4.92,14,68.0096541022338,"Cal",75.1745432669064,75.3946683457078,7.38501424347396
"Utqiagvik","1pt","BNL2112",20160718,"ARFU2","SVC_HR-1024i",5.2,8,37.9559378270936,"Cal",70.7592076545117,72.0886279936755,34.1326901665819
"Utqiagvik","1pt","BNL2114",20160718,"ARFU2","SVC_HR-1024i",6.31,24,103.742844726716,"Cal",74.1944862794409,73.614932992365,-30.127911734351
"Utqiagvik","1pt","BNL2115",20160718,"ARFU2","SVC_HR-1024i",4.97,18,87.0728311932441,"Cal",71.1162162190305,70.9215412535081,-16.151289939736
"Utqiagvik","1pt","BNL2116",20160718,"ARFU2","SVC_HR-1024i",5.88,9,40.3290768810216,"Cal",71.3947935367217,72.4249679082796,32.095891027258
"Utqiagvik","1pt","BNL2117",20160718,"ARFU2","SVC_HR-1024i",5.59,11,50.5051979910619,"Cal",73.4245640965743,73.7844679085926,23.2792699175307
"Utqiagvik","1pt","BNL2118",20160718,"ARFU2","SVC_HR-1024i",5.93,16,71.3963435410993,"Cal",72.8810176977768,72.9256547401076,1.5293111990083
"Utqiagvik","1pt","BNL2123",20160718,"ARLA2","SVC_HR-1024i",5.13,12,57.2706680432459,"Cal",70.954296097839,71.4504718087865,14.1798037655406
"Utqiagvik","1pt","BNL2124",20160718,"ARLA2","SVC_HR-1024i",5.2,14,66.4228911974138,"Cal",71.0123343886717,71.1180103057499,4.6951191083361
"Utqiagvik","1pt","BNL2125",20160718,"ARLA2","SVC_HR-1024i",6.72,22,91.8993376069523,"Cal",69.3671645185174,68.9081346222592,-22.9912029846931
"Utqiagvik","1pt","BNL2141",20160719,"CAAQ","SVC_HR-1024i",5.59,15,68.8707245332663,"Cal",70.2961180585403,70.3095963814086,1.43887184814227
"Utqiagvik","1pt","BNL2144",20160719,"CAAQ","SVC_HR-1024i",6.45,18,76.9026531208928,"Cal",73.0825123843812,72.9687171580227,-3.93393596287007
"Utqiagvik","1pt","BNL2146",20160719,"CAAQ","SVC_HR-1024i",7.43,19,74.8199927041432,"Cal",73.7129618904168,73.6466630049718,-1.17332969917143
"Utqiagvik","1pt","BNL2148",20160719,"PEFR5","SVC_HR-1024i",5.31,19,89.3143207600438,"Cal",82.7205919244803,82.422366608678,-6.89195415136575
"Utqiagvik","1pt","BNL2149",20160718,"CAAQ","SVC_HR-1024i",5.14,13,61.9909628116398,"Cal",74.3142326692845,74.6335855189212,12.6426227072814
"Utqiagvik","1pt","BNL2159",20160719,"CAAQ","SVC_HR-1024i",5.15,15,71.4677880942653,"Cal",72.8797831929072,72.8935091350104,1.4257210407451
"Utqiagvik","1pt","BNL2162",20160719,"CAAQ","SVC_HR-1024i",4.94,12,58.1956803126514,"Cal",69.3386964898569,69.6902892782686,11.4946089656172
"Utqiagvik","1pt","BNL2163",20160719,"CAAQ","SVC_HR-1024i",5.04,10,48.0890225697244,"Cal",74.115107885465,74.8715699239789,26.7825473542545
"Utqiagvik","1pt","BNL2165",20160719,"PEFR5","SVC_HR-1024i",6.15,15,65.7124921733215,"Cal",71.2486383948833,71.4805474381842,5.76805526486271
"Utqiagvik","1pt","BNL2166",20160719,"PEFR5","SVC_HR-1024i",5.42,14,65.2043350307549,"Cal",85.9787215461108,86.9907820358458,21.7864470050908
"Utqiagvik","1pt","BNL2167",20160719,"CAAQ","SVC_HR-1024i",5.18,18,85.5448566287412,"Cal",73.5454677588565,73.2953906335072,-12.249465995234
"Utqiagvik","1pt","BNL2175",20160720,"ARLA2","SVC_HR-1024i",5.61,10,45.8367572348937,"Cal",66.2755926535729,66.9148224067107,21.078065171817
"Utqiagvik","1pt","BNL2176",20160720,"ARLA2","SVC_HR-1024i",5.14,12,57.2224272107445,"Cal",69.4369956211731,69.8057992002925,12.583371989548
"Utqiagvik","1pt","BNL2177",20160720,"ARLA2","SVC_HR-1024i",6.91,11,45.228489843748,"Cal",65.4685678812829,66.1460240764194,20.9175342326714
"Utqiagvik","1pt","BNL2182",20160720,"ARFU2","SVC_HR-1024i",6.22,17,74.0394200243078,"Cal",67.1862309021467,67.0403329837299,-6.99908704057793
"Utqiagvik","1pt","BNL2183",20160720,"ARFU2","SVC_HR-1024i",7.09,11,44.5565931620054,"Cal",70.2928441504462,70.8549536833447,26.2983605213393
"Utqiagvik","1pt","BNL2185",20160720,"ARFU2","SVC_HR-1024i",7.56,18,70.1226931844253,"Cal",69.1593539517267,69.1837098889164,-0.938983295508919
"Utqiagvik","1pt","BNL2186",20160720,"PEFR5","SVC_HR-1024i",6.36,14,60.2643890320815,"Cal",91.8306194087938,93.4333657136869,33.1689766816054
"Utqiagvik","1pt","BNL2187",20160720,"ARFU2","SVC_HR-1024i",7,14,57.1342246934025,"Cal",71.4218064036958,71.7346877270805,14.600463033678
"Utqiagvik","ACi","BNL2808",20140715,"PEFR5","SVC_HR-1024i",20.31,95,134.786023561875,"Cal",92.2343215511373,90.9568812626073,-43.8291422992677
"Utqiagvik","ACi","BNL2811",20140715,"PEFR5","SVC_HR-1024i",18.48,68,110.926141186682,"Cal",93.5687526271706,92.8201891050344,-18.1059520816476
"Utqiagvik","ACi","BNL2821",20140716,"ERAN6","SVC_HR-1024i",15.62,28,57.0079389538632,"Cal",75.5639236491096,76.645900493865,19.6379615400018
"Utqiagvik","ACi","BNL2822",20140716,"ERAN6","SVC_HR-1024i",15.77,36,72.4409705209605,"Cal",80.8395266996565,81.1743280342538,8.73335751329329
