"Location","Sample_ID","Sample_Date","USDA_Species_Code","Spec_Instrument","Cmass_mg_g","Nmass_mg_g","LMA_gDW_m2","Carea_g_m2","Narea_g_m2","sqrt_Narea_g_m2","CN_ratio","PLSR_Predicted","PLSR_CV_Predicted","PLSR_CV_Residuals"
"Seward_Peninsula","BNL13052",20190706,"ALVI5","SVC_HR-1024i",491.1,24.2,94.611,46.463,2.29,1.51327459504216,20.2933884297521,1.94284872051526,1.93369373257964,-0.356306267420362
"Seward_Peninsula","BNL12962",20190705,"ALVI5","SVC_HR-1024i",495.9,27.5,87.47,43.376,2.405,1.55080624192708,18.0327272727273,2.24253669334537,2.23945382111873,-0.165546178881268
"Seward_Peninsula","BNL13319",20180725,"ALVI5","SVC_HR-1024i",507.4,30.1,98.38,49.92,2.96,1.72046505340853,16.86,2.41399965079603,2.37008469441658,-0.589915305583423
"Seward_Peninsula","BNL13403",20190706,"ALVI5","SVC_HR-1024i",505.7,29.8,82.788,41.866,2.467,1.57066864742377,16.9697986577181,2.28094898563383,2.27661878657814,-0.190381213421865
"Seward_Peninsula","BNL12974",20190704,"ALVI5","SVC_HR-1024i",508.9,21.2,95.456,48.578,2.024,1.4226735395023,24.0047169811321,1.87944140311355,1.87500208128997,-0.148997918710035
"Seward_Peninsula","BNL13051",20190706,"ALVI5","SVC_HR-1024i",494.7,24.9,95.07,47.031,2.367,1.53850576859497,19.8674698795181,2.29058221235313,2.28816762537356,-0.0788323746264434
"Seward_Peninsula","BNL12963",20190705,"ALVI5","SVC_HR-1024i",506.4,29.6,91.55,46.361,2.71,1.64620776331543,17.1081081081081,2.18871438094631,2.17864573170612,-0.531354268293882
"Seward_Peninsula","BNL12953",20190704,"ALVI5","SVC_HR-1024i",490.2,28.4,75.076,36.802,2.132,1.46013697987552,17.2605633802817,2.05886883295292,2.05713965206714,-0.0748603479328587
"Seward_Peninsula","BNL13315",20180725,"ALVI5","SVC_HR-1024i",500.6,31.3,85.4,42.75,2.67,1.63401346383682,15.99,2.61521683279464,2.61005049369847,-0.0599495063015283
"Seward_Peninsula","BNL12988",20190705,"ALVI5","SVC_HR-1024i",505.4,28,72.118,36.449,2.019,1.42091519803259,18.05,2.10645963722698,2.1084283027746,0.0894283027746039
"Seward_Peninsula","BNL13318",20180725,"ALVI5","SVC_HR-1024i",499.3,28.1,94.57,47.22,2.66,1.63095064303001,17.77,2.29933648348497,2.28643943546549,-0.373560564534509
"Seward_Peninsula","BNL13316",20180725,"ALVI5","SVC_HR-1024i",502.7,27.6,107.5,54.04,2.97,1.72336879396141,18.21,2.26163396584419,2.24426176032923,-0.725738239670775
"Seward_Peninsula","BNL12977",20190704,"ALVI5","SVC_HR-1024i",491.6,20.9,100.747,49.527,2.106,1.45120639469374,23.5215311004785,2.15220860161499,2.1565210803384,0.0505210803384046
"Seward_Peninsula","BNL13053",20190706,"ALVI5","SVC_HR-1024i",487.5,20.4,93.438,45.551,1.906,1.38057958843379,23.8970588235294,2.17642860133868,2.18187291173227,0.275872911732274
"Seward_Peninsula","BNL12954",20190704,"ALVI5","SVC_HR-1024i",491.3,26.9,64.774,31.823,1.742,1.31984847615171,18.2639405204461,2.10429745397555,2.12500116602441,0.383001166024405
"Seward_Peninsula","BNL13313",20180725,"ALVI5","SVC_HR-1024i",490.5,22.6,92.26,45.25,2.09,1.4456832294801,21.7,2.07883638367191,2.07929420785746,-0.0107057921425353
"Seward_Peninsula","BNL12985",20190705,"ALVI5","SVC_HR-1024i",503.1,26.6,93.948,47.265,2.499,1.58082257068907,18.9135338345865,2.05709280118446,2.04800816821882,-0.450991831781184
"Seward_Peninsula","BNL12956",20190705,"ALVI5","SVC_HR-1024i",494.2,24.3,71.098,35.137,1.728,1.3145341380124,20.3374485596708,2.02707421293387,2.03142029653732,0.303420296537316
"Seward_Peninsula","BNL12979",20190704,"ALVI5","SVC_HR-1024i",508.8,26.3,87.419,44.479,2.299,1.51624536272992,19.3460076045627,2.25902838615013,2.25827746135838,-0.0407225386416239
"Seward_Peninsula","BNL13419",20190706,"ALVI5","SVC_HR-1024i",498.1,23.4,98.416,49.021,2.303,1.51756383720752,21.2863247863248,2.13959204173478,2.13518160299004,-0.167818397009961
"Seward_Peninsula","BNL12957",20190705,"ALVI5","SVC_HR-1024i",499.1,29.7,67.018,33.449,1.99,1.41067359796659,16.8047138047138,1.8887569695589,1.88664129207743,-0.10335870792257
"Seward_Peninsula","BNL12949",20190704,"ALVI5","SVC_HR-1024i",487.9,28.5,73.189,35.709,2.086,1.44429913799046,17.119298245614,1.98762543658439,1.98577022246765,-0.100229777532348
"Seward_Peninsula","BNL12975",20190704,"ALVI5","SVC_HR-1024i",467.1,23.1,87.47,40.857,2.021,1.42161879559888,20.2207792207792,2.21446011750174,2.22429852076662,0.203298520766624
"Seward_Peninsula","BNL12952",20190704,"ALVI5","SVC_HR-1024i",489.9,29,85.005,41.644,2.465,1.57003184681076,16.8931034482759,2.07670573787298,2.04753405427709,-0.417465945722912
"Seward_Peninsula","BNL13320",20180725,"ALVI5","SVC_HR-1024i",502.7,23.3,89.8,45.14,2.09,1.4456832294801,21.58,1.75537475091788,1.74829023363859,-0.341709766361411
"Seward_Peninsula","BNL12960",20190705,"ALVI5","SVC_HR-1024i",510.5,28.1,76.76,39.186,2.157,1.46867287031524,18.1672597864769,2.22609334257399,2.22716803542885,0.070168035428845
"Seward_Peninsula","BNL12978",20190704,"ALVI5","SVC_HR-1024i",488.4,24.4,72.552,35.434,1.77,1.33041346956501,20.016393442623,2.05483636326882,2.06622231496409,0.296222314964093
"Seward_Peninsula","BNL12980",20190704,"ALVI5","SVC_HR-1024i",490,26,92.621,45.385,2.408,1.55177317930167,18.8461538461538,2.56523276491982,2.58106703228632,0.173067032286322
"Seward_Peninsula","BNL13401",20190706,"ALVI5","SVC_HR-1024i",507.4,21.7,102.141,51.826,2.216,1.48862352527427,23.3824884792627,2.07924235439806,2.07640853858812,-0.139591461411884
"Seward_Peninsula","BNL12955",20190704,"ALVI5","SVC_HR-1024i",486.8,32.7,66.61,32.426,2.178,1.47580486514986,14.8868501529052,2.23501671509231,2.23880406648894,0.0608040664889442
"Seward_Peninsula","BNL13404",20190706,"ALVI5","SVC_HR-1024i",500.7,25.1,101.96,51.051,2.559,1.59968746947646,19.9482071713147,2.28767214882669,2.28054937087572,-0.278450629124281
"Seward_Peninsula","BNL12976",20190704,"ALVI5","SVC_HR-1024i",495.4,29.4,79.31,39.29,2.332,1.52708873350569,16.8503401360544,2.18309217766689,2.17456363431258,-0.157436365687417
"Seward_Peninsula","BNL12958",20190705,"ALVI5","SVC_HR-1024i",496.2,26.2,53.383,26.489,1.399,1.1827933040054,18.9389312977099,2.04023335045415,2.05068443796577,0.651684437965768
"Seward_Peninsula","BNL13028",20180725,"ALVI5","SVC_HR-1024i",504.4,29.4,85.89,43.32,2.53,1.59059737205869,17.16,2.37942047348993,2.36958303359631,-0.160416966403691
"Seward_Peninsula","BNL12961",20190705,"ALVI5","SVC_HR-1024i",497.9,23.6,92.315,45.964,2.179,1.47614362444852,21.0974576271186,2.22680777144791,2.22804026384427,0.0490402638442715
"Seward_Peninsula","BNL13415",20190706,"ALVI5","SVC_HR-1024i",495.5,23,96.978,48.053,2.23,1.49331845230681,21.5434782608696,2.34681487663429,2.34892405884419,0.118924058844192
"Seward_Peninsula","BNL13331",20180725,"ARAL13","SVC_HR-1024i",506.4,17.2,130.16,65.91,2.24,1.49666295470958,29.44,1.80118369656002,1.78641378536136,-0.453586214638639
"Seward_Peninsula","BNL13330",20180725,"ARAL13","SVC_HR-1024i",506.6,17.3,120.65,61.12,2.09,1.4456832294801,29.28,1.78974877834252,1.78077306236066,-0.309226937639344
"Seward_Peninsula","BNL13448",20190708,"ARALA7","SVC_HR-1024i",461.3,22.3,79.989,36.899,1.784,1.33566462856512,20.6860986547085,2.07650625970533,2.08703235882959,0.303032358829592
"Seward_Peninsula","BNL12965",20190705,"ARALA7","SVC_HR-1024i",489.3,15.9,103.25,50.52,1.642,1.28140547837131,30.7735849056604,1.80523608184614,1.810517392533,0.168517392533002
"Seward_Peninsula","BNL12992",20190707,"ARALA7","SVC_HR-1024i",485,13.2,98.149,47.602,1.296,1.13841995766062,36.7424242424242,1.75928787097221,1.77205372052703,0.476053720527028
"Seward_Peninsula","BNL13101",20190705,"ARALA7","SVC_HR-1024i",494.6,16.9,113.333,56.054,1.915,1.3838352503098,29.2662721893491,2.11175495041698,2.1159281358627,0.2009281358627
"Seward_Peninsula","BNL2356",20160728,"ARRU","SVC_HR-1024i",475.6,14.5,86.76,41.264,1.258,1.1216059914248,32.8,1.4067557036066,1.41628226434076,0.158282264340764
"Seward_Peninsula","BNL13324",20180725,"BEGL","SVC_HR-1024i",514.7,23,93.25,48,2.14,1.46287388383278,22.38,2.03461522676973,2.0323211524203,-0.107678847579697
"Seward_Peninsula","BNL13422",20190706,"BEGL","SVC_HR-1024i",507.3,23.9,80.144,40.657,1.915,1.3838352503098,21.2259414225941,2.00472659322815,2.00587779096255,0.090877790962554
"Seward_Peninsula","BNL12983",20190704,"BEGL","SVC_HR-1024i",502.9,23.6,80.581,40.524,1.902,1.37913016064474,21.3093220338983,1.91492857798014,1.91515831106362,0.0131583110636193
"Seward_Peninsula","BNL12969",20190705,"BEGL","SVC_HR-1024i",506.7,21.9,71.303,36.129,1.562,1.24979998399744,23.1369863013699,1.9028760693601,1.90713883161653,0.345138831616528
"Seward_Peninsula","BNL13035",20190707,"BEGL","SVC_HR-1024i",497,24.4,74.223,36.889,1.811,1.3457340004622,20.3688524590164,1.93734994399099,1.93909836328219,0.128098363282192
"Seward_Peninsula","BNL12964",20190705,"BENA","SVC_HR-1024i",500.2,27.4,64.773,32.4,1.775,1.33229125944742,18.2554744525547,2.01358682078868,2.02260845435377,0.247608454353772
"Seward_Peninsula","BNL13432",20190711,"BENA","SVC_HR-1024i",499.1,21.1,74.119,36.993,1.564,1.25059985606908,23.654028436019,2.12741116656822,2.14371293544247,0.579712935442473
"Seward_Peninsula","BNL12986",20190704,"BENA","SVC_HR-1024i",493.6,23.2,99.874,49.298,2.317,1.52216950435883,21.2758620689655,1.88641441408139,1.87211193482003,-0.44488806517997
"Seward_Peninsula","BNL13322",20180725,"BENA","SVC_HR-1024i",524.1,21.2,104.56,54.8,2.22,1.48996644257513,24.72,2.04326304262472,2.03993498826979,-0.180065011730212
"Seward_Peninsula","BNL13332",20180725,"BENA","SVC_HR-1024i",508.2,22.4,100.47,51.06,2.25,1.5,22.69,1.8964345992501,1.88652229561907,-0.363477704380931
"Seward_Peninsula","BNL13417",20190706,"BENA","SVC_HR-1024i",508.8,22.9,89.916,45.749,2.059,1.43492160064583,22.2183406113537,2.13304243688257,2.13461327393313,0.0756132739331257
"Seward_Peninsula","BNL13421",20190706,"BENA","SVC_HR-1024i",507.6,19.9,88.284,44.813,1.757,1.32551876637036,25.5075376884422,2.09208036444725,2.0967449385254,0.339744938525397
"Seward_Peninsula","BNL13036",20190707,"BENA","SVC_HR-1024i",494.8,20.8,84.574,41.847,1.759,1.32627297341083,23.7884615384615,1.94359689081639,1.94587778900183,0.186877789001832
"Seward_Peninsula","BNL13082",20170730,"CAAQ","SVC_HR-1024i",465.6,18.5,75.53,35.17,1.4,1.18321595661992,25.17,1.58101915286875,1.59252598464261,0.192525984642614
"Seward_Peninsula","BNL13148",20170730,"CAAQ","SVC_HR-1024i",451.3,15.9,71.9,32.45,1.14,1.06770782520313,28.38,1.47138492891118,1.5129205100644,0.372920510064403
"Seward_Peninsula","BNL13086",20170730,"CAAQ","SVC_HR-1024i",456.8,18.8,60.52,27.65,1.14,1.06770782520313,24.3,1.60217696645263,1.62199952952456,0.481999529524556
"Seward_Peninsula","BNL13088",20170730,"CAAQ","SVC_HR-1024i",462.6,15.4,74.46,34.45,1.15,1.07238052947636,30.04,1.68100624352611,1.69740537196773,0.547405371967727
"Seward_Peninsula","BNL13153",20170730,"CAAQ","SVC_HR-1024i",456,13.1,67.83,30.93,0.89,0.94339811320566,34.81,1.36183469437752,1.43368488537942,0.543684885379416
"Seward_Peninsula","BNL2358",20160728,"CHLA13","SVC_HR-1024i",424.2,22.7,60.35,25.602,1.37,1.17046999107196,18.687,1.62490972132725,1.64247218995794,0.272472189957942
"Seward_Peninsula","BNL13041",20190708,"DAFRF","SVC_HR-1024i",474.5,20.3,59.852,28.4,1.215,1.10227038425243,23.3743842364532,1.52978507500758,1.58360581567487,0.368605815674867
"Seward_Peninsula","BNL13499",20190708,"DROCA2","SVC_HR-1024i",503.5,30,56.801,28.599,1.704,1.30537350976646,16.7833333333333,1.72170453877609,1.73780795968292,0.0338079596829199
"Seward_Peninsula","BNL12991",20190707,"DROCA2","SVC_HR-1024i",497.3,23.7,74.767,37.182,1.772,1.3311649033835,20.9831223628692,2.28857973671273,2.32349617591632,0.551496175916316
"Seward_Peninsula","BNL13055",20190705,"EMNI","SVC_HR-1024i",525.1,11.7,185.754,97.54,2.173,1.47410990092327,44.8803418803419,1.81791886993854,1.81011258977321,-0.362887410226789
"Seward_Peninsula","BNL12981",20190704,"EMNI","SVC_HR-1024i",533.1,12.6,166.834,88.939,2.102,1.44982757595515,42.3095238095238,1.42415214480365,1.39548303107298,-0.706516968927017
"Seward_Peninsula","BNL13077",20170730,"EQAR","SVC_HR-1024i",367.1,17.3,123.17,45.21,2.13,1.45945195193264,21.22,1.6633331832201,1.64319613265846,-0.486803867341545
"Seward_Peninsula","BNL13430",20190711,"EQAR","SVC_HR-1024i",391.6,17.4,77.653,30.409,1.351,1.16232525568362,22.5057471264368,1.51434264268542,1.53819449019716,0.187194490197162
"Seward_Peninsula","BNL13044",20190708,"EQAR","SVC_HR-1024i",396.9,31.3,55.773,22.136,1.746,1.32136293273271,12.6805111821086,1.67753396455063,1.67561295332046,-0.0703870466795431
"Seward_Peninsula","BNL13087",20170730,"EQAR","SVC_HR-1024i",375.3,17.8,71.78,26.94,1.28,1.13137084989848,21.08,1.46008250910082,1.46988480146452,0.189884801464522
"Seward_Peninsula","BNL13043",20190708,"ERAN6","SVC_HR-1024i",465.8,25.9,65.435,30.48,1.695,1.30192165662915,17.984555984556,2.05059240976464,2.06069786585546,0.365697865855465
"Seward_Peninsula","BNL13434",20190711,"ERAN6","SVC_HR-1024i",456.7,25.6,51.368,23.46,1.315,1.14673449411797,17.83984375,1.67588823577854,1.68645187320406,0.371451873204056
"Seward_Peninsula","BNL13435",20190711,"ERAN6","SVC_HR-1024i",464.4,24.8,50.369,23.391,1.249,1.11758668567588,18.7258064516129,1.68002220240208,1.70856908083262,0.459569080832621
"Seward_Peninsula","BNL13436",20190711,"ERAN6","SVC_HR-1024i",474.9,29.5,56.183,26.681,1.657,1.28724512040248,16.0983050847458,1.79813036602024,1.80740920753844,0.150409207538441
"Seward_Peninsula","BNL13427",20190706,"ERVA4","SVC_HR-1024i",480,20.1,69.049,33.143,1.388,1.17813411800185,23.8805970149254,1.60845047802955,1.62270629196842,0.234706291968423
"Seward_Peninsula","BNL13420",20190706,"ERVA4","SVC_HR-1024i",493.1,22.6,53.918,26.587,1.219,1.10408333018844,21.8185840707965,1.70868537295287,1.725590592178,0.506590592177995
"Seward_Peninsula","BNL13407",20190706,"ERVA4","SVC_HR-1024i",476.1,18.4,73.59,35.036,1.354,1.16361505662311,25.875,1.71375636498391,1.72313610363772,0.36913610363772
"Seward_Peninsula","BNL13429",20190706,"ERVA4","SVC_HR-1024i",480.6,20.6,64.517,31.007,1.329,1.15282262295637,23.3300970873786,1.58399539401577,1.59920501582627,0.27020501582627
"Seward_Peninsula","BNL12994",20190707,"KAPR","SVC_HR-1024i",567.4,6.6,275.094,156.089,1.816,1.34759044223384,85.969696969697,1.34704400732582,1.31570451705073,-0.500295482949274
"Seward_Peninsula","BNL2360",20160728,"PEFR5","SVC_HR-1024i",423.3,14.4,55.89,23.659,0.805,0.897217922246318,29.396,0.770499198776368,0.772870566401168,-0.0321294335988319
"Seward_Peninsula","BNL13405",20190706,"PEFR5","SVC_HR-1024i",451.3,22.5,68.732,31.019,1.546,1.24338248338956,20.0577777777778,1.70819142373233,1.71424367211116,0.168243672111156
"Seward_Peninsula","BNL13496",20190708,"PEFR5","SVC_HR-1024i",414.3,25.7,59.569,24.679,1.531,1.23733584769859,16.1206225680934,1.48962976244253,1.49443184901866,-0.0365681509813425
"Seward_Peninsula","BNL13495",20190708,"PEFR5","SVC_HR-1024i",442.3,36,57.768,25.551,2.08,1.4422205101856,12.2861111111111,1.89015191742732,1.88302941336427,-0.19697058663573
"Seward_Peninsula","BNL12970",20190713,"RUCH","SVC_HR-1024i",478.6,20.7,106.952,51.187,2.214,1.48795161211647,23.1207729468599,1.64328833549137,1.62412174353599,-0.589878256464011
"Seward_Peninsula","BNL13433",20190711,"RUCH","SVC_HR-1024i",475.3,26.4,85.954,40.854,2.269,1.50632001911944,18.0037878787879,1.99104701932751,1.98618089003692,-0.282819109963078
"Seward_Peninsula","BNL13413",20190706,"RUCH","SVC_HR-1024i",472.4,31.5,66.947,31.626,2.109,1.45223964964464,14.9968253968254,2.08256055803881,2.08167380403087,-0.0273261959691316
"Seward_Peninsula","BNL13078",20170730,"RUCH","SVC_HR-1024i",460.4,26.5,68.09,31.35,1.8,1.34164078649987,17.37,1.89330713024404,1.89505160434593,0.0950516043459255
"Seward_Peninsula","BNL13048",20190706,"RUCH","SVC_HR-1024i",471.5,23.7,76.86,36.239,1.822,1.34981480211176,19.8945147679325,1.70137831290465,1.69868765669791,-0.123312343302088
"Seward_Peninsula","BNL12989",20190713,"RUCH","SVC_HR-1024i",482.6,17.7,86.725,41.854,1.535,1.23895116933639,27.2655367231638,1.31706700189995,1.30308487234218,-0.231915127657825
"Seward_Peninsula","BNL13416",20190706,"RUCH","SVC_HR-1024i",478.8,23.1,95.262,45.611,2.201,1.48357675905226,20.7272727272727,2.00328561946753,1.99829379832836,-0.202706201671642
"Seward_Peninsula","BNL13150",20170730,"SAAL","SVC_HR-1024i",478.1,20.6,98.06,46.88,2.02,1.42126704035519,23.21,2.09043163341062,2.09478836274747,0.0747883627474737
"Seward_Peninsula","BNL14203",20190708,"SAGL","SVC_HR-1024i",469.2,20.1,98.893,46.401,1.988,1.40996453856117,23.3432835820896,2.06375081745745,2.06523765545034,0.0772376554503391
"Seward_Peninsula","BNL13075",20170730,"SAGL","SVC_HR-1024i",470,21.3,91.81,43.15,1.96,1.4,22.07,1.99149342107285,1.99212326169446,0.0321232616944558
"Seward_Peninsula","BNL14208",20190708,"SAGL","SVC_HR-1024i",469,22.4,101.716,47.705,2.278,1.50930447557807,20.9375,2.14312448928281,2.13948960661012,-0.138510393389881
"Seward_Peninsula","BNL15359",20190708,"SAGL","SVC_HR-1024i",470.2,25.2,93.945,44.173,2.367,1.53850576859497,18.6587301587302,2.1522405004674,2.14513578174242,-0.221864218257577
"Seward_Peninsula","BNL13500",20190705,"SAPH","SVC_HR-1024i",508,22.5,114.4,58.115,2.574,1.60436903485451,22.5777777777778,1.99822652717591,1.9898108435847,-0.584189156415305
"Seward_Peninsula","BNL12998",20190707,"SAPH","SVC_HR-1024i",503.2,21.7,78.162,39.331,1.696,1.30230564768798,23.1889400921659,1.86907721269162,1.88135172574546,0.185351725745456
"Seward_Peninsula","BNL14204",20190708,"SAPU15","SVC_HR-1024i",501.3,22.6,95.719,47.984,2.163,1.47071411225976,22.1814159292035,2.03930182987397,2.03703922392799,-0.125960776072006
"Seward_Peninsula","BNL13191",20170730,"SAPU15","SVC_HR-1024i",502.2,19.9,103.39,51.92,2.06,1.43527000944073,25.24,1.92630010577869,1.92403187097734,-0.135968129022656
"Seward_Peninsula","BNL2346",20160728,"SAPU15","SVC_HR-1024i",507.5,18.4,89.76,45.552,1.652,1.28530152104477,27.582,1.1958274683886,1.16905575614572,-0.482944243854281
"Seward_Peninsula","BNL13152",20170730,"SAPU15","SVC_HR-1024i",504.4,22.8,118.33,59.68,2.7,1.6431676725155,22.12,1.87229275465328,1.85108034013198,-0.848919659868016
"Seward_Peninsula","BNL13071",20190705,"SAPU15","SVC_HR-1024i",499.9,21,101.355,50.668,2.128,1.45876660230484,23.8047619047619,2.06462823448142,2.06367472086912,-0.0643252791308813
"Seward_Peninsula","BNL14209",20190708,"SAPU15","SVC_HR-1024i",502,19.6,99.601,50,1.952,1.39713993572584,25.6122448979592,2.06899201444144,2.07333437254011,0.121334372540108
"Seward_Peninsula","BNL14207",20190708,"SAPU15","SVC_HR-1024i",509.1,22.6,94.306,48.011,2.131,1.45979450608639,22.5265486725664,2.03934636133096,2.03592617669409,-0.0950738233059063
"Seward_Peninsula","BNL14202",20190708,"SAPU15","SVC_HR-1024i",373.5,14.2,100.163,37.411,1.422,1.19247641486111,26.3028169014085,2.02542360083567,2.03894497656993,0.616944976569932
"Seward_Peninsula","BNL2345",20160728,"SAPU15","SVC_HR-1024i",505.2,17,90.74,45.842,1.543,1.24217551094843,29.718,1.57604918071866,1.57837544629537,0.0353754462953708
"Seward_Peninsula","BNL13039",20190708,"SAPU15","SVC_HR-1024i",501.7,22.9,85.345,42.818,1.954,1.39785550040052,21.9082969432314,2.12087965234249,2.12706633895531,0.173066338955312
"Seward_Peninsula","BNL13076",20170730,"SAPU15","SVC_HR-1024i",517.5,21.9,111.12,57.51,2.43,1.55884572681199,23.63,1.9096531414158,1.88565991335785,-0.544340086642154
"Seward_Peninsula","BNL13328",20180725,"SAPU15","SVC_HR-1024i",496.8,25.5,88.79,44.11,2.26,1.50332963783729,19.48,1.84325171669851,1.80685649843833,-0.453143501561668
"Seward_Peninsula","BNL13327",20180725,"SAPU15","SVC_HR-1024i",501.2,20,112.76,56.52,2.26,1.50332963783729,25.06,1.96857162299385,1.95906842755719,-0.300931572442806
"Seward_Peninsula","BNL13452",20190708,"SAPU15","SVC_HR-1024i",502.6,25.2,71.247,35.809,1.795,1.33977610069743,19.9444444444444,2.02777838056259,2.03660483482536,0.24160483482536
"Seward_Peninsula","BNL13085",20170730,"SAPU15","SVC_HR-1024i",508.9,24.1,93.15,47.4,2.24,1.49666295470958,21.12,1.79200572588205,1.78748198201546,-0.452518017984536
"Seward_Peninsula","BNL13412",20190706,"SAPU15","SVC_HR-1024i",470.4,19.6,96.141,45.225,1.884,1.37258879494188,24,2.05789511508562,2.06195943503529,0.177959435035295
"Seward_Peninsula","BNL13426",20190706,"SAPU15","SVC_HR-1024i",505.7,22.9,83.662,42.308,1.916,1.38419651783986,22.0829694323144,1.83649388140822,1.83474320095716,-0.0812567990428434
"Seward_Peninsula","BNL13196",20170730,"SAPU15","SVC_HR-1024i",516.9,29.9,80.56,41.64,2.41,1.552417469626,17.29,1.99483904483448,1.97573101138767,-0.434268988612329
"Seward_Peninsula","BNL13197",20170730,"SAPU15","SVC_HR-1024i",511,31.6,87.7,44.82,2.77,1.66433169770932,16.17,2.16900584955449,2.14310666910751,-0.626893330892491
"Seward_Peninsula","BNL2343",20160728,"SAPU15","SVC_HR-1024i",501.8,18.9,92.9,46.617,1.756,1.3251415018782,26.55,1.43148805525929,1.41854101302394,-0.33745898697606
"Seward_Peninsula","BNL13189",20170730,"SAPU15","SVC_HR-1024i",506.2,21.1,127.22,64.4,2.68,1.63707055437449,23.99,1.89031595317313,1.88111144395707,-0.798888556042933
"Seward_Peninsula","BNL13183",20170730,"SAPU15","SVC_HR-1024i",496.3,24.5,108.77,53.98,2.66,1.63095064303001,20.26,2.01213904548581,2.00114424138131,-0.658855758618694
"Seward_Peninsula","BNL13449",20190708,"SARI4","SVC_HR-1024i",461.9,28.5,69.693,32.191,1.986,1.40925512239623,16.2070175438596,2.08741271710314,2.09312774348323,0.107127743483234
"Seward_Peninsula","BNL13198",20170730,"SARI4","SVC_HR-1024i",469.3,27.5,86.09,40.4,2.37,1.53948043183407,17.07,2.02799656183538,2.01220196219095,-0.357798037809046
"Seward_Peninsula","BNL14205",20190708,"SARI4","SVC_HR-1024i",465.8,25.6,92.861,43.254,2.377,1.54175224987674,18.1953125,2.22959967433145,2.22093109906883,-0.156068900931169
"Seward_Peninsula","BNL13451",20190708,"VAUL","SVC_HR-1024i",514.7,22,96.056,49.44,2.113,1.45361618042728,23.3954545454545,2.05678729435015,2.05374554813683,-0.0592544518631732
"Seward_Peninsula","BNL13418",20190706,"VAUL","SVC_HR-1024i",506.8,17.6,106.094,53.769,1.867,1.36638208419168,28.7954545454545,2.05032680629677,2.05549335149365,0.188493351493648
"Seward_Peninsula","BNL2353",20160728,"VAUL","SVC_HR-1024i",503,15,86.05,43.284,1.291,1.13622180933126,33.533,1.40236309031377,1.41115286790516,0.120152867905158
"Seward_Peninsula","BNL2354",20160728,"VAUL","SVC_HR-1024i",508.6,18.6,89.4,45.467,1.663,1.28957357293021,27.344,1.62864833138754,1.626741607388,-0.0362583926119993
"Seward_Peninsula","BNL2352",20160728,"VAUL","SVC_HR-1024i",498.3,15.7,93.49,46.585,1.468,1.21161049846888,31.739,1.38554504549544,1.38132655996611,-0.0866734400338913
"Seward_Peninsula","BNL2351",20160728,"VAUL","SVC_HR-1024i",503.9,16.3,86.72,43.696,1.413,1.18869676536954,30.914,1.48514232646729,1.49046942750135,0.0774694275013541
"Seward_Peninsula","BNL13185",20170730,"VAUL","SVC_HR-1024i",523.3,14.6,108.28,56.66,1.58,1.25698050899765,35.84,1.84244201747407,1.85052205131414,0.270522051314143
"Seward_Peninsula","BNL13431",20190711,"VAUL","SVC_HR-1024i",514.1,21,102.562,52.727,2.154,1.46765118471659,24.4809523809524,2.3053760871864,2.31494100952821,0.160941009528209
"Seward_Peninsula","BNL12999",20190707,"VAVI","SVC_HR-1024i",508.2,7.9,188.365,95.727,1.488,1.21983605455815,64.3291139240506,1.34364708797392,1.33076565581013,-0.157234344189866
"Utqiagvik","BNL1744",20150717,"ARFU2","SVC_HR-1024i",446.4,13.5,70.17,31.32,0.95,0.974679434480896,33.07,1.16877644875113,1.1813767008765,0.231376700876502
"Utqiagvik","BNL1749",20150717,"ARFU2","SVC_HR-1024i",436.2,8.6,84.33,36.79,0.73,0.854400374531753,50.72,1.11397474402395,1.14051391813289,0.410513918132895
"Utqiagvik","BNL1746",20150717,"ARFU2","SVC_HR-1024i",441.9,10.2,82.98,36.67,0.85,0.921954445729289,43.32,1.31426407314054,1.3399551639685,0.489955163968502
"Utqiagvik","BNL1714",20150715,"ARFU2","SVC_HR-1024i",453.7,23.2,57.85,26.24,1.34,1.15758369027902,19.56,1.20866195666052,1.2011763064756,-0.138823693524404
"Utqiagvik","BNL1745",20150717,"ARFU2","SVC_HR-1024i",437.5,8.6,94.47,41.33,0.81,0.9,50.87,1.10741882639262,1.13825674832893,0.328256748328929
"Utqiagvik","BNL1748",20150717,"ARFU2","SVC_HR-1024i",443.1,15,65.91,29.21,0.99,0.99498743710662,29.54,1.18733669981325,1.19719977303645,0.207199773036451
"Utqiagvik","BNL1685",20150715,"ARFU2","SVC_HR-1024i",442.1,23,63.64,28.14,1.46,1.20830459735946,19.22,1.35771134962438,1.35322821819621,-0.106771781803791
"Utqiagvik","BNL1715",20150715,"ARFU2","SVC_HR-1024i",454.3,22.6,60.61,27.53,1.37,1.17046999107196,20.1,1.29713591235787,1.29415980722272,-0.0758401927772783
"Utqiagvik","BNL1687",20150715,"ARFU2","SVC_HR-1024i",443.2,21.6,63.35,28.08,1.37,1.17046999107196,20.52,1.25120710521197,1.24767859091714,-0.122321409082861
"Utqiagvik","BNL1711",20150715,"ARFU2","SVC_HR-1024i",445.8,11.4,71.35,31.81,0.81,0.9,39.11,1.35196078357404,1.37625576591771,0.566255765917707
"Utqiagvik","BNL1681",20150715,"ARFU2","SVC_HR-1024i",436.5,21,71.07,31.02,1.49,1.22065556157337,20.79,1.08552403131579,1.03075069606867,-0.45924930393133
"Utqiagvik","BNL1713",20150715,"ARFU2","SVC_HR-1024i",447.4,17.9,68.28,30.55,1.22,1.10453610171873,24.99,1.10828822580437,1.10030547092899,-0.119694529071013
"Utqiagvik","BNL1712",20150715,"ARFU2","SVC_HR-1024i",453.1,16.1,65.68,29.76,1.06,1.0295630140987,28.14,1.01140877166598,1.01454083889624,-0.0454591611037554
"Utqiagvik","BNL1686",20150715,"ARFU2","SVC_HR-1024i",440.4,22.8,65.11,28.68,1.48,1.21655250605964,19.32,1.23524848846503,1.21967690894851,-0.260323091051493
"Utqiagvik","BNL1747",20150717,"ARFU2","SVC_HR-1024i",446.7,14.5,79.48,35.5,1.15,1.07238052947636,30.81,1.14580699579939,1.14698074095147,-0.00301925904853451
"Utqiagvik","BNL1684",20150715,"ARFU2","SVC_HR-1024i",441.4,11.3,75.45,33.31,0.85,0.921954445729289,39.06,1.3451954022756,1.3778426186239,0.527842618623899
"Utqiagvik","BNL1709",20150715,"CAAQ","SVC_HR-1024i",456.7,21,50.34,22.99,1.06,1.0295630140987,21.75,1.55046764163506,1.56824629874006,0.508246298740056
"Utqiagvik","BNL1706",20150715,"CAAQ","SVC_HR-1024i",459.8,29.1,54.99,25.28,1.6,1.26491106406735,15.8,1.66090584555391,1.66265394082151,0.0626539408215132
"Utqiagvik","BNL1581",20150711,"CAAQ","SVC_HR-1024i",435.2,33.5,61.64,26.83,2.07,1.43874945699382,12.99,1.6320644137885,1.62089384831622,-0.449106151683783
"Utqiagvik","BNL1596",20150711,"CAAQ","SVC_HR-1024i",437.8,27,54.08,23.68,1.46,1.20830459735946,16.21,1.55558243768885,1.55807456793345,0.0980745679334507
"Utqiagvik","BNL1703",20150715,"CAAQ","SVC_HR-1024i",465.9,36.8,59.2,27.58,2.18,1.47648230602334,12.66,1.8449329104409,1.82535010750763,-0.354649892492368
"Utqiagvik","BNL1705",20150715,"CAAQ","SVC_HR-1024i",456.6,29.6,60.17,27.47,1.78,1.33416640641263,15.43,1.73215149221917,1.73017008845301,-0.0498299115469945
"Utqiagvik","BNL1679",20150715,"CAAQ","SVC_HR-1024i",439.6,30.4,64.29,28.26,1.95,1.39642400437689,14.46,1.52351105655966,1.49869341750345,-0.451306582496548
"Utqiagvik","BNL1704",20150715,"CAAQ","SVC_HR-1024i",457.7,26.7,63.03,28.85,1.68,1.29614813968157,17.14,1.74474888218472,1.74651915546283,0.0665191554628297
"Utqiagvik","BNL1585",20150711,"CAAQ","SVC_HR-1024i",433,22.5,69.68,30.17,1.57,1.25299640861417,19.24,1.75720964146481,1.7647199326831,0.194719932683103
"Utqiagvik","BNL1578",20150711,"CAAQ","SVC_HR-1024i",444.4,30.1,56.26,25,1.69,1.3,14.76,1.69440076993407,1.69443558742758,0.00443558742757588
"Utqiagvik","BNL1652",20150713,"ERAN6","SVC_HR-1024i",453.2,28.4,62.77,28.45,1.78,1.33416640641263,15.96,1.62048912419304,1.60933079413161,-0.170669205868393
"Utqiagvik","BNL1648",20150713,"ERAN6","SVC_HR-1024i",453.1,21.1,66.86,30.29,1.41,1.18743420870379,21.47,1.84046967357146,1.85199464722501,0.441994647225006
"Utqiagvik","BNL1724",20150715,"ERAN6","SVC_HR-1024i",464.9,27.5,59.38,27.61,1.63,1.27671453348037,16.91,1.8722279280152,1.87716079702096,0.247160797020958
"Utqiagvik","BNL1939",20160712,"ERAN6","PSR+3500_SN1586067",461.6,27,54.09,24.97,1.46,1.20830459735946,17.1,1.69692507876249,1.71541798996459,0.25541798996459
"Utqiagvik","BNL1660",20150714,"ERAN6","SVC_HR-1024i",452.4,32.8,62.81,28.42,2.06,1.43527000944073,13.79,2.01467023155541,2.01331429924727,-0.0466857007527275
"Utqiagvik","BNL1761",20150720,"ERAN6","SVC_HR-1024i",479.4,29.2,55.56,26.63,1.62,1.27279220613579,16.42,1.9147633607187,1.93218356666204,0.312183566662041
"Utqiagvik","BNL1646",20150713,"ERAN6","SVC_HR-1024i",447.5,29.2,60.39,27.02,1.76,1.32664991614216,15.33,1.62864105481577,1.62494886636172,-0.135051133638276
"Utqiagvik","BNL1651",20150713,"ERAN6","SVC_HR-1024i",463.8,27.8,60.45,28.04,1.68,1.29614813968157,16.68,1.49789194967875,1.46970986531495,-0.21029013468505
"Utqiagvik","BNL1764",20150720,"ERAN6","SVC_HR-1024i",481,26.7,56.6,27.22,1.51,1.22882057274445,18.01,1.91046763503606,1.92908930890288,0.419089308902885
"Utqiagvik","BNL1723",20150715,"ERAN6","SVC_HR-1024i",457.9,23.8,53.71,24.59,1.28,1.13137084989848,19.24,1.77148375874169,1.78622920712139,0.506229207121385
"Utqiagvik","BNL1656",20150713,"ERAN6","SVC_HR-1024i",438.7,29.7,66.03,28.97,1.96,1.4,14.77,1.7775535847784,1.77087272636324,-0.189127273636763
"Utqiagvik","BNL1788",20150722,"ERAN6","SVC_HR-1024i",464.4,28.2,66.93,31.08,1.89,1.37477270848675,16.47,2.06521617977054,2.07043864251075,0.180438642510753
"Utqiagvik","BNL1657",20150713,"ERAN6","SVC_HR-1024i",457,31,66.67,30.47,2.07,1.43874945699382,14.74,1.87139763761231,1.8661033053764,-0.203896694623596
"Utqiagvik","BNL1733",20150715,"ERAN6","SVC_HR-1024i",483.9,30.2,58.71,28.41,1.77,1.33041346956501,16.02,1.55848223877576,1.54959658310299,-0.220403416897013
"Utqiagvik","BNL1787",20150722,"ERAN6","SVC_HR-1024i",466.2,26.9,70.34,32.79,1.89,1.37477270848675,17.33,2.11870720216484,2.13025407869378,0.240254078693781
"Utqiagvik","BNL1661",20150714,"ERAN6","SVC_HR-1024i",449.5,27.6,64.79,29.12,1.79,1.33790881602597,16.29,1.93341503173265,1.93626201409573,0.146262014095731
"Utqiagvik","BNL1658",20150714,"ERAN6","SVC_HR-1024i",442.9,25.6,61.38,27.19,1.57,1.25299640861417,17.3,1.75434832403242,1.76080684769214,0.190806847692143
"Utqiagvik","BNL1662",20150714,"ERAN6","SVC_HR-1024i",436.8,21.9,64.84,28.32,1.42,1.1916375287813,19.95,1.64955254880966,1.66373174758771,0.24373174758771
"Utqiagvik","BNL1655",20150713,"ERAN6","SVC_HR-1024i",463.4,30.4,54.12,25.08,1.65,1.28452325786651,15.24,1.58895420384537,1.58518779102748,-0.0648122089725216
"Utqiagvik","BNL1654",20150713,"ERAN6","SVC_HR-1024i",445.3,33.3,66.99,29.83,2.23,1.49331845230681,13.37,1.79028938254279,1.7785683953613,-0.451431604638698
"Utqiagvik","BNL2807",20140716,"ERAN6","SVC_HR-1024i",432.3,28.3,52.3,22.61,1.48,1.21655250605964,15.28,1.53882098975016,1.54292807578711,0.0629280757871109
"Utqiagvik","BNL1659",20150714,"ERAN6","SVC_HR-1024i",454.6,23,57.37,26.08,1.32,1.14891252930761,19.77,1.72235175868801,1.74021488599027,0.420214885990269
"Utqiagvik","BNL1736",20150715,"ERAN6","SVC_HR-1024i",485,22.6,41.09,19.93,0.93,0.964365076099296,21.46,1.41748700977736,1.44298019447169,0.512980194471692
"Utqiagvik","BNL1644",20150713,"ERAN6","SVC_HR-1024i",460,25.6,67.83,31.2,1.74,1.31909059582729,17.97,1.80486328689004,1.80643941278738,0.0664394127873786
"Utqiagvik","BNL1940",20160712,"ERAN6","PSR+3500_SN1586067",448.5,39.3,47.87,21.47,1.88,1.37113092008021,11.41,2.20510029830712,2.2171580099679,0.337158009967897
"Utqiagvik","BNL1734",20150715,"ERAN6","SVC_HR-1024i",479.7,27.4,70.03,33.59,1.92,1.3856406460551,17.51,1.80991986044544,1.80528990058986,-0.114710099410141
"Utqiagvik","BNL1649",20150713,"ERAN6","SVC_HR-1024i",478.8,22.4,60.44,28.94,1.35,1.16189500386223,21.38,1.85943402855652,1.87153768322628,0.521537683226281
"Utqiagvik","BNL1647",20150713,"ERAN6","SVC_HR-1024i",477.4,29.6,60.23,28.76,1.78,1.33416640641263,16.13,1.60841558099648,1.60080794597993,-0.179192054020067
"Utqiagvik","BNL1885",20160711,"PEFR5","PSR+3500_SN1586067",431.9,25.6,77,33.26,1.97,1.40356688476182,16.87,2.3588212513784,2.37064811582556,0.400648115825559
"Utqiagvik","BNL1503",20140715,"PEFR5","SVC_HR-1024i",454.1,25.3,85.39,38.77,2.16,1.46969384566991,17.95,2.10980968255771,2.09593700219871,-0.0640629978012863
"Utqiagvik","BNL1868",20160711,"PEFR5","PSR+3500_SN1586067",450.1,30.6,63.84,28.73,1.95,1.39642400437689,14.71,2.0505289974977,2.05449986147075,0.104499861470746
"Utqiagvik","BNL1560",20150710,"PEFR5","SVC_HR-1024i",435.3,23.4,93.12,40.54,2.18,1.47648230602334,18.6,2.32108463207104,2.32367402787204,0.143674027872043
"Utqiagvik","BNL1575",20150710,"PEFR5","SVC_HR-1024i",417.7,18.6,80.48,33.62,1.5,1.22474487139159,22.46,1.99630201419399,2.00613080834355,0.506130808343546
"Utqiagvik","BNL1564",20150710,"PEFR5","SVC_HR-1024i",441.3,25.9,109.75,48.43,2.84,1.68522995463527,17.04,2.36734414150205,2.33824243183054,-0.501757568169457
"Utqiagvik","BNL1785",20150722,"PEFR5","SVC_HR-1024i",429.3,23,71.78,30.82,1.65,1.28452325786651,18.67,1.6269020902179,1.62573031222186,-0.0242696877781379
"Utqiagvik","BNL1569",20150710,"PEFR5","SVC_HR-1024i",432.5,22,118.45,51.23,2.61,1.61554944214035,19.66,2.14388354537306,2.12859329387238,-0.481406706127624
"Utqiagvik","BNL1509",20140715,"PEFR5","SVC_HR-1024i",451.1,32.1,96.1,43.35,3.08,1.75499287747842,14.05,2.47217331001861,2.41360507743715,-0.666394922562846
"Utqiagvik","BNL1568",20150710,"PEFR5","SVC_HR-1024i",422.1,33,73.32,30.95,2.42,1.5556349186104,12.79,2.19032604269985,2.1841091213592,-0.235890878640801
"Utqiagvik","BNL1561",20150710,"PEFR5","SVC_HR-1024i",438.7,30,76,33.34,2.28,1.50996688705415,14.62,2.5480935460646,2.55925937890312,0.279259378903125
"Utqiagvik","BNL1506",20140715,"PEFR5","SVC_HR-1024i",440.9,28.7,82.42,36.34,2.37,1.53948043183407,15.36,1.84687440977128,1.71870478799871,-0.651295212001292
"Utqiagvik","BNL1791",20150723,"PEFR5","SVC_HR-1024i",436.8,23,90.61,39.58,2.08,1.4422205101856,18.99,1.95347874096652,1.94628710557948,-0.133712894420524
"Utqiagvik","BNL1718",20150715,"PEFR5","SVC_HR-1024i",433,24.5,94.23,40.8,2.31,1.51986841535707,17.67,2.1405916250079,2.1345391511082,-0.175460848891803
"Utqiagvik","BNL1826",20160710,"PEFR5","PSR+3500_SN1586067",446.1,26.3,71.3,31.81,1.88,1.37113092008021,16.96,2.34744591215321,2.36543074046847,0.485430740468475
"Utqiagvik","BNL1870",20160711,"PEFR5","PSR+3500_SN1586067",432,27.7,90.26,38.99,2.5,1.58113883008419,15.6,2.33411860215193,2.32650297799818,-0.173497022001821
"Utqiagvik","BNL1888",20160711,"PEFR5","PSR+3500_SN1586067",455.4,26.9,80.24,36.54,2.16,1.46969384566991,16.93,2.01569067076928,2.00802535748336,-0.151974642516639
"Utqiagvik","BNL1508",20140715,"PEFR5","SVC_HR-1024i",436.6,29.8,81.22,35.46,2.42,1.5556349186104,14.65,2.32359523203696,2.28635654948785,-0.133643450512153
"Utqiagvik","BNL1834",20160710,"PEFR5","PSR+3500_SN1586067",431.3,28.9,57.65,24.86,1.67,1.29228479833201,14.92,2.03806094904311,2.0961931167165,0.426193116716497
"Utqiagvik","BNL1505",20140715,"PEFR5","SVC_HR-1024i",426.7,25.2,83.14,35.48,2.1,1.44913767461894,16.93,2.0826424491638,2.06530673143639,-0.0346932685636143
"Utqiagvik","BNL1563",20150710,"PEFR5","SVC_HR-1024i",413.8,22.6,80.2,33.19,1.81,1.34536240470737,18.31,2.11462134376867,2.1267363780542,0.3167363780542
"Utqiagvik","BNL1830",20160710,"PEFR5","PSR+3500_SN1586067",427.1,32.1,53.82,22.99,1.73,1.31529464379659,13.31,1.94032073516637,1.96714530986101,0.237145309861011
"Utqiagvik","BNL1572",20150710,"PEFR5","SVC_HR-1024i",426.6,30.9,79.7,34,2.46,1.56843871413581,13.81,2.08767926997848,2.07963807787613,-0.380361922123872
"Utqiagvik","BNL1889",20160711,"PEFR5","PSR+3500_SN1586067",437.1,26.4,87.11,38.08,2.3,1.51657508881031,16.56,2.45345350771579,2.46522427843413,0.16522427843413
"Utqiagvik","BNL1721",20150715,"PEFR5","SVC_HR-1024i",438.4,29.1,56.28,24.67,1.64,1.28062484748657,15.07,1.93957069037887,1.94592780861457,0.305927808614567
"Utqiagvik","BNL1831",20160710,"PEFR5","PSR+3500_SN1586067",421.4,28.7,54.9,23.14,1.58,1.25698050899765,14.68,1.99739035531774,2.02107258357135,0.441072583571348
"Utqiagvik","BNL1720",20150715,"PEFR5","SVC_HR-1024i",426.5,25.8,72.11,30.76,1.86,1.36381816969859,16.53,2.05334978631894,2.05767052085027,0.197670520850275
"Utqiagvik","BNL1558",20150710,"PEFR5","SVC_HR-1024i",439.9,28.8,83.21,36.61,2.4,1.54919333848297,15.27,2.55816336973668,2.56621947436257,0.166219474362571
"Utqiagvik","BNL1566",20150710,"PEFR5","SVC_HR-1024i",428.9,21.9,86.55,37.12,1.9,1.37840487520902,19.58,2.51920026019415,2.54902864245017,0.649028642450167
"Utqiagvik","BNL1792",20150723,"PEFR5","SVC_HR-1024i",428.2,20,90.26,38.65,1.81,1.34536240470737,21.41,1.88471943487067,1.88668075376593,0.0766807537659293
"Utqiagvik","BNL1833",20160710,"PEFR5","PSR+3500_SN1586067",445,26.9,64.53,28.71,1.74,1.31909059582729,16.54,1.76146493948967,1.76502268241292,0.0250226824129169
"Utqiagvik","BNL1790",20150722,"PEFR5","SVC_HR-1024i",429.8,20.9,72.58,31.19,1.52,1.2328828005938,20.56,1.8760491209053,1.88612192123924,0.366121921239237
"Utqiagvik","BNL1872",20160711,"PEFR5","PSR+3500_SN1586067",423.5,29.5,71.89,30.45,2.12,1.4560219778561,14.36,2.02522412406394,2.00807949250762,-0.111920507492383
"Utqiagvik","BNL1867",20160711,"PEFR5","PSR+3500_SN1586067",453.1,32.7,67.08,30.39,2.19,1.47986485869487,13.86,2.25152779105569,2.25342923814595,0.0634292381459476
"Utqiagvik","BNL1565",20150710,"PEFR5","SVC_HR-1024i",423.4,31.1,56.15,23.77,1.75,1.3228756555323,13.61,2.22064979657941,2.23986926236479,0.489869262364795
"Utqiagvik","BNL1722",20150715,"PEFR5","SVC_HR-1024i",427.8,27,94.84,40.57,2.56,1.6,15.84,2.07449207150198,2.0435579813936,-0.516442018606397
"Utqiagvik","BNL1832",20160710,"PEFR5","PSR+3500_SN1586067",441.8,32.6,62.17,27.47,2.03,1.4247806848775,13.55,2.57082048665869,2.58829451470553,0.558294514705532
"Utqiagvik","BNL1865",20160711,"PEFR5","PSR+3500_SN1586067",438,24.4,72.38,31.7,1.77,1.33041346956501,17.95,1.93979418946592,1.94824898173855,0.178248981738553
"Utqiagvik","BNL1574",20150710,"PEFR5","SVC_HR-1024i",429.6,22.8,94.32,40.52,2.15,1.46628782986152,18.84,2.32150360457219,2.3265511627298,0.176551162729797
"Utqiagvik","BNL1786",20150722,"PEFR5","SVC_HR-1024i",429.6,20.4,85.14,36.58,1.74,1.31909059582729,21.06,1.61337988634842,1.60587179305916,-0.134128206940838
"Utqiagvik","BNL1567",20150710,"PEFR5","SVC_HR-1024i",439,21.9,97.51,42.81,2.14,1.46287388383278,20.05,2.41655470915151,2.42638599593351,0.28638599593351
"Utqiagvik","BNL1869",20160711,"PEFR5","PSR+3500_SN1586067",439.2,27.9,92.91,40.81,2.59,1.60934769394311,15.74,2.07334185221234,2.04852189694467,-0.541478103055327
"Utqiagvik","BNL1866",20160711,"PEFR5","PSR+3500_SN1586067",427.9,29.3,78.08,33.41,2.29,1.51327459504216,14.6,2.24549426701247,2.24149739319768,-0.0485026068023156
"Utqiagvik","BNL1717",20150715,"PEFR5","SVC_HR-1024i",422.4,21.9,61.87,26.13,1.35,1.16189500386223,19.29,1.79008225983266,1.79708428288454,0.447084282884542
"Utqiagvik","BNL1739",20150715,"SAPU15","SVC_HR-1024i",491.3,27.4,70.53,34.65,1.93,1.38924439894498,17.93,1.45759765196112,1.42511241911735,-0.504887580882646
"Utqiagvik","BNL1739",20150715,"SAPU15","SVC_HR-1024i",491.3,27.4,70.53,34.65,1.93,1.38924439894498,17.93,1.70608008424388,1.70082408407678,-0.229175915923217
"Utqiagvik","BNL1738",20150715,"SAPU15","SVC_HR-1024i",500.3,24.2,100.74,50.4,2.44,1.56204993518133,20.67,1.76943900289184,1.75028922963487,-0.689710770365131
"Utqiagvik","BNL1740",20150715,"SAPU15","SVC_HR-1024i",489,22.6,78.18,38.23,1.77,1.33041346956501,21.64,1.70281003073491,1.70061272739719,-0.069387272602814
"Utqiagvik","BNL1793",20150723,"SAPU15","SVC_HR-1024i",502.3,28.5,85.3,42.85,2.43,1.55884572681199,17.62,2.0639374837281,2.04395925687718,-0.386040743122818
"Utqiagvik","BNL1740",20150715,"SAPU15","SVC_HR-1024i",489,22.6,78.18,38.23,1.77,1.33041346956501,21.64,1.63412774010426,1.62970597760398,-0.140294022396018
"Utqiagvik","BNL1737",20150715,"SAPU15","SVC_HR-1024i",496.4,28.3,89.45,44.4,2.53,1.59059737205869,17.54,1.96054936847611,1.93340543905662,-0.596594560943384
"Utqiagvik","BNL1738",20150715,"SAPU15","SVC_HR-1024i",500.3,24.2,100.74,50.4,2.44,1.56204993518133,20.67,1.747859064723,1.7303253180589,-0.709674681941097
"Utqiagvik","BNL1730",20150715,"SAPU6","SVC_HR-1024i",420.5,19.1,60.99,25.65,1.16,1.0770329614269,22.02,1.65759266422582,1.67556578030073,0.515565780300728
"Utqiagvik","BNL1729",20150715,"SAPU6","SVC_HR-1024i",423.7,20.3,67.36,28.54,1.37,1.17046999107196,20.87,1.55047203627151,1.55680585299692,0.186805852996915
"Utqiagvik","BNL1725",20150715,"SAPU6","SVC_HR-1024i",416.1,20.6,64.56,26.86,1.33,1.15325625946708,20.2,1.83137771870484,1.8375472980216,0.507547298021602
"Utqiagvik","BNL1726",20150715,"SAPU6","SVC_HR-1024i",430.4,23,77.66,33.42,1.79,1.33790881602597,18.71,1.57613062677234,1.57107511897602,-0.218924881023983
