"Location","GasEx_Method","Sample_ID","Sample_Date","USDA_Species_Code","Spec_Instrument","Spec_Tair_degC","Tleaf","Preferred_Spec_Tleaf_degC","Vcmax_Tleaf","Vcmax_Spec_Tleaf","CalVal","PLSR_Predicted","PLSR_CV_Predicted","PLSR_CV_Residuals"
"Seward_Peninsula","ACi","BNL12949",20190704,"ALVIF","SVC_HR-1024i",NA,20.0034486221429,21.2,43.3431475752906,47.4483677622342,"Cal",45.2827545768904,45.3928621958485,-2.05550556638577
"Seward_Peninsula","ACi","BNL12953",20190704,"ALVIF","SVC_HR-1024i",NA,20.2817111692857,22.8,52.3072961907699,63.2048625865329,"Cal",44.9566748054983,43.585747105942,-19.6191154805909
"Seward_Peninsula","ACi","BNL12954",20190704,"ALVIF","SVC_HR-1024i",NA,20.0895784921429,21.7,41.1294521635394,46.4453401386522,"Cal",58.806354696378,60.4467962124568,14.0014560738046
"Seward_Peninsula","ACi","BNL12955",20190704,"ALVIF","SVC_HR-1024i",NA,21.9655351635714,19.2,57.0418004319695,46.2749148894484,"Cal",52.28231497544,53.4583306550681,7.18341576561965
"Seward_Peninsula","ACi","BNL12956",20190706,"ALVIF","SVC_HR-1024i",25.7,33.9448471078571,27,111.98355680687,68.487809224726,"Cal",80.0170122236068,81.1266106732469,12.6388014485209
"Seward_Peninsula","ACi","BNL12957",20190705,"ALVIF","SVC_HR-1024i",25.4,24.3566741942857,25.5,55.3159433242115,60.1617825369133,"Cal",80.1882724290311,83.4678419968739,23.3060594599605
"Seward_Peninsula","ACi","BNL12961",20190706,"ALVIF","SVC_HR-1024i",26.2,29.0392755792857,24.7,89.1703266041052,65.100275478135,"Cal",72.2106465850733,72.6684834381257,7.56820795999074
"Seward_Peninsula","ACi","BNL12962",20190706,"ALVIF","SVC_HR-1024i",27,25.0096129,29.4,69.3935732241939,95.3362344745833,"Cal",78.3637334761102,76.7756350843225,-18.5605993902608
"Seward_Peninsula","ACi","BNL12963",20190706,"ALVIF","SVC_HR-1024i",26.9,28.0275006971429,24.8,76.835106052938,60.7607551501056,"Cal",65.6314031914838,66.0814181856672,5.32066303556154
"Seward_Peninsula","ACi","BNL12975",20190704,"ALVIF","SVC_HR-1024i",NA,19.9724076142857,20.4,40.1121986296173,41.4343510007087,"Cal",40.6680892385762,40.3858366364256,-1.04851436428309
"Seward_Peninsula","ACi","BNL12976",20190704,"ALVIF","SVC_HR-1024i",NA,20.0533708842857,19.6,48.9333318691091,47.2753711198027,"Cal",53.1876147977303,54.4138568590963,7.13848573929364
"Seward_Peninsula","ACi","BNL12977",20190704,"ALVIF","SVC_HR-1024i",NA,23.0646375928571,18.7,55.2986804482972,39.7762714209541,"Cal",35.7355254063328,35.2993258042812,-4.47694561667294
"Seward_Peninsula","ACi","BNL12979",20190704,"ALVIF","SVC_HR-1024i",NA,20.9304618835714,19.7,51.2362434322088,46.6749325332733,"Cal",46.9279576516564,47.0441307895312,0.369198256257974
"Seward_Peninsula","ACi","BNL12980",20190704,"ALVIF","SVC_HR-1024i",NA,21.9094580242857,20,57.9867713394229,50.2068161475552,"Cal",41.7674710850157,40.9374463728954,-9.26936977465972
"Seward_Peninsula","ACi","BNL12985",20190705,"ALVIF","SVC_HR-1024i",28.01,27.9813127507143,26.1,89.5826903386584,78.1725479184958,"Cal",73.4759429920069,73.1092710538232,-5.06327686467256
"Seward_Peninsula","ACi","BNL12988",20190705,"ALVIF","SVC_HR-1024i",27.4,25.008303915,28.6,65.8267630550053,85.41759847242,"Cal",85.4518573555641,85.5728918337821,0.155293361362155
"Seward_Peninsula","ACi","BNL13051",20190707,"ALVIF","SVC_HR-1024i",27.3,26.0238456735714,25.4,51.8426555583646,49.532673110574,"Cal",68.0998543422133,69.3873251805572,19.8546520699832
"Seward_Peninsula","ACi","BNL13053",20190707,"ALVIF","SVC_HR-1024i",27.7,25.00499739,25.8,55.960772145833,59.3147288211195,"Cal",61.689155821587,61.8159538772208,2.50122505610135
"Seward_Peninsula","ACi","BNL13401",20190707,"ALVIF","SVC_HR-1024i",26.8,29.128405025,28.2,80.7205634340365,75.526282019822,"Cal",64.0975817345757,62.7735748827817,-12.7527071370403
"Seward_Peninsula","ACi","BNL13403",20190707,"ALVIF","SVC_HR-1024i",25.7,24.55900165,23.8,64.5751822672279,61.0565939965602,"Cal",71.0367894497089,71.788390035864,10.7317960393038
"Seward_Peninsula","ACi","BNL14202",20190708,"SAPU15","SVC_HR-1024i",30.9,26.0685119642857,27.7,80.3395898268044,90.4264545458822,"Cal",93.6293225992832,93.321252898134,2.89479835225187
"Seward_Peninsula","ACi","BNL14203",20190708,"SAPU15","SVC_HR-1024i",30.1,27.0472029285714,28.1,95.8934429593351,103.462584785538,"Cal",86.3227485551301,83.897606428325,-19.5649783572126
"Seward_Peninsula","ACi","BNL14204",20190708,"SAPU15","SVC_HR-1024i",31,27.1783238828571,27.5,141.078518423784,144.396894350458,"Cal",102.026137209295,91.0695052402713,-53.3273891101872
"Seward_Peninsula","ACi","BNL14208",20190708,"SAPU15","SVC_HR-1024i",30.6,29.0217424128571,27.9,88.8016870922951,81.9355913354606,"Cal",79.8819410680092,79.1095047957829,-2.82608653967765
"Seward_Peninsula","ACi","BNL15355",20190707,"SAPU15","SVC_HR-1024i",28.6,26.7566319871429,28.6,57.2243799854288,65.3599887542404,"Cal",81.6101261543144,84.0699214057799,18.7099326515395
"Seward_Peninsula","ACi","BNL15356",20190706,"ALVIF","SVC_HR-1024i",27.4,32.0377432015385,22.2,117.763613199815,57.7672874073236,"Cal",69.8425813054274,70.8755826645497,13.1082952572261
"Seward_Peninsula","ACi","BNL15357",20190706,"ALVIF","SVC_HR-1024i",25.6,31.0254101057143,25.4,108.402607526599,72.3557269754253,"Cal",72.7269964536572,72.7408236033343,0.38509662790905
"Seward_Peninsula","ACi","BNL15359",20190708,"SAPU15","SVC_HR-1024i",30.1,29.0663576128571,28,115.677224020698,107.161977367537,"Cal",84.1122946049201,77.6029280077771,-29.5590493597596
"Utqiagvik","ACi","BNL1557",20150710,"PEFR5","SVC_HR-1024i",8,12.03,8,31,22.3309303893731,"Cal",11.4007212917363,10.7730559695791,-11.557874419794
"Utqiagvik","ACi","BNL1558",20150710,"PEFR5","SVC_HR-1024i",7.3,12.02,7.3,35,23.8122438662012,"Cal",17.431486129451,16.9123141058006,-6.89992976040064
"Utqiagvik","ACi","BNL1559",20150710,"PEFR5","SVC_HR-1024i",7.1,12.13,7.1,29,19.234727681236,"Cal",24.3502803750975,25.1273382124479,5.89261053121189
"Utqiagvik","ACi","BNL1560",20150710,"PEFR5","SVC_HR-1024i",6.8,13.28,6.8,29,17.1143771385485,"Cal",25.1108802338323,26.5466675750473,9.43229043649877
"Utqiagvik","ACi","BNL1561",20150710,"PEFR5","SVC_HR-1024i",6.7,12.04,6.7,29,18.7398554596988,"Cal",24.152735739209,24.448288669501,5.70843320980218
"Utqiagvik","ACi","BNL1562",20150710,"PEFR5","SVC_HR-1024i",6.8,15.07,6.8,49,25.1019025901615,"Cal",9.30808052289705,7.74885213481307,-17.3530504553484
"Utqiagvik","ACi","BNL1565",20150710,"PEFR5","SVC_HR-1024i",7.3,14.98,7.3,33,17.747839521242,"Cal",24.0611024631481,24.7050199400582,6.95718041881624
"Utqiagvik","ACi","BNL1566",20150710,"PEFR5","SVC_HR-1024i",7.2,15.05,7.2,35,18.5654595244962,"Cal",37.5790328024903,39.6123016092756,21.0468420847794
"Utqiagvik","ACi","BNL1567",20150710,"PEFR5","SVC_HR-1024i",7.1,14.99,7.1,35,18.4989114832075,"Cal",28.3471579555696,29.4115093881741,10.9125979049665
"Utqiagvik","ACi","BNL1568",20150710,"PEFR5","SVC_HR-1024i",6.4,12.02,6.4,38,23.9872471944517,"Cal",18.1427610916095,17.9034911583423,-6.08375603610936
"Utqiagvik","ACi","BNL1570",20150710,"PEFR5","SVC_HR-1024i",7,14.03,7,33,18.6579114375486,"Cal",26.5900096625422,27.1157752997832,8.45786386223459
"Utqiagvik","ACi","BNL1571",20150710,"PEFR5","SVC_HR-1024i",7,13.98,7,27,15.3260916876227,"Cal",19.6228847800257,20.1989429158113,4.87285122818867
"Utqiagvik","ACi","BNL1572",20150710,"PEFR5","SVC_HR-1024i",6.3,14.98,6.3,46,22.762813173925,"Cal",20.4433679312495,20.3847240625371,-2.37808911138792
"Utqiagvik","ACi","BNL1573",20150710,"PEFR5","SVC_HR-1024i",7.6,11.95,7.6,38,26.6535388085459,"Cal",21.7424368871707,21.4529566136288,-5.20058219491706
"Utqiagvik","ACi","BNL1575",20150710,"PEFR5","SVC_HR-1024i",6.5,13.97,6.5,31,16.8921524241757,"Cal",2.63864454472201,1.68396090438789,-15.2081915197878
"Utqiagvik","ACi","BNL1576",20150710,"PEFR5","SVC_HR-1024i",7.2,12.01,7.2,30,20.2580353098768,"Cal",20.2863508595007,20.3366844369529,0.0786491270761616
"Utqiagvik","ACi","BNL1578",20150711,"CAAQ","SVC_HR-1024i",6.7,10.86,6.7,23,16.345038363426,"Cal",14.0292660231281,13.964177242825,-2.38086112060108
"Utqiagvik","ACi","BNL1580",20150711,"CAAQ","SVC_HR-1024i",10,9.58,10,32,33.1145813741966,"Cal",20.523008737755,20.0470835778503,-13.0674977963462
"Utqiagvik","ACi","BNL1582",20150711,"CAAQ","SVC_HR-1024i",10.3,10.45,10.3,24,23.7095152569173,"Cal",12.599988752555,10.7273707209472,-12.9821445359702
"Utqiagvik","ACi","BNL1586",20150711,"CAAQ","SVC_HR-1024i",9.3,8.67,9.3,21,22.1131547595651,"Cal",23.0180550193269,23.0702891685664,0.957134409001281
"Utqiagvik","ACi","BNL1587",20150711,"CAAQ","SVC_HR-1024i",9.4,8.31,9.4,18,19.6842237257949,"Cal",24.3140077106499,24.6916759541023,5.00745222830744
"Utqiagvik","ACi","BNL1588",20150711,"CAAQ","SVC_HR-1024i",8.4,9.03,8.4,22,20.8904730906869,"Cal",25.8208659688915,26.0810729563986,5.19059986571173
"Utqiagvik","ACi","BNL1589",20150711,"CAAQ","SVC_HR-1024i",9,7.72,9,23,25.5567448939519,"Cal",24.2864784304721,24.2281914810572,-1.32855341289472
"Utqiagvik","ACi","BNL1591",20150711,"CAAQ","SVC_HR-1024i",10,7.44,10,19,23.4464285648204,"Cal",19.6542344512365,19.482053873554,-3.96437469126646
"Utqiagvik","ACi","BNL1595",20150711,"CAAQ","SVC_HR-1024i",9.7,6.73,9.7,22,28.1030317219893,"Cal",20.5912018668439,19.9572470699785,-8.14578465201082
"Utqiagvik","ACi","BNL1596",20150711,"CAAQ","SVC_HR-1024i",8.1,8.57,8.1,24,23.0886920388323,"Cal",28.9965321349556,29.3261359226273,6.23744388379504
"Utqiagvik","ACi","BNL1627",20150712,"PEFR5","SVC_HR-1024i",10.5,6.57,10.5,25,34.5400832682399,"Cal",43.0812618809481,43.7547353596465,9.21465209140654
"Utqiagvik","ACi","BNL1627",20150712,"PEFR5","SVC_HR-1024i",10.5,16.56,10.5,45,27.8104455623095,"Cal",43.0812618809481,44.4291479714953,16.6187024091858
"Utqiagvik","ACi","BNL1627",20150712,"PEFR5","SVC_HR-1024i",10.5,10.28,10.5,29,29.522541553,"Cal",43.0812618809481,44.257777590671,14.735236037671
"Utqiagvik","ACi","BNL1627",20150712,"PEFR5","SVC_HR-1024i",10.5,13.89,10.5,37,28.1965369052891,"Cal",43.0812618809481,44.3905146803528,16.1939777750638
"Utqiagvik","ACi","BNL1628",20150712,"PEFR5","SVC_HR-1024i",11.2,13.89,11.2,26,20.9683821216,"Cal",35.6832887427749,37.0358640246894,16.0674819030894
"Utqiagvik","ACi","BNL1629",20150712,"PEFR5","SVC_HR-1024i",12.3,10.05,12.3,22,26.3819340591475,"Cal",24.3113738269802,24.2797670701516,-2.10216698899587
"Utqiagvik","ACi","BNL1629",20150712,"PEFR5","SVC_HR-1024i",12.3,13.91,12.3,29,25.5100410783163,"Cal",24.3113738269802,24.305819191393,-1.20422188692333
"Utqiagvik","ACi","BNL1629",20150712,"PEFR5","SVC_HR-1024i",12.3,15.84,12.3,33,24.9396174694155,"Cal",24.3113738269802,24.3228649959594,-0.616752473456089
"Utqiagvik","ACi","BNL1630",20150712,"PEFR5","SVC_HR-1024i",12.3,9.74,12.3,17,20.9073832322241,"Cal",19.3185877978645,19.515972552698,-1.39141067952615
"Utqiagvik","ACi","BNL1630",20150712,"PEFR5","SVC_HR-1024i",12.3,5.1,12.3,15,27.1025742117447,"Cal",19.3185877978645,18.9313194094068,-8.17125480233785
"Utqiagvik","ACi","BNL1630",20150712,"PEFR5","SVC_HR-1024i",12.3,13.92,12.3,19,16.700244592512,"Cal",19.3185877978645,19.9146437036052,3.21439911109329
"Utqiagvik","ACi","BNL1631",20150712,"PEFR5","SVC_HR-1024i",12,7.35,12,23,33.6122105575499,"Cal",26.960800303711,26.6752692675085,-6.93694129004144
"Utqiagvik","ACi","BNL1631",20150712,"PEFR5","SVC_HR-1024i",12,17.39,12,37,24.1997611422973,"Cal",26.960800303711,27.1532274559483,2.95346631365105
"Utqiagvik","ACi","BNL1631",20150712,"PEFR5","SVC_HR-1024i",12,10.01,12,26,30.5369098478064,"Cal",26.960800303711,26.831480366232,-3.70542948157431
"Utqiagvik","ACi","BNL1643",20150713,"ERAN6","SVC_HR-1024i",13,9.33,13,23,30.932051161316,"Cal",23.3539864638101,22.8603765408277,-8.07167462048836
"Utqiagvik","ACi","BNL1644",20150713,"ERAN6","SVC_HR-1024i",13.5,8.42,13.5,16,24.127011771916,"Cal",26.8226672047106,27.0329916210629,2.90597984914685
"Utqiagvik","ACi","BNL1645",20150713,"ERAN6","SVC_HR-1024i",12.4,8.76,12.4,23,30.8946732009986,"Cal",24.7181756201879,24.4002825025042,-6.49439069849437
"Utqiagvik","ACi","BNL1647",20150713,"ERAN6","SVC_HR-1024i",12.7,8.61,12.7,20,27.8583025797833,"Cal",31.9461876079148,32.1851796026344,4.32687702285111
"Utqiagvik","ACi","BNL1649",20150713,"ERAN6","SVC_HR-1024i",12.8,9.33,12.8,17,22.5010259523183,"Cal",36.8523709563135,37.4780605361971,14.9770345838788
"Utqiagvik","ACi","BNL1650",20150713,"ERAN6","SVC_HR-1024i",12.5,10.05,12.5,19,23.152042800128,"Cal",32.4031645583236,32.9416444084892,9.78960160836126
"Utqiagvik","ACi","BNL1651",20150713,"ERAN6","SVC_HR-1024i",12.3,8.27,12.3,25,34.6835542002903,"Cal",48.2589879344578,52.1952606066398,17.5117064063495
"Utqiagvik","ACi","BNL1654",20150713,"ERAN6","SVC_HR-1024i",12.3,9.92,12.3,25,30.2984225642799,"Cal",38.0622563014496,38.3771704478991,8.07874788361922
"Utqiagvik","ACi","BNL1655",20150713,"ERAN6","SVC_HR-1024i",12.7,10.74,12.7,23,26.9266037844225,"Cal",31.4926369845762,31.6911868556268,4.76458307120433
"Utqiagvik","ACi","BNL1656",20150713,"ERAN6","SVC_HR-1024i",12.9,9.61,12.9,26,33.9044249067285,"Cal",45.3976044306653,45.9520402410669,12.0476153343383
"Utqiagvik","ACi","BNL1657",20150713,"ERAN6","SVC_HR-1024i",12.6,10.09,12.6,20,24.4863820676005,"Cal",32.0080721669377,32.4262416278842,7.93985956028371
"Utqiagvik","ACi","BNL1658",20150714,"ERAN6","SVC_HR-1024i",10.8,10.32,10.8,23,23.9127320429808,"Cal",19.2575187706869,19.1142578187433,-4.79847422423756
"Utqiagvik","ACi","BNL1659",20150714,"ERAN6","SVC_HR-1024i",10.5,10.31,10.5,21,21.3263596509002,"Cal",17.1659479321885,16.9484567750073,-4.37790287589286
"Utqiagvik","ACi","BNL1660",20150714,"ERAN6","SVC_HR-1024i",11.6,9.82,11.6,24,27.7218029311158,"Cal",37.3297105203898,37.6028647930496,9.88106186193384
"Utqiagvik","ACi","BNL1661",20150714,"ERAN6","SVC_HR-1024i",11.4,9.44,11.4,25,29.3104737621114,"Cal",25.6914527537056,25.6351095754715,-3.67536418663986
"Utqiagvik","ACi","BNL1662",20150714,"ERAN6","SVC_HR-1024i",10,9.37,10,22,23.1602474854357,"Cal",24.1102748980281,24.2788780265142,1.11863054107849
"Utqiagvik","ACi","BNL1679",20150714,"CAAQ","SVC_HR-1024i",10.3,10.05,10.3,32,32.6570315578067,"Cal",32.2901616983861,32.4440581734914,-0.212973384315362
"Utqiagvik","ACi","BNL1680",20150714,"ARFU2","SVC_HR-1024i",11,9.7,11,30,33.339863880216,"Cal",37.3642333429116,37.4972815633317,4.15741768311568
"Utqiagvik","ACi","BNL1681",20150714,"ARFU2","SVC_HR-1024i",10.5,9.44,10.5,35,38.1546707724231,"Cal",36.8436889909959,36.7891199950351,-1.36555077738798
"Utqiagvik","ACi","BNL1682",20150714,"CAAQ","SVC_HR-1024i",11,9.69,11,21,23.3569499851582,"Cal",28.1108982003106,28.5668666000439,5.20991661488562
"Utqiagvik","ACi","BNL1684",20150714,"ARFU2","SVC_HR-1024i",10.1,9.55,10.1,37,38.696225542922,"Cal",32.992835170098,32.7902724593968,-5.9059530835252
"Utqiagvik","ACi","BNL1685",20150714,"ARFU2","SVC_HR-1024i",10.4,10.38,10.4,36,36.0584926803413,"Cal",40.599550908917,40.846211104699,4.7877184243577
"Utqiagvik","ACi","BNL1686",20150714,"ARFU2","SVC_HR-1024i",11.3,10.22,11.3,36,39.289555473393,"Cal",40.0409500614059,40.275955831337,0.986400357943957
"Utqiagvik","ACi","BNL1744",20150717,"ARFU2","SVC_HR-1024i",11.9,7.27,11.9,22,32.106104211155,"Cal",27.270631891632,27.0740856230657,-5.03201858808926
"Utqiagvik","ACi","BNL1745",20150717,"ARFU2","SVC_HR-1024i",13.4,7.43,13.4,26,42.2106689525832,"Cal",40.5899932473074,40.3296271105055,-1.88104184207772
"Utqiagvik","ACi","BNL1748",20150717,"ARFU2","SVC_HR-1024i",12,7.81,12,24,33.7627371484977,"Cal",32.2193550980548,32.3680088969626,-1.39472825153508
"Utqiagvik","ACi","BNL1749",20150717,"ARFU2","SVC_HR-1024i",13.3,7.65,13.3,21,33.2124773350976,"Cal",36.7394236495159,37.0387074568499,3.82623012175235
"Utqiagvik","ACi","BNL1761",20150720,"ERAN6","SVC_HR-1024i",12.4,15.23,12.4,31,24.7719126699311,"Cal",19.9251445952782,19.7738195073459,-4.99809316258514
"Utqiagvik","ACi","BNL1761",20150720,"ERAN6","SVC_HR-1024i",12.4,17.79,12.4,40,26.1927318699745,"Cal",19.9251445952782,19.7171472086887,-6.47558466128574
"Utqiagvik","ACi","BNL1762",20150720,"ERAN6","SVC_HR-1024i",12.5,18.72,12.5,37,22.7382666497154,"Cal",18.5330441112616,18.4170359047661,-4.32123074494928
"Utqiagvik","ACi","BNL1762",20150720,"ERAN6","SVC_HR-1024i",12.5,17.63,12.5,34,22.7213741984511,"Cal",18.5330441112616,18.4177683284702,-4.30360586998093
"Utqiagvik","ACi","BNL1763",20150720,"ERAN6","SVC_HR-1024i",12.6,15.41,12.6,26,20.8155325593521,"Cal",23.4066089999112,23.6175846787319,2.80205211937986
"Utqiagvik","ACi","BNL1763",20150720,"ERAN6","SVC_HR-1024i",12.6,18.68,12.6,42,26.0980543130412,"Cal",23.4066089999112,23.292206838504,-2.80584747453725
"Utqiagvik","ACi","BNL1764",20150720,"ERAN6","SVC_HR-1024i",13.7,17.95,13.7,38,27.2603720230443,"Cal",24.5195144298963,24.3333120388733,-2.927059984171
"Utqiagvik","ACi","BNL1764",20150720,"ERAN6","SVC_HR-1024i",13.7,19.49,13.7,44,28.0520737481537,"Cal",24.5195144298963,24.2761633921735,-3.7759103559802
"Utqiagvik","ACi","BNL1764",20150720,"ERAN6","SVC_HR-1024i",13.7,15.29,13.7,30,26.4640566563186,"Cal",24.5195144298963,24.3908221507543,-2.07323450556435
"Utqiagvik","ACi","BNL1785",20150722,"PEFR5","SVC_HR-1024i",12.8,18,12.8,51,33.9272558746364,"Cal",40.9641884968402,41.5974754766345,7.67021960199806
"Utqiagvik","ACi","BNL1786",20150722,"PEFR5","SVC_HR-1024i",12,15.96,12,50,36.5451088380269,"Cal",29.2364298931723,28.9543921711669,-7.59071666685996
"Utqiagvik","ACi","BNL1786",20150722,"PEFR5","SVC_HR-1024i",12,23.93,12,85,33.9063409278224,"Cal",29.2364298931723,29.0899888783064,-4.816352049516
"Utqiagvik","ACi","BNL1786",20150722,"PEFR5","SVC_HR-1024i",12,19.76,12,67,36.5388579489875,"Cal",29.2364298931723,28.9547133648481,-7.58414458413948
"Utqiagvik","ACi","BNL1787",20150722,"ERAN6","SVC_HR-1024i",12,10.97,12,26,28.2491643388382,"Cal",35.8375250602384,36.1151683891599,7.86600405032178
"Utqiagvik","ACi","BNL1788",20150722,"ERAN6","SVC_HR-1024i",11.4,5.91,11.4,16,25.1229207357295,"Cal",23.846837335762,23.783267317212,-1.33965341851756
"Utqiagvik","ACi","BNL1788",20150722,"ERAN6","SVC_HR-1024i",11.4,14.85,11.4,22,16.7150246800877,"Cal",23.846837335762,24.1577146761241,7.44268999603645
"Utqiagvik","ACi","BNL1788",20150722,"ERAN6","SVC_HR-1024i",11.4,11.04,11.4,22,22.6485251305164,"Cal",23.846837335762,23.8935443702405,1.24501923972412
"Utqiagvik","1pt","BNL1823",20160710,"ERAN6","SVC_HR-1024i",NA,14.99,22.4,38,67.0494128722998,"Cal",52.0226105800054,50.8716922191542,-16.1777206531455
"Utqiagvik","1pt","BNL1835",20160710,"ERAN6","SVC_HR-1024i",NA,14.99,20.3,33,49.7164510408045,"Cal",50.1325873886907,49.8152790666249,0.0988280258204384
"Utqiagvik","1pt","BNL1836",20160710,"ARLA2","SVC_HR-1024i",NA,17.43,22,38,53.802755564484,"Cal",51.1682318300737,51.0834351900617,-2.71932037442234
"Utqiagvik","1pt","BNL1837",20160710,"ERAN6","SVC_HR-1024i",NA,15.16,22.4,38,66.1599474484789,"Cal",47.4066403006939,44.9284849770061,-21.2314624714729
"Utqiagvik","1pt","BNL1838",20160710,"ERAN6","SVC_HR-1024i",NA,15.2,22.6,32,56.3745084455257,"Cal",51.2159157279603,50.5679974014518,-5.80651104407391
"Utqiagvik","1pt","BNL1840",20160710,"ERAN6","SVC_HR-1024i",NA,15.08,22.8,30,54.152976917295,"Cal",62.9771955081737,63.724550749941,9.57157383264597
"Utqiagvik","1pt","BNL1843",20160711,"ARLA2","SVC_HR-1024i",NA,15.11,21.5,33,53.9187225549236,"Cal",37.9474730554274,36.9217442660054,-16.9969782889181
"Utqiagvik","1pt","BNL1844",20160711,"ARLA2","SVC_HR-1024i",NA,15.11,20.6,32,48.8545621428946,"Cal",46.9958772942686,46.70615682562,-2.14840531727459
"Utqiagvik","1pt","BNL1846",20160711,"ARLA2","SVC_HR-1024i",NA,14.96,20.3,23,34.7326743963971,"Cal",34.3889388470634,34.3192121920856,-0.413462204311507
"Utqiagvik","1pt","BNL1847",20160710,"ARLA2","SVC_HR-1024i",NA,15.07,23,28,51.3413959823532,"Cal",39.7311938409972,38.7787581842912,-12.562637798062
"Utqiagvik","1pt","BNL1850",20160710,"ARLA2","SVC_HR-1024i",NA,15.18,24,36,70.4801788978826,"Cal",50.5744858554738,49.5278236271807,-20.9523552707018
"Utqiagvik","1pt","BNL1851",20160710,"ARLA2","SVC_HR-1024i",NA,18.88,24,54,79.3627716209783,"Cal",54.1266372043338,52.6717092803489,-26.6910623406294
"Utqiagvik","1pt","BNL1873",20160711,"ARLA2","SVC_HR-1024i",NA,15.15,21.8,37,61.6377489563797,"Cal",49.5594494781196,49.0963453597883,-12.5414035965915
"Utqiagvik","1pt","BNL1874",20160711,"CAAQ","SVC_HR-1024i",NA,15.18,20.3,39,57.8854049517238,"Cal",45.3779638034409,44.3742132843434,-13.5111916673804
"Utqiagvik","1pt","BNL1876",20160712,"SAPU15","SVC_HR-1024i",NA,15.2,19,36,48.3224015566392,"Cal",56.2893958893983,56.6417637504971,8.31936219385794
"Utqiagvik","1pt","BNL1877",20160713,"ERAN6","SVC_HR-1024i",NA,24.53,26.5,56,64.6817682366183,"Cal",67.0636570456989,67.07954611958,2.39777788296169
"Utqiagvik","1pt","BNL1878",20160711,"CAAQ","SVC_HR-1024i",NA,15.26,21.3,21,33.4039577387018,"Cal",40.8866551075271,41.2188291230045,7.81487138430266
"Utqiagvik","1pt","BNL1879",20160711,"CAAQ","SVC_HR-1024i",NA,15.11,21.1,49,77.6865772880466,"Cal",52.2602386749665,50.5317624993548,-27.1548147886918
"Utqiagvik","1pt","BNL1883",20160711,"ARLA2","SVC_HR-1024i",NA,15.16,19.4,15,20.8240506722003,"Cal",40.899010284472,42.2151119536869,21.3910612814866
"Utqiagvik","1pt","BNL1884",20160711,"ARLA2","SVC_HR-1024i",NA,14.8,22,19,33.0262352093593,"Cal",44.315862817595,44.9756709044806,11.9494356951213
"Utqiagvik","1pt","BNL1893",20160711,"SAPU15","SVC_HR-1024i",NA,15.07,22,33,56.1563615051182,"Cal",63.9815700473908,64.629297765392,8.4729362602738
"Utqiagvik","1pt","BNL1894",20160711,"SAPU15","SVC_HR-1024i",NA,15.21,22,34,57.2255220558651,"Cal",56.385624944622,56.26729873741,-0.958223318455062
"Utqiagvik","1pt","BNL1895",20160711,"SAPU15","SVC_HR-1024i",NA,15.17,21.7,28,46.22343117753,"Cal",54.8333360702451,55.476707890714,9.253276713184
"Utqiagvik","1pt","BNL1896",20160711,"SAPU15","SVC_HR-1024i",NA,15.05,22.2,43,74.3940787233727,"Cal",64.1362354870753,63.1656759817091,-11.2284027416636
"Utqiagvik","1pt","BNL1897",20160711,"SAPU15","SVC_HR-1024i",NA,15.12,21.7,27,44.7479265144491,"Cal",65.4809527506472,67.716487615565,22.9685611011159
"Utqiagvik","1pt","BNL1908",20160712,"ARLA2","SVC_HR-1024i",NA,5.06,22.8,10,40.7989922822133,"Cal",59.502575750299,60.4718864682951,19.6728941860819
"Utqiagvik","1pt","BNL1909",20160712,"ARLA2","SVC_HR-1024i",NA,6.27,19.4,19,54.1987863129064,"Cal",40.8839198070066,40.2239312019807,-13.9748551109257
"Utqiagvik","1pt","BNL1910",20160712,"ARLA2","SVC_HR-1024i",NA,6.67,19.6,14,39.2177825715147,"Cal",50.1727818059591,50.8917447434368,11.6739621719221
"Utqiagvik","1pt","BNL1912",20160712,"ARLA2","SVC_HR-1024i",NA,5.08,22,18,69.0609305570441,"Cal",45.9808285278514,45.002661313703,-24.058269243341
"Utqiagvik","1pt","BNL1920",20160712,"ARLA2","SVC_HR-1024i",NA,6.86,17.8,14,33.6291445396036,"Cal",33.2633260555011,33.3617345512197,-0.267409988383889
"Utqiagvik","1pt","BNL1921",20160712,"ARLA2","SVC_HR-1024i",NA,5.18,19.2,11,33.862866238091,"Cal",59.9767779876324,61.2058851218111,27.3430188837201
"Utqiagvik","1pt","BNL1922",20160712,"ARLA2","SVC_HR-1024i",NA,6.23,19.5,15,43.2603327859824,"Cal",38.760965101746,38.545114050554,-4.71521873542838
"Utqiagvik","1pt","BNL1923",20160712,"ERAN6","SVC_HR-1024i",NA,5.66,19.7,17,52.2157057704416,"Cal",31.491699908842,30.2467954026775,-21.9689103677641
"Utqiagvik","1pt","BNL1924",20160712,"CAAQ","SVC_HR-1024i",NA,14.88,19.5,36,51.4805480417416,"Cal",47.4681394542252,46.1033654193095,-5.37718262243206
"Utqiagvik","1pt","BNL1925",20160713,"PEFR5","SVC_HR-1024i",NA,25.23,24.5,71,67.2918702923186,"Cal",43.7646461814291,42.2281507627422,-25.0637195295764
"Utqiagvik","1pt","BNL1928",20160713,"PEFR5","SVC_HR-1024i",NA,25.24,25,64,62.8831368236947,"Cal",35.0882982490222,31.0658707976177,-31.817266026077
"Utqiagvik","1pt","BNL1930",20160712,"ARLA2","SVC_HR-1024i",NA,5.63,20.7,16,53.1497449550938,"Cal",50.945077394506,50.8064434599263,-2.34330149516749
"Utqiagvik","1pt","BNL1931",20160712,"SAPU15","SVC_HR-1024i",NA,15.15,19.5,42,58.7996339827061,"Cal",50.8498349219613,50.4724541565993,-8.32717982610678
"Utqiagvik","1pt","BNL1935",20160712,"ERAN6","SVC_HR-1024i",NA,6.97,18.8,16,41.1243404678742,"Cal",25.8539075339745,24.6279129280157,-16.4964275398585
"Utqiagvik","1pt","BNL1948",20160713,"PEFR5","SVC_HR-1024i",NA,25.19,23.3,83,72.1958404343089,"Cal",47.2815183530923,45.4600834211895,-26.7357570131195
"Utqiagvik","1pt","BNL1949",20160713,"PEFR5","SVC_HR-1024i",NA,25.18,24.1,81,74.8114223459023,"Cal",63.7048235779833,62.5491635119324,-12.26225883397
"Utqiagvik","1pt","BNL1950",20160713,"CAAQ","SVC_HR-1024i",NA,24.57,24.9,75,76.842484774574,"Cal",55.4187926240415,54.229235860969,-22.6132489136051
"Utqiagvik","1pt","BNL1951",20160713,"CAAQ","SVC_HR-1024i",NA,24.76,22.5,50,42.2908567066058,"Cal",58.0313212980228,58.7277465977614,16.4368898911556
"Utqiagvik","1pt","BNL1954",20160713,"ARLA2","SVC_HR-1024i",NA,25.19,27.3,79,92.1176420658797,"Cal",87.5193168073401,87.2575425265797,-4.86009953929995
"Utqiagvik","1pt","BNL1956",20160713,"ARLA2","SVC_HR-1024i",NA,24.89,24,58,54.3182889959454,"Cal",47.7446312485583,47.4680142024741,-6.85027479347125
"Utqiagvik","1pt","BNL1958",20160713,"SAPU15","SVC_HR-1024i",NA,24.17,24.9,62,65.4243048725939,"Cal",62.7888582306996,62.5701903116067,-2.85411456098717
"Utqiagvik","1pt","BNL1960",20160713,"ARLA2","SVC_HR-1024i",NA,25.16,23.3,79,68.8678531669758,"Cal",67.8523980694285,67.7880417605162,-1.07981140645956
"Utqiagvik","1pt","BNL1961",20160713,"ERAN6","SVC_HR-1024i",NA,24.77,26.2,79,87.7146503771112,"Cal",74.3366419899192,73.1364214247701,-14.5782289523411
"Utqiagvik","1pt","BNL1962",20160713,"SAPU15","SVC_HR-1024i",NA,24.71,25.2,72,74.6379867109466,"Cal",56.1977747965216,54.5226370738878,-20.1153496370588
"Utqiagvik","1pt","BNL1963",20160714,"CAAQ","SVC_HR-1024i",NA,14.99,27,41,101.475593969655,"Cal",91.5452953913089,89.6405897707382,-11.8350041989168
"Utqiagvik","1pt","BNL1964",20160714,"CAAQ","SVC_HR-1024i",NA,15.09,22.1,49,83.8785932669329,"Cal",52.3186750982618,49.5482881869838,-34.3303050799491
"Utqiagvik","1pt","BNL1965",20160714,"CAAQ","SVC_HR-1024i",NA,15.15,26.3,36,83.6273280002452,"Cal",69.8797448077633,68.651913255076,-14.9754147451693
"Utqiagvik","1pt","BNL1966",20160714,"SAPU15","SVC_HR-1024i",NA,15.19,25.6,29,63.8121442060435,"Cal",83.1125150295533,84.2776303246985,20.465486118655
"Utqiagvik","1pt","BNL1967",20160714,"SAPU15","SVC_HR-1024i",NA,15.27,28,32,83.2786758292833,"Cal",108.36679146633,110.846191831659,27.5675160023752
"Utqiagvik","1pt","BNL1978",20160714,"SAPU15","SVC_HR-1024i",NA,15.84,29,46,123.000628526368,"Cal",134.179382321831,134.224730993718,11.22410246735
"Utqiagvik","1pt","BNL1980",20160714,"ARFU2","SVC_HR-1024i",NA,15.58,25,47,95.9919632053112,"Cal",77.0861137264225,75.344002270351,-20.6479609349602
"Utqiagvik","1pt","BNL1981",20160714,"ARFU2","SVC_HR-1024i",NA,15.23,25,36,75.5706304868236,"Cal",93.4503911669723,95.0451738384147,19.4745433515911
"Utqiagvik","1pt","BNL1982",20160714,"ARFU2","SVC_HR-1024i",NA,15.3,29,50,139.469544604138,"Cal",114.299409025714,106.207690268668,-33.2618543354701
"Utqiagvik","1pt","BNL1983",20160714,"ARFU2","SVC_HR-1024i",NA,15.17,29.6,38,111.7668428713,"Cal",94.6397258911576,93.2182202197956,-18.5486226515043
"Utqiagvik","1pt","BNL1984",20160714,"SAPU15","SVC_HR-1024i",NA,15.66,31,55,171.911598419198,"Cal",97.5018112464036,87.5323847963772,-84.3792136228203
"Utqiagvik","1pt","BNL1985",20160714,"CAAQ","SVC_HR-1024i",NA,15.15,23.9,38,74.0218735460305,"Cal",61.4229800070976,60.2349348966245,-13.786938649406
"Utqiagvik","1pt","BNL1986",20160714,"CAAQ","SVC_HR-1024i",NA,14.92,26.5,43,103.200149128656,"Cal",91.1125210232848,89.2649044823115,-13.9352446463447
"Utqiagvik","1pt","BNL1989",20160714,"ARFU2","SVC_HR-1024i",NA,15.19,28.8,41,113.717848768313,"Cal",95.8582275068327,94.0693766155934,-19.6484721527197
"Utqiagvik","1pt","BNL1990",20160714,"ARFU2","SVC_HR-1024i",NA,15.17,30,43,130.121822798046,"Cal",105.101752224784,101.573742049739,-28.548080748307
"Utqiagvik","1pt","BNL1992",20160714,"ARFU2","SVC_HR-1024i",NA,15.19,27.6,33,83.9667127028402,"Cal",92.6498445106114,93.9640760219184,9.99736331907816
"Utqiagvik","1pt","BNL1993",20160716,"PEFR5","SVC_HR-1024i",NA,15.44,16.7,34,37.5120507805731,"Cal",63.2320685467411,65.2681269141736,27.7560761336004
"Utqiagvik","1pt","BNL1994",20160716,"PEFR5","SVC_HR-1024i",NA,16.29,21.6,33,49.5358045732707,"Cal",63.0633974453323,64.0567356499215,14.5209310766507
"Utqiagvik","1pt","BNL1995",20160716,"PEFR5","SVC_HR-1024i",NA,15.48,21.6,44,70.3619411358312,"Cal",58.7271201109552,57.7164238473142,-12.645517288517
"Utqiagvik","1pt","BNL1997",20160714,"CAAQ","SVC_HR-1024i",NA,15.23,23.2,40,73.5144100500028,"Cal",45.0066816103008,42.9890625120797,-30.5253475379231
"Utqiagvik","1pt","BNL2023",20160716,"ARFU2","SVC_HR-1024i",NA,15.17,25.5,42,91.8882312880474,"Cal",71.6780192614653,70.3479244255863,-21.5403068624611
"Utqiagvik","1pt","BNL2024",20160716,"ARFU2","SVC_HR-1024i",NA,15.11,22,36,61.0693079955204,"Cal",66.9260810894683,67.215781872932,6.14647387741159
"Utqiagvik","1pt","BNL2025",20160716,"ARFU2","SVC_HR-1024i",NA,14.95,24,30,59.8043979171386,"Cal",75.3231421673999,76.2045933405774,16.4001954234389
"Utqiagvik","1pt","BNL2026",20160716,"ARFU2","SVC_HR-1024i",NA,14.9,22.6,36,64.933985271931,"Cal",71.1100987941851,71.4501456570296,6.51616038509857
"Utqiagvik","1pt","BNL2027",20160716,"ARFU2","SVC_HR-1024i",NA,14.95,20.1,20,29.7710972199622,"Cal",46.1067460983251,46.8676362560908,17.0965390361286
"Utqiagvik","1pt","BNL2028",20160716,"ARFU2","SVC_HR-1024i",NA,15.22,24.4,40,80.4049795184598,"Cal",71.6086532555368,71.1749565982549,-9.23002292020486
"Utqiagvik","1pt","BNL2033",20160716,"PEFR5","SVC_HR-1024i",NA,17.5,19.6,40,46.9903833433603,"Cal",61.9755380735524,62.9865010649637,15.9961177216034
"Utqiagvik","1pt","BNL2035",20160716,"PEFR5","SVC_HR-1024i",NA,15.09,20.7,44,67.7912205567521,"Cal",60.6629065638017,60.2449696844823,-7.54625087226975
"Utqiagvik","1pt","BNL2038",20160716,"CAAQ","SVC_HR-1024i",NA,15.09,19,26,35.2022452637061,"Cal",38.8830984759786,39.25425382893,4.05200856522391
"Utqiagvik","1pt","BNL2039",20160716,"CAAQ","SVC_HR-1024i",NA,14.94,22.5,34,60.6793589277649,"Cal",60.5745332734153,60.4713257048965,-0.208033222868487
"Utqiagvik","1pt","BNL2041",20160716,"PEFR5","SVC_HR-1024i",NA,15.11,19.4,34,47.3868664885305,"Cal",65.6652204469997,66.9063750333677,19.5195085448372
"Utqiagvik","1pt","BNL2042",20160716,"PEFR5","SVC_HR-1024i",NA,15.19,23.6,39,74.0681831933294,"Cal",56.0758297814666,55.1088559244443,-18.9593272688851
"Utqiagvik","1pt","BNL2043",20160716,"PEFR5","SVC_HR-1024i",NA,15.18,22.1,33,56.0918519778476,"Cal",52.341403721669,52.0861766790204,-4.00567529882722
"Utqiagvik","1pt","BNL2053",20160717,"ERAN6","SVC_HR-1024i",NA,5.11,17,16,41.8317494416365,"Cal",35.4829167489139,35.1620556032638,-6.66969383837269
"Utqiagvik","1pt","BNL2054",20160717,"ERAN6","SVC_HR-1024i",NA,4.99,25.2,16,78.4096859792513,"Cal",83.6721188904316,84.1417542915828,5.73206831233151
"Utqiagvik","1pt","BNL2055",20160717,"ERAN6","SVC_HR-1024i",NA,5.25,17.9,15,41.5489958082114,"Cal",27.5819052979305,26.7524343106444,-14.796561497567
"Utqiagvik","1pt","BNL2056",20160717,"ERAN6","SVC_HR-1024i",NA,5.19,18.6,9,26.4405436326371,"Cal",39.6620345698309,40.5125983584154,14.0720547257783
"Utqiagvik","1pt","BNL2057",20160717,"SAPU15","SVC_HR-1024i",NA,4.67,16.2,10,25.4982557798207,"Cal",35.288137863783,35.983356908974,10.4851011291532
"Utqiagvik","1pt","BNL2058",20160717,"SAPU15","SVC_HR-1024i",NA,4.97,15.2,11,25.2888916553783,"Cal",40.1303688564511,40.956070629291,15.6671789739127
"Utqiagvik","1pt","BNL2059",20160717,"SAPU15","SVC_HR-1024i",NA,5.15,15.5,13,30.1373369112277,"Cal",53.7036827831947,54.8994327738181,24.7620958625904
"Utqiagvik","1pt","BNL2060",20160717,"SAPU15","SVC_HR-1024i",NA,5.11,15.3,8,18.3192415917944,"Cal",37.2040613804491,38.5109588290048,20.1917172372105
"Utqiagvik","1pt","BNL2062",20160717,"ERAN6","SVC_HR-1024i",NA,4.88,21.3,14,51.8307287169864,"Cal",69.4993342949244,71.2389123701677,19.4081836531813
"Utqiagvik","1pt","BNL2063",20160717,"ERAN6","SVC_HR-1024i",NA,4.92,16.7,16,41.5293796477839,"Cal",46.2154183420782,46.3830505046474,4.8536708568635
"Utqiagvik","1pt","BNL2064",20160717,"ERAN6","SVC_HR-1024i",NA,5.03,15.2,12,27.4486116459177,"Cal",31.4767394120126,31.6134942671205,4.16488262120284
"Utqiagvik","1pt","BNL2065",20160717,"ERAN6","SVC_HR-1024i",NA,5.59,16.4,13,31.1564983039952,"Cal",30.2623597214609,30.1982773640412,-0.95822093995401
"Utqiagvik","1pt","BNL2066",20160717,"ERAN6","SVC_HR-1024i",NA,5.51,18.6,16,45.7567075861121,"Cal",42.7898713305514,42.662224632963,-3.0944829531491
"Utqiagvik","1pt","BNL2068",20160717,"SAPU15","SVC_HR-1024i",NA,5.19,18.8,12,35.7984311687769,"Cal",42.1685622855578,42.601780605511,6.80334943673407
"Utqiagvik","1pt","BNL2069",20160717,"SAPU15","SVC_HR-1024i",NA,5.1,16.6,13,32.9769650757076,"Cal",42.1692156876907,42.7214300526832,9.74446497697561
"Utqiagvik","1pt","BNL2071",20160717,"ERAN6","SVC_HR-1024i",NA,5.31,20.9,14,48.5011889925666,"Cal",72.550055751972,75.0256951540067,26.5245061614401
"Utqiagvik","1pt","BNL2072",20160717,"ERAN6","SVC_HR-1024i",NA,5.14,19.5,13,41.0843116848048,"Cal",64.4342534468664,65.9884102707562,24.9040985859514
"Utqiagvik","1pt","BNL2073",20160718,"CAAQ","SVC_HR-1024i",NA,4.82,14.6,20,44.4192592906887,"Cal",24.312145428519,23.4797478986518,-20.939511392037
"Utqiagvik","1pt","BNL2074",20160718,"CAAQ","SVC_HR-1024i",NA,4.98,14.3,15,32.0987093079366,"Cal",30.6072996726037,30.4156057551322,-1.68310355280448
"Utqiagvik","1pt","BNL2075",20160718,"CAAQ","SVC_HR-1024i",NA,5.1,18.4,9,26.2361375146754,"Cal",54.4142023741504,56.2618190285805,30.0256815139052
"Utqiagvik","1pt","BNL2076",20160718,"CAAQ","SVC_HR-1024i",NA,5,13,10,19.2694767987832,"Cal",29.3400517942845,29.7316198414138,10.4621430426306
"Utqiagvik","1pt","BNL2077",20160718,"CAAQ","SVC_HR-1024i",NA,5.24,11.1,13,21.0777506109885,"Cal",19.5194391923521,19.4538892237849,-1.62386138720367
"Utqiagvik","1pt","BNL2100",20160717,"ERAN6","SVC_HR-1024i",NA,5.12,14.4,18,38.3681575108735,"Cal",41.1474533842406,41.2392786309912,2.87112112011772
"Utqiagvik","1pt","BNL2101",20160717,"ERAN6","SVC_HR-1024i",NA,5.43,16.2,15,35.873246629844,"Cal",32.4655736865644,32.2615547659019,-3.61169186394208
"Utqiagvik","1pt","BNL2102",20160717,"ERAN6","SVC_HR-1024i",NA,4.99,19.4,15,47.6437445777921,"Cal",45.6950135075886,45.5699166128147,-2.07382796497742
"Utqiagvik","1pt","BNL2105",20160718,"SAPU15","SVC_HR-1024i",NA,5.29,12.7,14,25.7034026828449,"Cal",37.1356741557265,38.0767959060974,12.3733932232525
"Utqiagvik","1pt","BNL2106",20160718,"SAPU15","SVC_HR-1024i",NA,5.99,15.2,18,37.9815393970774,"Cal",35.4368154885579,35.1835586729135,-2.79798072416391
"Utqiagvik","1pt","BNL2107",20160718,"ARLA2","SVC_HR-1024i",NA,5.03,14.2,21,44.3969103786935,"Cal",22.0240365974182,20.7597515623917,-23.6371588163018
"Utqiagvik","1pt","BNL2108",20160718,"ARLA2","SVC_HR-1024i",NA,5.98,16.9,17,40.9940747327547,"Cal",44.4014821220296,44.7030606379125,3.70898590515772
"Utqiagvik","1pt","BNL2109",20160718,"ARFU2","SVC_HR-1024i",NA,4.97,16.9,13,34.1262701343586,"Cal",55.6431851472287,56.5464869250367,22.4202167906781
"Utqiagvik","1pt","BNL2111",20160718,"ARFU2","SVC_HR-1024i",NA,5.52,15.6,16,36.2376779159828,"Cal",26.3345007494547,25.7646915977743,-10.4729863182085
"Utqiagvik","1pt","BNL2112",20160718,"ARFU2","SVC_HR-1024i",NA,5.2,16.6,8,20.1232432402432,"Cal",29.9519057578239,30.8082670072986,10.6850237670554
"Utqiagvik","1pt","BNL2113",20160718,"ARFU2","SVC_HR-1024i",NA,5.33,14.5,16,33.7725963991423,"Cal",20.2606981417425,19.5289192596071,-14.2436771395351
"Utqiagvik","1pt","BNL2114",20160718,"ARFU2","SVC_HR-1024i",NA,6.31,14.9,24,48.1557703656915,"Cal",40.6122320897062,40.2541668731023,-7.90160349258919
"Utqiagvik","1pt","BNL2115",20160718,"ARFU2","SVC_HR-1024i",NA,4.97,17.6,18,49.881931411808,"Cal",47.1597292772196,47.0674823397995,-2.81444907200853
"Utqiagvik","1pt","BNL2116",20160718,"ARFU2","SVC_HR-1024i",NA,5.88,13.5,9,16.7592109757116,"Cal",18.3287083184222,18.4447580501577,1.68554707444608
"Utqiagvik","1pt","BNL2123",20160718,"ARLA2","SVC_HR-1024i",NA,5.13,16.3,12,29.6628220691073,"Cal",37.4951004014297,40.4020111008716,10.7391890317642
"Utqiagvik","1pt","BNL2124",20160718,"ARLA2","SVC_HR-1024i",NA,5.2,14.8,14,30.5908089388794,"Cal",34.4804383456795,34.7480863649772,4.15727742609782
"Utqiagvik","1pt","BNL2125",20160718,"ARLA2","SVC_HR-1024i",NA,6.72,15.9,22,46.1362706990675,"Cal",32.5578125471037,31.9528857513676,-14.1833849476999
"Utqiagvik","1pt","BNL2126",20160718,"ARLA2","SVC_HR-1024i",NA,4.88,16,11,27.1283096439176,"Cal",38.3700204894296,39.897070106938,12.7687604630203
"Utqiagvik","1pt","BNL2141",20160719,"CAAQ","SVC_HR-1024i",NA,5.59,12.7,15,26.8533614430051,"Cal",30.91999977338,31.0917185898423,4.23835714683717
"Utqiagvik","1pt","BNL2143",20160719,"CAAQ","SVC_HR-1024i",NA,4.85,13.2,11,21.8111375003541,"Cal",50.6536859808826,52.8818321911268,31.0706946907727
"Utqiagvik","1pt","BNL2145",20160719,"CAAQ","SVC_HR-1024i",NA,4.92,18,7,20.0906225902083,"Cal",51.664361983878,54.239294771276,34.1486721810677
"Utqiagvik","1pt","BNL2146",20160719,"CAAQ","SVC_HR-1024i",NA,7.43,14.7,19,34.1878254312399,"Cal",46.1128111135669,46.745253898883,12.5574284676431
"Utqiagvik","1pt","BNL2147",20160719,"CAAQ","SVC_HR-1024i",NA,5.14,16.3,12,29.637836168299,"Cal",52.4912645299808,54.0417828120082,24.4039466437092
"Utqiagvik","1pt","BNL2148",20160719,"PEFR5","SVC_HR-1024i",NA,5.31,17.5,19,50.7724215981695,"Cal",58.1001222172025,58.6376778879317,7.86525628976218
"Utqiagvik","1pt","BNL2150",20160718,"CAAQ","SVC_HR-1024i",NA,4.64,18,15,44.08187653674,"Cal",42.5149129735075,42.4467097644514,-1.63516677228856
"Utqiagvik","1pt","BNL2155",20160719,"CAAQ","SVC_HR-1024i",NA,4.8,11.8,13,23.143783177427,"Cal",40.4285724006976,41.8790946900518,18.7353115126248
"Utqiagvik","1pt","BNL2161",20160719,"CAAQ","SVC_HR-1024i",NA,5.14,16.6,15,37.922288562745,"Cal",45.3167452319098,45.8140744972732,7.89178593452821
"Utqiagvik","1pt","BNL2162",20160719,"CAAQ","SVC_HR-1024i",NA,4.94,11.9,12,21.2827700848011,"Cal",26.042758500573,26.2796429832404,4.99687289843923
"Utqiagvik","1pt","BNL2163",20160719,"CAAQ","SVC_HR-1024i",NA,5.04,16.4,10,25.101972298125,"Cal",47.5807972472091,48.7885694115365,23.6865971134114
"Utqiagvik","1pt","BNL2164",20160719,"PEFR5","SVC_HR-1024i",NA,6.61,17.4,20,47.5611289184183,"Cal",54.3845172949195,54.9234721669967,7.36234324857838
"Utqiagvik","1pt","BNL2165",20160719,"PEFR5","SVC_HR-1024i",NA,6.15,18.1,15,39.1239840379132,"Cal",43.8855991410428,44.2444366773544,5.1204526394412
"Utqiagvik","1pt","BNL2166",20160719,"PEFR5","SVC_HR-1024i",NA,5.42,15.6,14,31.9756480483388,"Cal",41.9758058067468,43.1705262348496,11.1948781865107
"Utqiagvik","1pt","BNL2167",20160719,"CAAQ","SVC_HR-1024i",NA,5.18,14.8,18,39.3973571107598,"Cal",41.5428093935478,41.6865485024318,2.28919139167202
"Utqiagvik","1pt","BNL2177",20160720,"ARLA2","SVC_HR-1024i",NA,6.91,13,11,18.0622128083656,"Cal",17.5775515435351,17.6209659739978,-0.441246834367789
"Utqiagvik","1pt","BNL2182",20160720,"ARFU2","SVC_HR-1024i",NA,6.22,15.6,17,36.3082981412776,"Cal",24.7274554301946,23.6277038428287,-12.6805942984489
"Utqiagvik","1pt","BNL2183",20160720,"ARFU2","SVC_HR-1024i",NA,7.09,20.3,11,31.380626304915,"Cal",47.7287048566834,48.4804370781429,17.0998107732278
"Utqiagvik","1pt","BNL2187",20160720,"ARFU2","SVC_HR-1024i",NA,7,20,14,39.3334559809121,"Cal",51.7125745760832,52.289311569712,12.9558555887999
"Utqiagvik","1pt","BNL2193",20160720,"PEFR5","SVC_HR-1024i",NA,6.59,18,14,34.9282372728783,"Cal",39.2833256960103,39.6182326336664,4.68999536078807
