"","Narea_g_m2.12.comps"
"(Intercept)",1.63121998869462
"Wave_500",0.00487662294994977
"Wave_501",0.00456099429430074
"Wave_502",0.00434274661747053
"Wave_503",0.00406258953460934
"Wave_504",0.00364607374781528
"Wave_505",0.00325347984484056
"Wave_506",0.00287458832717002
"Wave_507",0.00242612994091031
"Wave_508",0.00197759478032316
"Wave_509",0.00140013689077249
"Wave_510",0.000751880954999836
"Wave_511",0.00012527135576667
"Wave_512",-0.000576388850569922
"Wave_513",-0.00129134825494507
"Wave_514",-0.00210812339516896
"Wave_515",-0.0030921233506668
"Wave_516",-0.00417051553158154
"Wave_517",-0.00530284958039945
"Wave_518",-0.00635817949230577
"Wave_519",-0.00731900552324681
"Wave_520",-0.00808883823701681
"Wave_521",-0.00899655116736398
"Wave_522",-0.00983805039911921
"Wave_523",-0.0107098729985266
"Wave_524",-0.0114237839242583
"Wave_525",-0.0120488738635195
"Wave_526",-0.0125807761087567
"Wave_527",-0.0128885823899275
"Wave_528",-0.0127689449794081
"Wave_529",-0.0123750150330988
"Wave_530",-0.0119167479992514
"Wave_531",-0.0116586204181132
"Wave_532",-0.0114172067904321
"Wave_533",-0.0108571710534013
"Wave_534",-0.0103425109566478
"Wave_535",-0.00946336267085229
"Wave_536",-0.00863814677096414
"Wave_537",-0.00799961203121407
"Wave_538",-0.00731527446802363
"Wave_539",-0.00667433142023059
"Wave_540",-0.00604187525435473
"Wave_541",-0.00554352890333415
"Wave_542",-0.00438218698478932
"Wave_543",-0.00367982111267013
"Wave_544",-0.00294526472535007
"Wave_545",-0.00199412651908438
"Wave_546",-0.00186264984178984
"Wave_547",-0.00178504428963574
"Wave_548",-0.00190044370965601
"Wave_549",-0.00178547078750098
"Wave_550",-0.00135820943510884
"Wave_551",-0.000497558042686208
"Wave_552",0.00010616544976988
"Wave_553",0.00077958725456362
"Wave_554",0.00125018985976328
"Wave_555",0.00171819001920861
"Wave_556",0.00242676344380011
"Wave_557",0.00331570758507868
"Wave_558",0.00400565639317664
"Wave_559",0.00455551146608077
"Wave_560",0.00519479608879189
"Wave_561",0.00570042155683058
"Wave_562",0.00641428134778998
"Wave_563",0.00732658698288373
"Wave_564",0.0082728646011903
"Wave_565",0.00899180555938346
"Wave_566",0.00955511784923064
"Wave_567",0.009781766480498
"Wave_568",0.010121442377158
"Wave_569",0.010380910191579
"Wave_570",0.0103963377831907
"Wave_571",0.0102162468238133
"Wave_572",0.0100504477109138
"Wave_573",0.00981188000232584
"Wave_574",0.00959555163123743
"Wave_575",0.00930296592197397
"Wave_576",0.0090007000171484
"Wave_577",0.00856560873460663
"Wave_578",0.00826408901786173
"Wave_579",0.00785497842701503
"Wave_580",0.00744076351959625
"Wave_581",0.00724903352088739
"Wave_582",0.00707564871378423
"Wave_583",0.00692436508188211
"Wave_584",0.00667341015674938
"Wave_585",0.00632119828327796
"Wave_586",0.00589750399728957
"Wave_587",0.0054653305681978
"Wave_588",0.0050321602999603
"Wave_589",0.00459168143253491
"Wave_590",0.0040917647994809
"Wave_591",0.00357304527845562
"Wave_592",0.00325325513210653
"Wave_593",0.00295003598150948
"Wave_594",0.00258205320495119
"Wave_595",0.00218431987949918
"Wave_596",0.0017869121630965
"Wave_597",0.00143213262222292
"Wave_598",0.00108621032459338
"Wave_599",0.000771802948610457
"Wave_600",0.000479070453426032
"Wave_601",0.000298700204855289
"Wave_602",4.81037961816454e-05
"Wave_603",-6.07292970493019e-05
"Wave_604",-0.000185062389175075
"Wave_605",-0.000300243607385025
"Wave_606",-0.000505461873066598
"Wave_607",-0.000481843627414962
"Wave_608",-0.000464596913560539
"Wave_609",-0.000464113404984711
"Wave_610",-0.000532052559756062
"Wave_611",-0.000596132734716993
"Wave_612",-0.000632915944094801
"Wave_613",-0.000586353636626669
"Wave_614",-0.000588728465108828
"Wave_615",-0.000728504623091179
"Wave_616",-0.000814951623185203
"Wave_617",-0.000968147839160251
"Wave_618",-0.00119884730949431
"Wave_619",-0.00133740650247048
"Wave_620",-0.00141533831771502
"Wave_621",-0.00156997697221727
"Wave_622",-0.00160484216200637
"Wave_623",-0.00170204327376741
"Wave_624",-0.0018145888874331
"Wave_625",-0.00199412091613158
"Wave_626",-0.0021315377989832
"Wave_627",-0.00237694104178902
"Wave_628",-0.00248646742841701
"Wave_629",-0.0025907975927131
"Wave_630",-0.00258133306584356
"Wave_631",-0.00266854533321237
"Wave_632",-0.0027579563780343
"Wave_633",-0.00257081504501399
"Wave_634",-0.00235338774080257
"Wave_635",-0.00212827972407994
"Wave_636",-0.00181797345110329
"Wave_637",-0.00150801415092049
"Wave_638",-0.00125006337117122
"Wave_639",-0.00101892168429398
"Wave_640",-0.000615845660022336
"Wave_641",-0.000360097591772785
"Wave_642",-0.00014205184980357
"Wave_643",0.000205317615694274
"Wave_644",0.000572769962181845
"Wave_645",0.00100776381694546
"Wave_646",0.00155343961373787
"Wave_647",0.00208928287412925
"Wave_648",0.00240157390944991
"Wave_649",0.00264034732045041
"Wave_650",0.00300079581567365
"Wave_651",0.00328488181134475
"Wave_652",0.00349129868088666
"Wave_653",0.00379440287072301
"Wave_654",0.00420367397977438
"Wave_655",0.00472149615538231
"Wave_656",0.00515129610126987
"Wave_657",0.00556940779264843
"Wave_658",0.00615534459328311
"Wave_659",0.00647462339492512
"Wave_660",0.00717359292602862
"Wave_661",0.00793614507035229
"Wave_662",0.00867772015770403
"Wave_663",0.00934791002472181
"Wave_664",0.00977943650342412
"Wave_665",0.0102124970305213
"Wave_666",0.0104693057494783
"Wave_667",0.0109817421548068
"Wave_668",0.0112997455739043
"Wave_669",0.0112239484655511
"Wave_670",0.0109505806932596
"Wave_671",0.0105382833392174
"Wave_672",0.0103408964855312
"Wave_673",0.010215157970994
"Wave_674",0.0100612501954369
"Wave_675",0.00997532291250485
"Wave_676",0.0100617268018913
"Wave_677",0.010231920977667
"Wave_678",0.0104201967074576
"Wave_679",0.010441030613595
"Wave_680",0.0103379283742111
"Wave_681",0.0100316362625215
"Wave_682",0.00955784368725983
"Wave_683",0.00889318449722286
"Wave_684",0.00794918712125842
"Wave_685",0.00675212106168322
"Wave_686",0.00526397659627253
"Wave_687",0.0033750783695211
"Wave_688",0.00111735429362529
"Wave_689",-0.00136734116609016
"Wave_690",-0.00367988392894359
"Wave_691",-0.00613252306155092
"Wave_692",-0.00865730546452793
"Wave_693",-0.0112435926713703
"Wave_694",-0.0139903389190528
"Wave_695",-0.0154968847061636
"Wave_696",-0.0168686830879
"Wave_697",-0.0182290662193522
"Wave_698",-0.0204384211121792
"Wave_699",-0.0214309842646885
"Wave_700",-0.0217207158887879
"Wave_701",-0.0221263985207154
"Wave_702",-0.021549668295147
"Wave_703",-0.0205259384672647
"Wave_704",-0.0198477057306709
"Wave_705",-0.0192335685804495
"Wave_706",-0.0164805870958725
"Wave_707",-0.0149977097965281
"Wave_708",-0.0142337670415495
"Wave_709",-0.01287478675509
"Wave_710",-0.0107090501837739
"Wave_711",-0.00788996292107189
"Wave_712",-0.00621981934624991
"Wave_713",-0.00570511059962678
"Wave_714",-0.00270678561224238
"Wave_715",-0.00106834175595473
"Wave_716",-0.00131002041434213
"Wave_717",-0.00273401674301599
"Wave_718",-0.00275333696982103
"Wave_719",-0.000939911891946512
"Wave_720",0.0029621039142111
"Wave_721",0.00507699819069987
"Wave_722",0.00561084360756507
"Wave_723",0.00564752994814097
"Wave_724",0.00568728647182899
"Wave_725",0.00566873776520547
"Wave_726",0.00703726192265674
"Wave_727",0.00805567021311206
"Wave_728",0.00763357553545042
"Wave_729",0.00813752103148604
"Wave_730",0.00819827509285608
"Wave_731",0.00899545161710306
"Wave_732",0.00988596465726566
"Wave_733",0.0106496017731449
"Wave_734",0.00958416107015276
"Wave_735",0.00842322542285314
"Wave_736",0.00759018728237015
"Wave_737",0.0060893877061012
"Wave_738",0.00616446664526571
"Wave_739",0.00574484677481478
"Wave_740",0.00471110604046003
"Wave_741",0.00377132136953867
"Wave_742",0.00339105058324574
"Wave_743",0.00389955976602829
"Wave_744",0.0036165383835152
"Wave_745",0.00227089054791116
"Wave_746",0.0018955123764499
"Wave_747",0.00122736018611307
"Wave_748",0.000146495340584034
"Wave_749",-0.000508390610887403
"Wave_750",-0.000744122386693202
"Wave_751",-0.000145817462574732
"Wave_752",-0.000410756591821615
"Wave_753",-0.000327946034989153
"Wave_754",0.000158425941149621
"Wave_755",0.000621760877822186
"Wave_756",0.000783169968565516
"Wave_757",-0.000228609877079037
"Wave_758",-0.00334615927328388
"Wave_759",-0.00975853411359506
"Wave_760",-0.0167036107988587
"Wave_761",-0.0196848244093844
"Wave_762",-0.01514140742579
"Wave_763",-0.0100067312593275
"Wave_764",-0.0059200844645866
"Wave_765",-0.00209899035201005
"Wave_766",0.00134559887681109
"Wave_767",0.00181626651519537
"Wave_768",0.00237519269773603
"Wave_769",0.00258725399357941
"Wave_770",0.00237301072725031
"Wave_771",0.00118018437831752
"Wave_772",0.000510437459719361
"Wave_773",0.00034127097297438
"Wave_774",0.000557395170472833
"Wave_775",0.00119962170361211
"Wave_776",0.00107698149149842
"Wave_777",0.000868995723466167
"Wave_778",0.00138670514003688
"Wave_779",0.00174596099144253
"Wave_780",0.00103433179567966
"Wave_781",0.00219136551140619
"Wave_782",0.00140978544515883
"Wave_783",0.00120814241145954
"Wave_784",0.00153041173210601
"Wave_785",0.00228675113202193
"Wave_786",0.0020538259411153
"Wave_787",0.00214972532760234
"Wave_788",0.00168462474753127
"Wave_789",0.0016279194728269
"Wave_790",0.00238432430243255
"Wave_791",0.00146507148099626
"Wave_792",0.00124539173698823
"Wave_793",0.00148547983682964
"Wave_794",0.00056777248750899
"Wave_795",0.00203377478931906
"Wave_796",0.0018320033287706
"Wave_797",0.00153834797848933
"Wave_798",0.00165814206008213
"Wave_799",0.00130355134140201
"Wave_800",0.0012307440973761
"Wave_801",0.000967426951536255
"Wave_802",0.00124254356796326
"Wave_803",0.00153289878872927
"Wave_804",0.00100309928826367
"Wave_805",0.00176970077575592
"Wave_806",0.00155283812521346
"Wave_807",0.00160768845091114
"Wave_808",0.00132334420062062
"Wave_809",0.00125007707094386
"Wave_810",0.00141768727319843
"Wave_811",0.000887825105191926
"Wave_812",0.000629927699945243
"Wave_813",0.00167484759592609
"Wave_814",0.00155443069472158
"Wave_815",0.000369367183624885
"Wave_816",-0.000420126538506139
"Wave_817",-0.000109021179770582
"Wave_818",-0.0013298860334088
"Wave_819",-0.000648468143999665
"Wave_820",0.000947110032760889
"Wave_821",0.000502870644393535
"Wave_822",-0.000481125552556039
"Wave_823",-0.000273763594744724
"Wave_824",0.000177682457100692
"Wave_825",0.000169240894340517
"Wave_826",0.00134284721327971
"Wave_827",0.00071337416657078
"Wave_828",0.000495333822401947
"Wave_829",-0.000659585614963259
"Wave_830",-0.000909797514897539
"Wave_831",4.24480639466874e-07
"Wave_832",-0.00106871300302268
"Wave_833",-0.000728879539034641
"Wave_834",-0.000943041272754113
"Wave_835",3.85240490277507e-05
"Wave_836",-0.000299902873825678
"Wave_837",-0.000463361840212727
"Wave_838",0.00144443943866146
"Wave_839",-0.000731751400406868
"Wave_840",-8.09588842834114e-05
"Wave_841",-9.09421585146603e-05
"Wave_842",0.000212985565466698
"Wave_843",0.00104067892672676
"Wave_844",0.000571414288318208
"Wave_845",0.000327700281518106
"Wave_846",0.00125163090250888
"Wave_847",0.000740051269792593
"Wave_848",-0.0022389725473448
"Wave_849",0.000144374930299267
"Wave_850",0.00092787477958362
"Wave_851",0.0012717584313293
"Wave_852",-6.04216602597109e-05
"Wave_853",-0.000717490294041047
"Wave_854",-0.00270500705925589
"Wave_855",-0.00040423088873449
"Wave_856",0.0014384497596235
"Wave_857",0.00151256905230273
"Wave_858",0.000933576600677883
"Wave_859",0.00111014694377785
"Wave_860",-0.00124929185203828
"Wave_861",-0.000516969215254064
"Wave_862",0.000579368200065323
"Wave_863",-0.000116910388837564
"Wave_864",0.00260201349113437
"Wave_865",-0.00407188898801614
"Wave_866",-0.00291415453964419
"Wave_867",-0.00275482248842664
"Wave_868",-0.00149927384316977
"Wave_869",0.000159903922482606
"Wave_870",-8.46955978585125e-05
"Wave_871",5.00710767621923e-05
"Wave_872",0.000662056261360402
"Wave_873",-0.000922683248548931
"Wave_874",-0.000498989789927866
"Wave_875",-0.00279976298700935
"Wave_876",-0.0012016916009331
"Wave_877",-0.00099371192708972
"Wave_878",-0.000295990004941578
"Wave_879",-0.000408442346904851
"Wave_880",-0.00146867867507444
"Wave_881",-0.000824882433017851
"Wave_882",0.000593406263398545
"Wave_883",0.00235140668334326
"Wave_884",-0.00013904479195046
"Wave_885",-0.00181606547558849
"Wave_886",-0.00168773657838809
"Wave_887",-0.00236866342970567
"Wave_888",0.000295441190499946
"Wave_889",0.000497123539315597
"Wave_890",-0.00136689985829728
"Wave_891",-0.00193297094643905
"Wave_892",-0.000862060965362506
"Wave_893",-0.00234817508736205
"Wave_894",-0.00216732135954652
"Wave_895",-0.00119901359331698
"Wave_896",-0.00172687517442715
"Wave_897",-0.00308683667093391
"Wave_898",-0.00125150623611882
"Wave_899",-0.00293196565028041
"Wave_900",-0.000611322419126318
"Wave_901",-0.000148995770416438
"Wave_902",0.000507592841328446
"Wave_903",0.00165808092104837
"Wave_904",0.0015991769903501
"Wave_905",-0.000523068783796726
"Wave_906",0.0014463473842209
"Wave_907",-0.00346984326063087
"Wave_908",-0.0019586877696394
"Wave_909",-0.00312035517895944
"Wave_910",-0.00182249814203869
"Wave_911",-0.00146620572148125
"Wave_912",-0.00144661978263668
"Wave_913",-0.00234362930351299
"Wave_914",-0.00150916361410868
"Wave_915",-0.00269597518660854
"Wave_916",-0.00220229763432498
"Wave_917",-0.000983192671464092
"Wave_918",0.000828594252201786
"Wave_919",-0.000535558305585862
"Wave_920",-0.0010378597408946
"Wave_921",-0.00130129171172632
"Wave_922",-0.00118765545609409
"Wave_923",0.00113480313148791
"Wave_924",0.00230397151567212
"Wave_925",0.00298011724693029
"Wave_926",0.00314847370261851
"Wave_927",0.00227220937480748
"Wave_928",0.00257322401468764
"Wave_929",-0.000639401504576509
"Wave_930",0.0020868376100318
"Wave_931",0.0024657473791476
"Wave_932",0.000421549744470747
"Wave_933",-0.00184286011844438
"Wave_934",0.00143552144631973
"Wave_935",0.00271646993726678
"Wave_936",0.000162174553538712
"Wave_937",0.00503608356173806
"Wave_938",0.00436300464323589
"Wave_939",0.00130830126611785
"Wave_940",0.00399087557436836
"Wave_941",0.0028524838385908
"Wave_942",0.000505009194008122
"Wave_943",0.000521490394182915
"Wave_944",0.00119104608995577
"Wave_945",0.00114666136944
"Wave_946",-0.00252460115007013
"Wave_947",-0.00276710928033414
"Wave_948",0.00684271988748619
"Wave_949",0.00541471724648615
"Wave_950",0.00402596485408128
"Wave_951",-0.00295429993945856
"Wave_952",0.000118717015396951
"Wave_953",0.00318631599391302
"Wave_954",0.00044605723341482
"Wave_955",-0.00267613163188266
"Wave_956",-0.00023175031295875
"Wave_957",0.00297942023904188
"Wave_958",0.00103621966546417
"Wave_959",-0.00180220244207383
"Wave_960",-5.71647150746649e-05
"Wave_961",0.000775441976510937
"Wave_962",0.00302182810463638
"Wave_963",0.000666306700407631
"Wave_964",-0.00211573299775567
"Wave_965",-0.00839679682101577
"Wave_966",-0.00957805176478763
"Wave_967",-0.00185993051510071
"Wave_968",-8.43204530530996e-05
"Wave_969",-0.00130336176469464
"Wave_970",-0.00303918569198
"Wave_971",-0.0069921374675699
"Wave_972",-0.00703665620771002
"Wave_973",-0.00557839678349388
"Wave_974",-0.00504194110605836
"Wave_975",-0.00320433845077659
"Wave_976",0.000312462755216714
"Wave_977",-0.00299069248538242
"Wave_978",-0.00471205567579397
"Wave_979",-0.00373234930125025
"Wave_980",-0.00258731481845989
"Wave_981",-0.00263727389757227
"Wave_982",-0.00204011485192639
"Wave_983",-0.00170189625250247
"Wave_984",9.18502608906424e-05
"Wave_985",0.00122807652172632
"Wave_986",0.00303899901151772
"Wave_987",0.00487505843567302
"Wave_988",0.0036097342251239
"Wave_989",0.00232712212921761
"Wave_990",0.00109233500051413
"Wave_991",3.07120305734659e-05
"Wave_992",-0.000407756029292552
"Wave_993",-0.000915193214985803
"Wave_994",-0.000600939124779616
"Wave_995",-0.00140720052019878
"Wave_996",-0.000448640039552926
"Wave_997",-0.000228819341763564
"Wave_998",0.000110734680555282
"Wave_999",-0.000152648738770854
"Wave_1000",-0.00105116396862743
"Wave_1001",-0.00194672451982669
"Wave_1002",-0.00289762236447493
"Wave_1003",-0.00376047905264239
"Wave_1004",-0.00360066898184565
"Wave_1005",-0.00273386243748782
"Wave_1006",-0.00225685848092296
"Wave_1007",-0.00249018434958655
"Wave_1008",-0.00205737873058288
"Wave_1009",-0.00157191068434424
"Wave_1010",-0.000928257053116691
"Wave_1011",-0.000277356309397146
"Wave_1012",0.000580454223064228
"Wave_1013",0.00141068146196829
"Wave_1014",0.00190137629676938
"Wave_1015",0.00101141243717858
"Wave_1016",0.000592379239356084
"Wave_1017",-1.20862713899996e-05
"Wave_1018",-0.000507496174743211
"Wave_1019",-0.00058169206417599
"Wave_1020",-0.000604981150043158
"Wave_1021",-0.000568783383622379
"Wave_1022",-0.000416693574783893
"Wave_1023",-0.000293610517978599
"Wave_1024",-0.000101771333778492
"Wave_1025",-2.92747497053963e-05
"Wave_1026",0.000806654814478438
"Wave_1027",1.68079562066938e-05
"Wave_1028",-0.000172461862266699
"Wave_1029",-0.000251174180643338
"Wave_1030",-0.000965049624139556
"Wave_1031",-0.00084939015624007
"Wave_1032",0.000104633047866924
"Wave_1033",0.000252673427969633
"Wave_1034",0.000347586435943786
"Wave_1035",0.0003976824326673
"Wave_1036",0.00041767536237684
"Wave_1037",0.000345041076731645
"Wave_1038",0.000127490855163875
"Wave_1039",-0.000163551849383217
"Wave_1040",0.000393124972524829
"Wave_1041",0.000459150460744644
"Wave_1042",-4.25891102563322e-05
"Wave_1043",0.00039421025525574
"Wave_1044",0.000940800957693908
"Wave_1045",0.00139506032574158
"Wave_1046",0.00173093114700771
"Wave_1047",0.00205368730637897
"Wave_1048",0.00219868791403293
"Wave_1049",0.00209373545973526
"Wave_1050",0.00214547998545844
"Wave_1051",0.00206488486636415
"Wave_1052",0.00202516008600394
"Wave_1053",0.00207565247448693
"Wave_1054",0.00221420433111952
"Wave_1055",0.00240623858243606
"Wave_1056",0.00256004964239988
"Wave_1057",0.00267790002623574
"Wave_1058",0.00280832520914199
"Wave_1059",0.00377278841519949
"Wave_1060",0.00297626123841194
"Wave_1061",0.00298133313862126
"Wave_1062",0.00300933739324351
"Wave_1063",0.00288043572678825
"Wave_1064",0.00265037632108438
"Wave_1065",0.00258458922597163
"Wave_1066",0.0026609008271785
"Wave_1067",0.00266508192764931
"Wave_1068",0.00271419448178829
"Wave_1069",0.00280766704541461
"Wave_1070",0.00286460187129323
"Wave_1071",0.00267672903044503
"Wave_1072",0.00327770718991979
"Wave_1073",0.00298785320971552
"Wave_1074",0.00265865994109392
"Wave_1075",0.00224037959448696
"Wave_1076",0.00194285486865887
"Wave_1077",0.00173277115438902
"Wave_1078",0.001657566033083
"Wave_1079",0.00159507566972085
"Wave_1080",0.00154357686518696
"Wave_1081",0.00151635694163709
"Wave_1082",0.0015759375028887
"Wave_1083",0.00150371048573536
"Wave_1084",0.0014929899442564
"Wave_1085",0.00143639124745823
"Wave_1086",0.00122079210602333
"Wave_1087",0.00119251073883574
"Wave_1088",0.00127763808734637
"Wave_1089",0.00134745232315244
"Wave_1090",0.000404489958318975
"Wave_1091",0.000945144262990497
"Wave_1092",0.000816931023060463
"Wave_1093",-2.34873306201875e-05
"Wave_1094",0.000714243312573168
"Wave_1095",0.00073366179600574
"Wave_1096",-1.47444240596257e-05
"Wave_1097",-3.83677499113482e-05
"Wave_1098",-1.4772686970004e-05
"Wave_1099",4.97585091872079e-05
"Wave_1100",0.000119448222859329
"Wave_1101",0.000917966487186586
"Wave_1102",4.93386961640288e-05
"Wave_1103",-0.000100123867696634
"Wave_1104",-0.000240632756152157
"Wave_1105",-0.00086792862570656
"Wave_1106",-0.00158222759224297
"Wave_1107",-0.0015814592359604
"Wave_1108",-0.00237106650526075
"Wave_1109",-0.00341040379354465
"Wave_1110",-0.00436648100525959
"Wave_1111",-0.00559276219090476
"Wave_1112",-0.00603066999148804
"Wave_1113",-0.0064358379060344
"Wave_1114",-0.00827629076905304
"Wave_1115",-0.00891138051016516
"Wave_1116",-0.00917200195705848
"Wave_1117",-0.00899644670583091
"Wave_1118",-0.00819995351026748
"Wave_1119",-0.00812320749832593
"Wave_1120",-0.0083182888860006
"Wave_1121",-0.00692660661783322
"Wave_1122",-0.00606717982075602
"Wave_1123",-0.00510953795465027
"Wave_1124",-0.00449881552243034
"Wave_1125",-0.00404068958076732
"Wave_1126",-0.00383915141177632
"Wave_1127",-0.00359954581614912
"Wave_1128",-0.00333901860790093
"Wave_1129",-0.00267934695466541
"Wave_1130",-0.00142930367582972
"Wave_1131",-0.000216138087001293
"Wave_1132",5.23965087964523e-05
"Wave_1133",0.000644307694107793
"Wave_1134",0.00119771444731114
"Wave_1135",0.00167369546639528
"Wave_1136",0.00161603992208775
"Wave_1137",0.00148260410171646
"Wave_1138",0.00235382658317517
"Wave_1139",0.00249186219603564
"Wave_1140",0.00157434273400631
"Wave_1141",0.00181307349108344
"Wave_1142",0.000598285151689563
"Wave_1143",0.000420339112797076
"Wave_1144",0.00108266548612501
"Wave_1145",-0.000199889430475729
"Wave_1146",-0.000805124613396203
"Wave_1147",0.000991776135086475
"Wave_1148",0.00182200539747796
"Wave_1149",0.00207496437378673
"Wave_1150",0.00240880632258951
"Wave_1151",0.00318512498631498
"Wave_1152",0.00338969084109479
"Wave_1153",0.00249114033030468
"Wave_1154",0.00299023258517778
"Wave_1155",0.00339754189186228
"Wave_1156",0.00241208025778751
"Wave_1157",0.00249436047257009
"Wave_1158",0.00203642193984167
"Wave_1159",0.00117293648658343
"Wave_1160",0.000921678284327989
"Wave_1161",0.000670843977701974
"Wave_1162",0.00111346944006754
"Wave_1163",0.000896052940888449
"Wave_1164",0.000491471376862238
"Wave_1165",5.88777904446752e-06
"Wave_1166",-0.000282637345177236
"Wave_1167",-0.000435401148516406
"Wave_1168",-0.000494952650984742
"Wave_1169",-0.000484600755188693
"Wave_1170",-0.000241074675181656
"Wave_1171",-0.000113718773464381
"Wave_1172",0.000108471055521357
"Wave_1173",0.000235357434812865
"Wave_1174",0.000126168141644443
"Wave_1175",-0.000232450124956076
"Wave_1176",-0.000753563532751928
"Wave_1177",-0.00108869001968865
"Wave_1178",-0.00147367384420331
"Wave_1179",-0.00162846847003545
"Wave_1180",-0.00175922739873561
"Wave_1181",-0.00163122566192211
"Wave_1182",-0.0014147480152662
"Wave_1183",-0.00142849837777331
"Wave_1184",-0.00136581038586795
"Wave_1185",-0.00100413463729667
"Wave_1186",-0.000742518460703113
"Wave_1187",-0.000598356499026312
"Wave_1188",-0.000516891125099827
"Wave_1189",-0.000442037748994881
"Wave_1190",-0.000542631559602992
"Wave_1191",-0.000730176390211427
"Wave_1192",-0.000971952341787931
"Wave_1193",-0.00124320034457338
"Wave_1194",-0.00181364348204479
"Wave_1195",-0.00234078076993443
"Wave_1196",-0.00269333742882167
"Wave_1197",-0.00289419929434032
"Wave_1198",-0.00310442817795962
"Wave_1199",-0.00324394476637492
"Wave_1200",-0.00300038878081398
"Wave_1201",-0.00269217910493578
"Wave_1202",-0.00250326779361503
"Wave_1203",-0.00236442029465462
"Wave_1204",-0.00227258768929426
"Wave_1205",-0.00232824767739225
"Wave_1206",-0.00253455867978963
"Wave_1207",-0.00258725532655915
"Wave_1208",-0.00242266947829872
"Wave_1209",-0.00238596649967697
"Wave_1210",-0.00233032176914729
"Wave_1211",-0.00217157050894518
"Wave_1212",-0.00191907939360081
"Wave_1213",-0.0018770758231521
"Wave_1214",-0.00200201412665099
"Wave_1215",-0.00208858102856859
"Wave_1216",-0.00215222271380869
"Wave_1217",-0.00213997698983577
"Wave_1218",-0.00206400191841878
"Wave_1219",-0.00207257955208509
"Wave_1220",-0.00216298822399426
"Wave_1221",-0.00220192266000168
"Wave_1222",-0.0021333085731601
"Wave_1223",-0.00183917845128024
"Wave_1224",-0.00140341721961714
"Wave_1225",-0.00101880344362393
"Wave_1226",-0.000909867320803798
"Wave_1227",-0.00100177186943124
"Wave_1228",-0.00108853158170456
"Wave_1229",-0.000476651853792338
"Wave_1230",-0.00117896443326129
"Wave_1231",-0.00127464552542875
"Wave_1232",-0.0013275196305843
"Wave_1233",-0.00132456670697983
"Wave_1234",-0.00134988642044816
"Wave_1235",-0.00131858753668694
"Wave_1236",-0.00053062446438926
"Wave_1237",-0.00115640026002625
"Wave_1238",-0.00121747110834871
"Wave_1239",-0.000541175993284067
"Wave_1240",-0.000615834855915224
"Wave_1241",-0.000640147635277114
"Wave_1242",-0.000874006966194545
"Wave_1243",-0.00167828263066674
"Wave_1244",-0.00179414371965619
"Wave_1245",-0.00111529105924284
"Wave_1246",-0.000943225328597257
"Wave_1247",-0.000735808343472462
"Wave_1248",-0.000416154368147772
"Wave_1249",-0.000753635587149568
"Wave_1250",-0.00125358057501067
"Wave_1251",-0.00240368919267503
"Wave_1252",-0.00206421297776767
"Wave_1253",-0.00200899426209169
"Wave_1254",-0.00189738675209329
"Wave_1255",-0.00174628561310827
"Wave_1256",-0.00245710041225099
"Wave_1257",-0.00256676858121389
"Wave_1258",-0.00187432172166924
"Wave_1259",-0.00259465631611863
"Wave_1260",-0.00198147064777444
"Wave_1261",-0.00238768627276824
"Wave_1262",-0.00287292308979513
"Wave_1263",-0.00325711398781192
"Wave_1264",-0.00395150928096696
"Wave_1265",-0.00387844683409569
"Wave_1266",-0.00380489475169956
"Wave_1267",-0.00366333813089528
"Wave_1268",-0.00340944166696639
"Wave_1269",-0.00303099248399368
"Wave_1270",-0.00268734749309679
"Wave_1271",-0.00246467821903774
"Wave_1272",-0.00246644588812197
"Wave_1273",-0.00242089389107652
"Wave_1274",-0.00169709218053903
"Wave_1275",-0.00250511390209767
"Wave_1276",-0.00189073824991956
"Wave_1277",-0.00165610962221703
"Wave_1278",-0.00205689992245518
"Wave_1279",-0.00130669316326989
"Wave_1280",-0.0011624996200062
"Wave_1281",-0.00148099687778967
"Wave_1282",-0.000389078340358081
"Wave_1283",2.04873649430739e-05
"Wave_1284",0.00038997709894034
"Wave_1285",0.000784854657933292
"Wave_1286",0.000942050829382778
"Wave_1287",0.000720020841119366
"Wave_1288",0.000861793271306599
"Wave_1289",0.00167357117333783
"Wave_1290",0.00190701958427915
"Wave_1291",0.00159148768057401
"Wave_1292",0.00206244619193403
"Wave_1293",0.00263220322005699
"Wave_1294",0.00252091863874835
"Wave_1295",0.00327738548934978
"Wave_1296",0.00297010113546584
"Wave_1297",0.00335375360553393
"Wave_1298",0.00361769329994696
"Wave_1299",0.00389009393304249
"Wave_1300",0.00404435404103729
"Wave_1301",0.00394965531042817
"Wave_1302",0.00428376625524477
"Wave_1303",0.00380202817806829
"Wave_1304",0.00469066042722071
"Wave_1305",0.0048500233223321
"Wave_1306",0.00503314006298745
"Wave_1307",0.00539921777481415
"Wave_1308",0.00588912283522199
"Wave_1309",0.00599593943330881
"Wave_1310",0.00637364143216897
"Wave_1311",0.00640424283404428
"Wave_1312",0.00772712932654466
"Wave_1313",0.0080267421309928
"Wave_1314",0.00820175377885264
"Wave_1315",0.0082618028542903
"Wave_1316",0.00828547329587822
"Wave_1317",0.00769306132972888
"Wave_1318",0.00789139371308198
"Wave_1319",0.00875033333388436
"Wave_1320",0.00875084442458732
"Wave_1321",0.00885745896766302
"Wave_1322",0.00944002708991728
"Wave_1323",0.0101175946044173
"Wave_1324",0.0102439022344414
"Wave_1325",0.0104466107034317
"Wave_1326",0.0106507241519542
"Wave_1327",0.0108944498039711
"Wave_1328",0.0108677925796289
"Wave_1329",0.0107687418725571
"Wave_1501",-0.0036589033930202
"Wave_1502",-0.00367892917133176
"Wave_1503",-0.00397770124346106
"Wave_1504",-0.00439287918694365
"Wave_1505",-0.00474378673748136
"Wave_1506",-0.00478433807886606
"Wave_1507",-0.00464234065666985
"Wave_1508",-0.00438902556975733
"Wave_1509",-0.00397284530070509
"Wave_1510",-0.00374605625094955
"Wave_1511",-0.00354377007540472
"Wave_1512",-0.00331847216994857
"Wave_1513",-0.00311401449949748
"Wave_1514",-0.00253199085483025
"Wave_1515",-0.00229077427145683
"Wave_1516",-0.00182908470609192
"Wave_1517",-0.00139908338628994
"Wave_1518",-0.00103631356445279
"Wave_1519",-0.000736990724593604
"Wave_1520",-0.000633687545875933
"Wave_1521",-0.000666138670124334
"Wave_1522",-0.000942389427716147
"Wave_1523",-0.00121822644524268
"Wave_1524",-0.00117266440317895
"Wave_1525",-0.000905058275974665
"Wave_1526",-0.000478988254610826
"Wave_1527",-5.58931530560383e-05
"Wave_1528",0.000240592550964328
"Wave_1529",0.000435157364278203
"Wave_1530",0.000546076685874054
"Wave_1531",0.000535075803367772
"Wave_1532",0.000290586753700064
"Wave_1533",-6.70973784395042e-05
"Wave_1534",-0.000461256004915702
"Wave_1535",-0.000737485108520962
"Wave_1536",-0.000705497964561746
"Wave_1537",-0.000574969202279748
"Wave_1538",-0.000392784043494101
"Wave_1539",-0.000346279275813052
"Wave_1540",-0.000299911507842482
"Wave_1541",-0.000263101048392524
"Wave_1542",-0.000161873452379591
"Wave_1543",7.97595886605992e-06
"Wave_1544",4.63579838695973e-05
"Wave_1545",6.45269550806714e-05
"Wave_1546",-7.01969871942613e-05
"Wave_1547",-0.000218969996064973
"Wave_1548",-0.000282294364278303
"Wave_1549",-0.000342804479372668
"Wave_1550",-0.000409555744869635
"Wave_1551",-0.000469822535454804
"Wave_1552",-0.0005868390517381
"Wave_1553",-0.000717298227105229
"Wave_1554",-0.000817087454262245
"Wave_1555",-0.000914958664322185
"Wave_1556",-0.000995349481536766
"Wave_1557",-0.00108338783620541
"Wave_1558",-0.00105736029687911
"Wave_1559",-0.00099104873129646
"Wave_1560",-0.000925524521910694
"Wave_1561",-0.000810718043221477
"Wave_1562",-0.000569275821866477
"Wave_1563",-0.000230470034812358
"Wave_1564",8.99959452084112e-05
"Wave_1565",0.00072579385249901
"Wave_1566",0.000968914756769154
"Wave_1567",0.00153966298662005
"Wave_1568",0.00206711135564375
"Wave_1569",0.00220849219286514
"Wave_1570",0.00214334500777568
"Wave_1571",0.00230319031683726
"Wave_1572",0.00177838190228047
"Wave_1573",0.00152166876740655
"Wave_1574",0.00142300242051614
"Wave_1575",0.00103028907841021
"Wave_1576",0.00051033598058122
"Wave_1577",0.000513318366005829
"Wave_1578",0.000623325921857901
"Wave_1579",0.00111182492161793
"Wave_1580",0.00143418848922421
"Wave_1581",0.00187090071479962
"Wave_1582",0.00228256220354542
"Wave_1583",0.0024296489926384
"Wave_1584",0.00228520498479974
"Wave_1585",0.00196680998078497
"Wave_1586",0.00161805841182809
"Wave_1587",0.00152404809610999
"Wave_1588",0.00123807131582149
"Wave_1589",0.00164998126868946
"Wave_1590",0.00178513778892214
"Wave_1591",0.00153318466424646
"Wave_1592",0.00162886354040346
"Wave_1593",0.00159177143088223
"Wave_1594",0.00143573532489803
"Wave_1595",0.0016701685400565
"Wave_1596",0.00157642273235593
"Wave_1597",0.00170312678176721
"Wave_1598",0.00142997753500996
"Wave_1599",0.00171277983569364
"Wave_1600",0.00123596813114063
"Wave_1601",0.00132171145232132
"Wave_1602",0.00119834764225919
"Wave_1603",0.000717009505041909
"Wave_1604",0.000985899006343228
"Wave_1605",0.000947737625084967
"Wave_1606",0.00107882450102038
"Wave_1607",0.00122748047614204
"Wave_1608",0.00123982214640894
"Wave_1609",0.00139543814655015
"Wave_1610",0.0010403719255393
"Wave_1611",0.000359542464496382
"Wave_1612",0.000132302280079331
"Wave_1613",0.000704056672505629
"Wave_1614",0.000609366769230538
"Wave_1615",0.000742311928794845
"Wave_1616",0.00136597210843403
"Wave_1617",0.00113577665748468
"Wave_1618",0.0011995481938554
"Wave_1619",0.000934049590256169
"Wave_1620",0.000473969051647958
"Wave_1621",2.66119828060069e-06
"Wave_1622",-0.00012515242323474
"Wave_1623",-0.000381209310966747
"Wave_1624",-0.000809190307605222
"Wave_1625",-0.000866945765518881
"Wave_1626",-0.00146431705338302
"Wave_1627",-0.00132691745968676
"Wave_1628",-0.0016038147095931
"Wave_1629",-0.00190635468711777
"Wave_1630",-0.00212715238612343
"Wave_1631",-0.00167670590584221
"Wave_1632",-0.00144507221349402
"Wave_1633",-0.00116158700500489
"Wave_1634",-0.000802565572547299
"Wave_1635",-0.000352451554798444
"Wave_1636",0.00010006739707801
"Wave_1637",0.000589380254505495
"Wave_1638",0.000296258736481277
"Wave_1639",0.000735839947263374
"Wave_1640",0.000811991557338353
"Wave_1641",0.000441926809481193
"Wave_1642",0.000666518423674318
"Wave_1643",0.000401047644594339
"Wave_1644",-0.000138943469347897
"Wave_1645",-9.28082520492971e-05
"Wave_1646",-0.000188134001090386
"Wave_1647",0.000138563041480156
"Wave_1648",-0.000236835604709478
"Wave_1649",-0.000363034664200872
"Wave_1650",-0.000478600271321487
"Wave_1651",-0.000737262645425451
"Wave_1652",-0.00108049490879235
"Wave_1653",-0.00142857764684173
"Wave_1654",-0.00188828352455104
"Wave_1655",-0.00196401921812401
"Wave_1656",-0.0023974699384368
"Wave_1657",-0.00255577630106969
"Wave_1658",-0.00211884655634542
"Wave_1659",-0.00168488360315988
"Wave_1660",-0.00129891083397498
"Wave_1661",-0.000410973592401271
"Wave_1662",-0.00048252701686831
"Wave_1663",-0.000368014319919373
"Wave_1664",-6.05745891803411e-05
"Wave_1665",-0.000284145263984314
"Wave_1666",-0.000570774841629424
"Wave_1667",-0.000765767872701503
"Wave_1668",-0.000922140154661575
"Wave_1669",-0.00098018441591014
"Wave_1670",-0.00125148174792742
"Wave_1671",-0.000584082658100778
"Wave_1672",-0.000214596330033245
"Wave_1673",7.45665480361913e-06
"Wave_1674",0.000607445511199139
"Wave_1675",0.000743319707238525
"Wave_1676",6.79449960983274e-05
"Wave_1677",0.000825667727949307
"Wave_1678",0.000552310528458555
"Wave_1679",0.000717224575614068
"Wave_1680",0.000571822485320869
"Wave_1681",0.000591204277487591
"Wave_1682",0.000257220362858009
"Wave_1683",0.000258534496644635
"Wave_1684",-0.000280233889713668
"Wave_1685",2.76167694211373e-05
"Wave_1686",1.94716945998232e-05
"Wave_1687",-0.000276393854528802
"Wave_1688",-0.000132794597081289
"Wave_1689",0.000181959496036331
"Wave_1690",0.000592065228012856
"Wave_1691",0.000818511779558659
"Wave_1692",0.000882571281796753
"Wave_1693",0.00112576003690503
"Wave_1694",0.000458306228352598
"Wave_1695",0.000595065363892966
"Wave_1696",0.00013639395885665
"Wave_1697",2.66318085133088e-05
"Wave_1698",0.000281438073414734
"Wave_1699",8.37789478139122e-05
"Wave_1700",0.000170513329210569
"Wave_1701",0.000693635850743956
"Wave_1702",0.000477212654772158
"Wave_1703",0.000218986710588871
"Wave_1704",-0.000288245080736045
"Wave_1705",-0.000875860294874863
"Wave_1706",-0.00115755150664092
"Wave_1707",-0.000948049010202753
"Wave_1708",-0.00175506894381274
"Wave_1709",-0.00116185727565452
"Wave_1710",-0.00112395470159431
"Wave_1711",-0.00130410561673862
"Wave_1712",-0.000856011126599136
"Wave_1713",-0.000878447261267955
"Wave_1714",-0.000990914648622606
"Wave_1715",-0.000792288937073817
"Wave_1716",-0.00120297730240737
"Wave_1717",-0.00122474354264363
"Wave_1718",-0.00115227660168333
"Wave_1719",-0.000737458286620421
"Wave_1720",-0.00110135252276758
"Wave_1721",-0.000975669471343801
"Wave_1722",-0.00170711219139033
"Wave_1723",-0.00174355509291175
"Wave_1724",-0.00250768182230054
"Wave_1725",-0.00255075154133557
"Wave_1726",-0.0036417211444392
"Wave_1727",-0.00357273659332809
"Wave_1728",-0.00422001424014766
"Wave_1729",-0.00436843239256597
"Wave_1730",-0.00512022107573669
"Wave_1731",-0.00487898223359165
"Wave_1732",-0.00484115859875843
"Wave_1733",-0.00421144599389114
"Wave_1734",-0.00305025307478399
"Wave_1735",-0.00194259738936526
"Wave_1736",-0.000959208815792106
"Wave_1737",0.000228866094148482
"Wave_1738",0.000611601099256901
"Wave_1739",0.00135079750815618
"Wave_1740",0.00194829059384166
"Wave_1741",0.0021580189032337
"Wave_1742",0.00255832642923239
"Wave_1743",0.00266306702709968
"Wave_1744",0.00269822338577401
"Wave_1745",0.00295546643001306
"Wave_1746",0.0025840204464915
"Wave_1747",0.00207514060245392
"Wave_1748",0.00140318185112293
"Wave_1749",0.000879224087987638
"Wave_1750",0.000381034721861926
"Wave_1751",4.12144005133814e-05
"Wave_1752",-4.57493324053379e-05
"Wave_1753",0.000126253481865817
"Wave_1754",-0.000130843618780839
"Wave_1755",0.000253693684038343
"Wave_1756",-0.000153348931844155
"Wave_1757",4.68686465487117e-05
"Wave_1758",0.000671354550237087
"Wave_1759",0.00109902901980751
"Wave_1760",0.00121751468204498
"Wave_1761",0.00173200577838541
"Wave_1762",0.00122023278877331
"Wave_1763",0.00124633123169807
"Wave_1764",0.000651183217612016
"Wave_1765",0.000217146799933625
"Wave_1766",-0.000642661409533932
"Wave_1767",-0.000465186944404188
"Wave_1768",-0.000684262197714484
"Wave_1769",-0.000456801837503541
"Wave_1770",-2.72487237662546e-05
"Wave_1771",-0.000769680666789485
"Wave_1772",-0.00148017045674587
"Wave_1773",-0.00202786366254702
"Wave_1774",-0.00222667660197103
"Wave_1775",-0.0021393981718639
"Wave_1776",-0.00168212778031149
"Wave_1777",-0.00089494982217817
"Wave_1778",-0.000211252924811504
"Wave_1779",0.00113781282433463
"Wave_2101",-0.00252271880267913
"Wave_2102",-0.00185552538534311
"Wave_2103",-0.000380008370255615
"Wave_2104",0.00160887948288138
"Wave_2105",0.00214660417783466
"Wave_2106",0.00169676428503168
"Wave_2107",0.000407608665785161
"Wave_2108",-0.000578654277318695
"Wave_2109",-0.00134401835303622
"Wave_2110",-0.000763797591935564
"Wave_2111",-0.000473171664468438
"Wave_2112",-1.16162562980252e-05
"Wave_2113",0.000542413508539198
"Wave_2114",0.00151729172874707
"Wave_2115",0.00162556226845891
"Wave_2116",0.000889055318857769
"Wave_2117",0.0010438657749893
"Wave_2118",0.00108966909759268
"Wave_2119",0.000216583587988414
"Wave_2120",0.00198309625581861
"Wave_2121",0.00294105755574061
"Wave_2122",0.00380976837799994
"Wave_2123",0.00544723417264191
"Wave_2124",0.0051363984426441
"Wave_2125",0.00347435342019257
"Wave_2126",0.00192332635895127
"Wave_2127",-0.00086542219504308
"Wave_2128",-0.00286832894527641
"Wave_2129",-0.00530482835345215
"Wave_2130",-0.00616608404140429
"Wave_2131",-0.00683048613606391
"Wave_2132",-0.00495050447370588
"Wave_2133",-0.00228836541122743
"Wave_2134",-0.000533309261248273
"Wave_2135",-5.19480840974885e-05
"Wave_2136",-0.000328889142698213
"Wave_2137",0.000180772035192947
"Wave_2138",-0.000616558139840944
"Wave_2139",-0.00110455781619776
"Wave_2140",-3.27483937914681e-05
"Wave_2141",0.00211383088123886
"Wave_2142",0.0026966798817932
"Wave_2143",0.00150199779430458
"Wave_2144",0.0013147506480203
"Wave_2145",0.000226350366118628
"Wave_2146",-0.00195324511232476
"Wave_2147",-0.00353886630745698
"Wave_2148",-0.00334902953022349
"Wave_2149",-0.00315690576430244
"Wave_2150",-0.00309874366899986
"Wave_2151",-0.00451449636060343
"Wave_2152",-0.00388338838119465
"Wave_2153",-0.00303812575685035
"Wave_2154",-0.00249811930483437
"Wave_2155",-0.00253856943968103
"Wave_2156",-0.00224005996622474
"Wave_2157",-0.00254773463646357
"Wave_2158",-0.00337851894630925
"Wave_2159",-0.00412371975371824
"Wave_2160",-0.00505748771161048
"Wave_2161",-0.00613453893748597
"Wave_2162",-0.00673661005214348
"Wave_2163",-0.00666278594101464
"Wave_2164",-0.0062496641965828
"Wave_2165",-0.00515716449627703
"Wave_2166",-0.00438530256077436
"Wave_2167",-0.00331785137902231
"Wave_2168",-0.000890463360680818
"Wave_2169",0.00189836812019437
"Wave_2170",0.00229102889977269
"Wave_2171",0.00215315054663696
"Wave_2172",0.00287175311718375
"Wave_2173",0.00332331459279515
"Wave_2174",0.00312980653454034
"Wave_2175",0.00211312901165341
"Wave_2176",0.00210089865919044
"Wave_2177",0.00262571595344901
"Wave_2178",0.00299094985027229
"Wave_2179",0.00410791047417473
"Wave_2180",0.00538969627636488
"Wave_2181",0.00368407711782912
"Wave_2182",0.00105247115563393
"Wave_2183",-0.00107646000417677
"Wave_2184",-0.00315998103496365
"Wave_2185",-0.00480759124696186
"Wave_2186",-0.0040587697056251
"Wave_2187",-0.00365234109844455
"Wave_2188",-0.00359797340573818
"Wave_2189",-0.00355583918882281
"Wave_2190",-0.00429523324120726
"Wave_2191",-0.0055643213154191
"Wave_2192",-0.00636328591885306
"Wave_2193",-0.00688771547036225
"Wave_2194",-0.00653398720177623
"Wave_2195",-0.0056050495284407
"Wave_2196",-0.00407427348285636
"Wave_2197",-0.00349357950521935
"Wave_2198",-0.00293782452786847
"Wave_2199",-0.00221421843669862
"Wave_2200",-0.00204822466573611
"Wave_2201",-0.00240693374908008
"Wave_2202",-0.00342303207566411
"Wave_2203",-0.00457494841715355
"Wave_2204",-0.00429954667162059
"Wave_2205",-0.00305073308322973
"Wave_2206",-0.00141194118672961
"Wave_2207",0.000647706422214421
"Wave_2208",0.00160992348673103
"Wave_2209",0.00102750488632635
"Wave_2210",0.00108616399027924
"Wave_2211",8.91169862174716e-06
"Wave_2212",-0.00175040039788565
"Wave_2213",-0.00273056553038942
"Wave_2214",-0.00331808183332284
"Wave_2215",-0.00412574456428582
"Wave_2216",-0.00328170518026629
"Wave_2217",-0.00286851181734368
"Wave_2218",-0.0019364219321741
"Wave_2219",-0.00239136328560203
"Wave_2220",-0.00248604219961384
"Wave_2221",-0.00205112314203603
"Wave_2222",-0.000721211991623995
"Wave_2223",-0.000494420737519111
"Wave_2224",0.000321061742834208
"Wave_2225",0.000891955032380901
"Wave_2226",0.00138475863587759
"Wave_2227",0.000590368562941942
"Wave_2228",0.000352481884657942
"Wave_2229",-0.00018935692940369
"Wave_2230",-0.00216608775947366
"Wave_2231",-0.00287420739223778
"Wave_2232",-0.00181308952495703
"Wave_2233",-0.00102406613022785
"Wave_2234",0.000465996139754652
"Wave_2235",0.00177077448485588
"Wave_2236",0.00355763494510709
"Wave_2237",0.00399066749224919
"Wave_2238",0.00382296092905088
"Wave_2239",0.00298492797630392
"Wave_2240",0.00299858563852963
"Wave_2241",0.00320538418627762
"Wave_2242",0.00386378117296078
"Wave_2243",0.00489147922093101
"Wave_2244",0.00546932202283149
"Wave_2245",0.0051927569497972
"Wave_2246",0.00407404235504559
"Wave_2247",0.00199239031270015
"Wave_2248",0.00100652245593289
"Wave_2249",-5.47822914123789e-05
"Wave_2250",-0.00151415020016754
"Wave_2251",-0.00228913288727688
"Wave_2252",-0.00228222336226183
"Wave_2253",-0.00193360968101378
"Wave_2254",-0.00140883783506514
"Wave_2255",-0.000291883345032384
"Wave_2256",0.000564282928790583
"Wave_2257",0.00163034460904968
"Wave_2258",0.00182241386965631
"Wave_2259",0.00173456828805306
"Wave_2260",0.000933661793339665
"Wave_2261",0.000148370378746811
"Wave_2262",-0.00111414425997472
"Wave_2263",-0.0027049323032085
"Wave_2264",-0.00313381302575608
"Wave_2265",-0.00198201664208498
"Wave_2266",-0.000734552226261028
"Wave_2267",0.000172278090451314
"Wave_2268",0.000193389502294436
"Wave_2269",-0.000642934265464432
"Wave_2270",0.000152147690955171
"Wave_2271",-0.000830879570037731
"Wave_2272",-0.00128433013998437
"Wave_2273",-0.00213727608909912
"Wave_2274",-0.00443697948376376
"Wave_2275",-0.0053131533457129
"Wave_2276",-0.00333349235478382
"Wave_2277",-0.00360314723971681
"Wave_2278",-0.00237580747618523
"Wave_2279",-0.000493685514418971
"Wave_2280",0.000133935674185521
"Wave_2281",-0.000493471353756292
"Wave_2282",5.44956614616316e-05
"Wave_2283",-0.00011823036026125
"Wave_2284",-0.000490091162637765
"Wave_2285",-0.00186597093188544
"Wave_2286",-0.0033267673831738
"Wave_2287",-0.00534985326986072
"Wave_2288",-0.00686372701538455
"Wave_2289",-0.00849243200160642
"Wave_2290",-0.00923580797326097
"Wave_2291",-0.00703943524447824
"Wave_2292",-0.00639460333771896
"Wave_2293",-0.00477063558835271
"Wave_2294",-0.00242475728022214
"Wave_2295",-0.00138289639061707
"Wave_2296",-0.000423642770991904
"Wave_2297",0.00089001225775893
"Wave_2298",0.00144129069367472
"Wave_2299",0.00212649642704647
"Wave_2300",0.00260434780772029
"Wave_2301",0.0019405722207941
"Wave_2302",0.00188536816597652
"Wave_2303",0.00149609578225433
"Wave_2304",0.00147022812889096
"Wave_2305",0.00124994093343121
"Wave_2306",0.00200801284552358
"Wave_2307",0.00206573363810273
"Wave_2308",0.00305814231792329
"Wave_2309",0.00346858473857547
"Wave_2310",0.00441410600710068
"Wave_2311",0.00515901673960874
"Wave_2312",0.0054862259278386
"Wave_2313",0.00533216736654577
"Wave_2314",0.00835170015526949
"Wave_2315",0.0113221782275348
"Wave_2316",0.0128493121163966
"Wave_2317",0.0141114158693902
"Wave_2318",0.0139313267945502
"Wave_2319",0.0115765378560334
"Wave_2320",0.0101151600384989
"Wave_2321",0.0105666078453225
"Wave_2322",0.0105418524340295
"Wave_2323",0.0119296245965739
"Wave_2324",0.0128387454173098
"Wave_2325",0.0111410093118979
"Wave_2326",0.0077416201398062
"Wave_2327",0.00446173267621031
"Wave_2328",0.00373046855143064
"Wave_2329",0.00408571581934299
"Wave_2330",0.00851850872766445
