"","Vcmax_Spec_Tleaf.12.comps"
"(Intercept)",19.4747956171982
"Wave_520",-0.0431569817991657
"Wave_521",-0.0345090547847619
"Wave_522",-0.0475772451899388
"Wave_523",-0.0608261031940438
"Wave_524",-0.0350730497794607
"Wave_525",-0.0278975685625975
"Wave_526",-0.0107306539338581
"Wave_527",0.0313301907621886
"Wave_528",-0.00164050028497105
"Wave_529",-0.00535831060005248
"Wave_530",0.0103482307557212
"Wave_531",0.00891673144635267
"Wave_532",0.0119479256668046
"Wave_533",7.54269595890922e-05
"Wave_534",-0.0442507578417271
"Wave_535",-0.0583034713447413
"Wave_536",-0.0444068358743646
"Wave_537",-0.0167694955425559
"Wave_538",0.00214658647152601
"Wave_539",0.00483174140975829
"Wave_540",0.00851474297298645
"Wave_541",0.0253788708130082
"Wave_542",0.0501166101403523
"Wave_543",0.0756097901639
"Wave_544",0.0934786053148364
"Wave_545",0.0906823335231306
"Wave_546",0.0765020400262757
"Wave_547",0.0572234830345703
"Wave_548",0.0333664067284069
"Wave_549",0.0193643464686206
"Wave_550",0.0418035172043318
"Wave_551",0.0871514096833543
"Wave_552",0.125982774783372
"Wave_553",0.145417599086449
"Wave_554",0.14882726559211
"Wave_555",0.139975169428684
"Wave_556",0.166109990254249
"Wave_557",0.14914787479034
"Wave_558",0.110919688832257
"Wave_559",0.0972603421320334
"Wave_560",0.066877599299179
"Wave_561",0.0355372870021116
"Wave_562",0.0153568751731507
"Wave_563",0.00773122583171635
"Wave_564",-0.0219972699854461
"Wave_565",-0.0488133040007677
"Wave_566",-0.0541290940052304
"Wave_567",-0.0603435661487621
"Wave_568",-0.0629513798302503
"Wave_569",-0.0667286628551033
"Wave_570",-0.109274545593966
"Wave_571",-0.131109560820226
"Wave_572",-0.149023921583952
"Wave_573",-0.160387977959673
"Wave_574",-0.146447939957636
"Wave_575",-0.147203623053453
"Wave_576",-0.161192069214295
"Wave_577",-0.197437703954987
"Wave_578",-0.215698028559734
"Wave_579",-0.217719970186902
"Wave_580",-0.209985479111676
"Wave_581",-0.193186213440417
"Wave_582",-0.194113282016463
"Wave_583",-0.199934286908263
"Wave_584",-0.202171096168152
"Wave_585",-0.191317645081355
"Wave_586",-0.188004952612008
"Wave_587",-0.188617444752429
"Wave_588",-0.169732356868518
"Wave_589",-0.158893582056608
"Wave_590",-0.148655328311795
"Wave_591",-0.136499419417402
"Wave_592",-0.136994172729522
"Wave_593",-0.12750030540505
"Wave_594",-0.111514508187032
"Wave_595",-0.0908793194424724
"Wave_596",-0.0630241810233649
"Wave_597",-0.047022172536962
"Wave_598",-0.0503176151351887
"Wave_599",-0.0761865157884996
"Wave_600",-0.0840229077214727
"Wave_601",-0.0902371265774887
"Wave_602",-0.098482630113245
"Wave_603",-0.107028471254029
"Wave_604",-0.10828010895542
"Wave_605",-0.109998860629658
"Wave_606",-0.118869671084954
"Wave_607",-0.145051678605867
"Wave_608",-0.17960991542402
"Wave_609",-0.220846734298973
"Wave_610",-0.258414485374804
"Wave_611",-0.268489477104282
"Wave_612",-0.274853528387279
"Wave_613",-0.285692266617191
"Wave_614",-0.307675224866772
"Wave_615",-0.323113797364159
"Wave_616",-0.335487702417835
"Wave_617",-0.34450574527509
"Wave_618",-0.341842732967789
"Wave_619",-0.338603794044507
"Wave_620",-0.337351250778555
"Wave_621",-0.341738638710175
"Wave_622",-0.353453472729354
"Wave_623",-0.35909289161804
"Wave_624",-0.355059707477174
"Wave_625",-0.344671857287971
"Wave_626",-0.334270613725206
"Wave_627",-0.321633255501725
"Wave_628",-0.308503763828119
"Wave_629",-0.302511100382867
"Wave_630",-0.295073025081142
"Wave_631",-0.291564784653882
"Wave_632",-0.29725579751951
"Wave_633",-0.268119188363083
"Wave_634",-0.250765079343427
"Wave_635",-0.237714985925822
"Wave_636",-0.202821705899814
"Wave_637",-0.160228949636703
"Wave_638",-0.116734190047202
"Wave_639",-0.0751982320856741
"Wave_640",-0.0540112084396266
"Wave_641",-0.0189614303632253
"Wave_642",0.0182780910123773
"Wave_643",0.0542686696381822
"Wave_644",0.0897544589401528
"Wave_645",0.108869232518085
"Wave_646",0.115691358726671
"Wave_647",0.109999418498205
"Wave_648",0.11853311380669
"Wave_649",0.111473522082899
"Wave_650",0.0952382428759656
"Wave_651",0.0805523828313793
"Wave_652",0.0518192179119045
"Wave_653",0.0167601803154736
"Wave_654",-0.0209638432946654
"Wave_655",-0.0596731195744793
"Wave_656",-0.102125321350037
"Wave_657",-0.155872337266512
"Wave_658",-0.218768338267279
"Wave_659",-0.257561571783074
"Wave_660",-0.285311003854118
"Wave_661",-0.312008179275474
"Wave_662",-0.338315086745225
"Wave_663",-0.359631361969678
"Wave_664",-0.365134141876227
"Wave_665",-0.364565406275141
"Wave_666",-0.364758432729773
"Wave_667",-0.365175271824814
"Wave_668",-0.362247608710766
"Wave_669",-0.350580329902035
"Wave_670",-0.321214341164455
"Wave_671",-0.298058382650906
"Wave_672",-0.250807417202138
"Wave_673",-0.20193752599613
"Wave_674",-0.178911465546499
"Wave_675",-0.143756754312
"Wave_676",-0.0997978559000919
"Wave_677",-0.0513044140656544
"Wave_678",0.00868648429675672
"Wave_679",0.0899058309550703
"Wave_680",0.160332608336751
"Wave_681",0.21724072556603
"Wave_682",0.278898483388013
"Wave_683",0.3294182746504
"Wave_684",0.395476445157167
"Wave_685",0.477402349063527
"Wave_686",0.544137869667547
"Wave_687",0.626296343419068
"Wave_688",0.693821252834939
"Wave_689",0.742548469474937
"Wave_690",0.808962258725089
"Wave_691",0.866749455916577
"Wave_692",0.906955400308443
"Wave_693",0.906366011752718
"Wave_694",0.964743054681836
"Wave_695",0.954335409655772
"Wave_696",0.912257290478096
"Wave_697",0.892206232384945
"Wave_698",0.916872715514124
"Wave_699",0.851759132328499
"Wave_700",0.808069181869806
"Wave_701",0.852599521786411
"Wave_702",0.733680979761209
"Wave_703",0.653041432761217
"Wave_704",0.625845048749422
"Wave_705",0.649581231888069
"Wave_706",0.482529154435925
"Wave_707",0.374801965350699
"Wave_708",0.346308876745542
"Wave_709",0.381465644937922
"Wave_710",0.195144443493234
"Wave_711",0.101153143954413
"Wave_712",0.0837210025609029
"Wave_713",0.110473277441267
"Wave_714",-0.115929487237353
"Wave_715",-0.220451144062493
"Wave_716",-0.238853890413522
"Wave_717",-0.189987193749177
"Wave_718",-0.19549475108215
"Wave_719",-0.32485224522671
"Wave_720",-0.425353723861874
"Wave_721",-0.432241957329966
"Wave_722",-0.384536897796286
"Wave_723",-0.4521867432694
"Wave_724",-0.491617477815699
"Wave_725",-0.457771338931297
"Wave_726",-0.49381929259301
"Wave_727",-0.407921765785989
"Wave_728",-0.375007746138323
"Wave_729",-0.428008377621486
"Wave_730",-0.393924484496254
"Wave_731",-0.332669701693142
"Wave_732",-0.271710120074897
"Wave_733",-0.217841515148745
"Wave_734",-0.141769682789014
"Wave_735",-0.148219159832237
"Wave_736",-0.136715987977133
"Wave_737",-0.106821456386715
"Wave_738",-0.0947285403697155
"Wave_739",-0.0764145607049224
"Wave_740",-0.0475105663027226
"Wave_741",-0.0258506326101011
"Wave_742",-0.00309516628237242
"Wave_743",-0.0177806348573449
"Wave_744",0.0188216977935767
"Wave_745",0.0630173798823723
"Wave_746",0.0598091432831288
"Wave_747",0.0749088503055337
"Wave_748",0.0829439905113435
"Wave_749",0.0781696218634333
"Wave_750",0.0660835258782298
"Wave_751",0.118894437307158
"Wave_752",0.144710813245272
"Wave_753",0.13475297004303
"Wave_754",0.11148604655586
"Wave_755",0.146117582428707
"Wave_756",0.146981946483973
"Wave_757",0.118588236198062
"Wave_758",0.0823152546586072
"Wave_759",0.0991136193958269
"Wave_760",0.0622903307396908
"Wave_761",0.0563445663332369
"Wave_762",0.0857576151038777
"Wave_763",0.120306140189262
"Wave_764",0.110358322636624
"Wave_765",0.111514595189964
"Wave_766",0.102473963740117
"Wave_767",0.0737701743825993
"Wave_768",0.0500207409515878
"Wave_769",0.0623931717024568
"Wave_770",0.059495872177627
"Wave_771",0.0285550659951193
"Wave_772",-0.0183141174593224
"Wave_773",0.0346228517141751
"Wave_774",0.0780370654052088
"Wave_775",0.0840254978599491
"Wave_776",0.00633077217630411
"Wave_777",0.0418978439112585
"Wave_778",0.0517165557817636
"Wave_779",0.0461229277444135
"Wave_780",0.0222081859124958
"Wave_781",-0.00741615205218074
"Wave_782",-0.00281918141861312
"Wave_783",-0.0366126802327712
"Wave_784",-0.0483210550932378
"Wave_785",0.0545724850629061
"Wave_786",0.05107593546089
"Wave_787",0.0453726922335062
"Wave_788",0.0460013570321058
"Wave_789",0.0507099651924609
"Wave_790",-0.000189781217321831
"Wave_791",0.0255129472726878
"Wave_792",0.0364534901704518
"Wave_793",0.0273153304464404
"Wave_794",0.00530246283422757
"Wave_795",0.00285174996742813
"Wave_796",0.00200924722900539
"Wave_797",0.0315196829244687
"Wave_798",0.0920316227338805
"Wave_799",0.144693960282711
"Wave_800",0.0888651861133578
"Wave_801",0.0667375764578063
"Wave_802",0.0799476692314865
"Wave_803",0.100525453517679
"Wave_804",0.103702380284046
"Wave_805",0.100159292258986
"Wave_806",0.0762252447362194
"Wave_807",0.078426089836437
"Wave_808",0.181790622610239
"Wave_809",0.113900724798747
"Wave_810",0.110520002704958
"Wave_811",0.0998473295536574
"Wave_812",0.0698462280229065
"Wave_813",0.0636415404847701
"Wave_814",0.101289635978819
"Wave_815",0.108817657940187
"Wave_816",0.0984778789948463
"Wave_817",0.0766193224101175
"Wave_818",0.0454639114604319
"Wave_819",0.108155071627302
"Wave_820",0.14960099144479
"Wave_821",0.176242930642372
"Wave_822",0.203089463635822
"Wave_823",0.210881235106816
"Wave_824",0.178595562254786
"Wave_825",0.121234871824322
"Wave_826",0.0902564629944523
"Wave_827",0.106250966088701
"Wave_828",0.0921200504537929
"Wave_829",0.159343954023445
"Wave_830",0.187772124771695
"Wave_831",0.19548665841232
"Wave_832",0.210378664245881
"Wave_833",0.154848421785393
"Wave_834",0.149436673583596
"Wave_835",0.167052896357615
"Wave_836",0.159278982553986
"Wave_837",0.112789487907308
"Wave_838",0.081644886808665
"Wave_839",0.0681144245548326
"Wave_840",0.0532229780373916
"Wave_841",0.0840196050021143
"Wave_842",0.157715111271989
"Wave_843",0.131706138090992
"Wave_844",0.148734368916421
"Wave_845",0.140378488055407
"Wave_846",0.156734444475886
"Wave_847",0.200409048920169
"Wave_848",0.189697107672727
"Wave_849",0.0410763586363184
"Wave_850",0.0467351208917917
"Wave_851",0.0613979519174626
"Wave_852",0.0800040317501866
"Wave_853",0.124038056617274
"Wave_854",0.0334665034047776
"Wave_855",0.0136674999746908
"Wave_856",0.0653898049860119
"Wave_857",0.125794133345666
"Wave_858",0.147849500908492
"Wave_859",0.0694873928164111
"Wave_860",0.154406784255831
"Wave_861",0.155666428805934
"Wave_862",0.150773256983004
"Wave_863",0.136077616056225
"Wave_864",0.0612956869786322
"Wave_865",0.0758070658282675
"Wave_866",0.12738936998266
"Wave_867",0.0849897667927365
"Wave_868",0.0571261932893226
"Wave_869",0.0600612518773745
"Wave_870",-0.0011621192777373
"Wave_871",0.0337152985339641
"Wave_872",0.0396763104157233
"Wave_873",0.00627697091466328
"Wave_874",0.0237742228588576
"Wave_875",0.110615332485409
"Wave_876",0.105885005132856
"Wave_877",0.0680718395628339
"Wave_878",0.0794541713389335
"Wave_879",0.0662928998448355
"Wave_880",0.0663852778339965
"Wave_881",0.0976061240655766
"Wave_882",0.0528940865989572
"Wave_883",0.125204256098797
"Wave_884",0.0836410335339741
"Wave_885",0.0450653229381257
"Wave_886",0.0130016938822093
"Wave_887",-0.016873621038967
"Wave_888",-0.0808758813919265
"Wave_889",0.0467101740001595
"Wave_890",-0.0152645030162749
"Wave_891",-0.0372895426760626
"Wave_892",-0.0149090134368991
"Wave_893",0.00939882373695911
"Wave_894",0.0592694591342267
"Wave_895",0.0871352666006024
"Wave_896",-0.00314363433964821
"Wave_897",-0.0333823504332917
"Wave_898",0.00808054054686415
"Wave_899",0.0429905303516931
"Wave_900",0.0129347324387386
"Wave_901",-0.066787221720101
"Wave_902",-0.109107486717786
"Wave_903",-0.0979395162185257
"Wave_904",-0.0875474078631071
"Wave_905",-0.0870223846038825
"Wave_906",-0.0747682629732261
"Wave_907",-0.0240331067627045
"Wave_908",-0.00752921527140558
"Wave_909",-0.0571566834633445
"Wave_910",-0.0553576378793479
"Wave_911",-0.0369978293761427
"Wave_912",-0.0216034798338242
"Wave_913",-0.0537442782760799
"Wave_914",-0.06650555823247
"Wave_915",-0.0767376926445931
"Wave_916",-0.0903882715270145
"Wave_917",-0.0854837672693552
"Wave_918",-0.0818333725247202
"Wave_919",-0.0963811440889784
"Wave_920",-0.112344833443403
"Wave_921",-0.106976010773258
"Wave_922",-0.104200327386627
"Wave_923",-0.0836603538406553
"Wave_924",-0.100199695657345
"Wave_925",-0.117840132395971
"Wave_926",-0.123294418574621
"Wave_927",-0.162855754932148
"Wave_928",-0.0764647975932145
"Wave_929",-0.0280203830703569
"Wave_930",0.0122662960249931
"Wave_931",0.0116938095698112
"Wave_932",5.60081958799071e-06
"Wave_933",-0.0225223847581363
"Wave_934",-0.0580310491181063
"Wave_935",-0.0349122095501764
"Wave_936",-0.0316835860832441
"Wave_937",-0.0453993056183193
"Wave_938",-0.0746671814190436
"Wave_939",-0.134436312076588
"Wave_940",-0.186421881217568
"Wave_941",-0.064119912574099
"Wave_942",-0.0875618004799718
"Wave_943",-0.0562015541676671
"Wave_944",-0.0570335869325229
"Wave_945",-0.122782434150472
"Wave_946",-0.222151178043557
"Wave_947",-0.268966597105435
"Wave_948",-0.168499940799452
"Wave_949",-0.0755409951643904
"Wave_950",-0.0940599198571142
"Wave_951",-0.116156225771905
"Wave_952",-0.196355906179308
"Wave_953",-0.224486007925206
"Wave_954",-0.113483362777424
"Wave_955",-0.056750787285248
"Wave_956",-0.0989804620062509
"Wave_957",-0.139384756514453
"Wave_958",-0.131195298327348
"Wave_959",-0.0444179044396419
"Wave_960",0.0340730625758295
"Wave_961",0.0148278336777739
"Wave_962",-0.134295483435181
"Wave_963",-0.315543379735371
"Wave_964",-0.181080988063422
"Wave_965",-0.120059335680441
"Wave_966",-0.0792511668203039
"Wave_967",-0.0793736106234555
"Wave_968",-0.174878974336411
"Wave_969",-0.196408760828797
"Wave_970",-0.257417387267243
"Wave_971",-0.0657438619069101
"Wave_972",0.0449573375676564
"Wave_973",0.0379126818736088
"Wave_974",-0.0636375014282399
"Wave_975",-0.293393762060817
"Wave_976",-0.415027989825325
"Wave_977",-0.273774444025508
"Wave_978",-0.271846442364053
"Wave_979",-0.156268089531781
"Wave_980",-0.0191514164823622
"Wave_981",0.0198982942715459
"Wave_982",0.0575478494782889
"Wave_983",0.112401154589572
"Wave_984",0.163466770272061
"Wave_985",0.203745712198636
"Wave_986",0.244116563068442
"Wave_987",0.252481712855446
"Wave_988",0.190664834892879
"Wave_989",0.12898208033116
"Wave_990",0.0682679939789686
"Wave_991",0.0502815091980934
"Wave_992",0.0649536964711808
"Wave_993",0.07908285565333
"Wave_994",0.0927798455100983
"Wave_995",0.128144647585587
"Wave_996",0.151516846785068
"Wave_997",0.174799148027017
"Wave_998",0.198437479587529
"Wave_999",0.174561969194588
"Wave_1000",0.145812816743325
"Wave_1001",0.117702740923325
"Wave_1002",0.0949967708238832
"Wave_1003",0.110232686270934
"Wave_1004",0.12024630972196
"Wave_1005",0.130498750470505
"Wave_1006",0.136968015601725
"Wave_1007",0.125515542257714
"Wave_1008",0.112455160370034
"Wave_1009",0.0992528653902039
"Wave_1010",0.0868489274866136
"Wave_1011",0.0877249042209533
"Wave_1012",0.089405152137212
"Wave_1013",0.0908434498753192
"Wave_1014",0.0903880750941924
"Wave_1015",0.0887674501426214
"Wave_1016",0.0867663537262483
"Wave_1017",0.0842454666031679
"Wave_1018",0.0479885951575114
"Wave_1019",0.0116373445028273
"Wave_1020",-0.0240865415826182
"Wave_1021",-0.0605074434746147
"Wave_1022",-0.06201277214829
"Wave_1023",-0.0659006968473564
"Wave_1024",-0.0701473806123958
"Wave_1025",-0.0749216049658324
"Wave_1026",-0.0763173396965276
"Wave_1027",-0.0769527414073731
"Wave_1028",-0.0778263649696605
"Wave_1029",-0.0825529903863265
"Wave_1030",-0.0883189576431164
"Wave_1031",-0.09705983143668
"Wave_1032",-0.106101118418068
"Wave_1033",-0.123872110123507
"Wave_1034",-0.146904692922763
"Wave_1035",-0.168796171526547
"Wave_1036",-0.191209191361075
"Wave_1037",-0.189683316942977
"Wave_1038",-0.172940983096858
"Wave_1039",-0.155857875055353
"Wave_1040",-0.138351073947269
"Wave_1041",-0.133950968776061
"Wave_1042",-0.132989395130359
"Wave_1043",-0.132021443944663
"Wave_1044",-0.131298225583608
"Wave_1045",-0.126423336174347
"Wave_1046",-0.122639619538981
"Wave_1047",-0.11850123768969
"Wave_1048",-0.119960290039076
"Wave_1049",-0.141531014395989
"Wave_1050",-0.164472453920014
"Wave_1051",-0.187380923400692
"Wave_1052",-0.200891033231384
"Wave_1053",-0.193378196853719
"Wave_1054",-0.184856251134576
"Wave_1055",-0.177020585305031
"Wave_1056",-0.171853954111786
"Wave_1057",-0.169259652770041
"Wave_1058",-0.165667104527889
"Wave_1059",-0.162472899562261
"Wave_1060",-0.165925011813384
"Wave_1061",-0.17364083876756
"Wave_1062",-0.181819161030975
"Wave_1063",-0.189805843883898
"Wave_1064",-0.189884506354168
"Wave_1065",-0.192483367823931
"Wave_1066",-0.194888364308807
"Wave_1067",-0.196406394023044
"Wave_1068",-0.195182125014995
"Wave_1069",-0.190065381436264
"Wave_1070",-0.184699308334705
"Wave_1071",-0.180449671711774
"Wave_1072",-0.17767056639012
"Wave_1073",-0.17656649797374
"Wave_1074",-0.175475223076124
"Wave_1075",-0.17932258044242
"Wave_1076",-0.195352370462889
"Wave_1077",-0.2120206587711
"Wave_1078",-0.22904355101906
"Wave_1079",-0.230041554132278
"Wave_1080",-0.218274782501677
"Wave_1081",-0.205850045240594
"Wave_1082",-0.193220651863538
"Wave_1083",-0.184078011665727
"Wave_1084",-0.180524456303616
"Wave_1085",-0.177520297678898
"Wave_1086",-0.173521990922019
"Wave_1087",-0.192276575218185
"Wave_1088",-0.211198246181743
"Wave_1089",-0.229452742518881
"Wave_1090",-0.244041464233795
"Wave_1091",-0.222272110882526
"Wave_1092",-0.199715652642197
"Wave_1093",-0.176318927273336
"Wave_1094",-0.158127346005512
"Wave_1095",-0.151965798123899
"Wave_1096",-0.146233929404821
"Wave_1097",-0.140571144690963
"Wave_1098",-0.141848849156973
"Wave_1099",-0.1484071187488
"Wave_1100",-0.156348742634256
"Wave_1101",-0.164082160356364
"Wave_1102",-0.161102744031442
"Wave_1103",-0.158909972014744
"Wave_1104",-0.157913219778726
"Wave_1105",-0.158029979395444
"Wave_1106",-0.155577670828928
"Wave_1107",-0.151598377104545
"Wave_1108",-0.147885974560813
"Wave_1109",-0.143703005444816
"Wave_1110",-0.151858237089595
"Wave_1111",-0.159544284528448
"Wave_1112",-0.167204580601506
"Wave_1113",-0.172628819661819
"Wave_1114",-0.181745228460998
"Wave_1115",-0.192330670244974
"Wave_1116",-0.203695220981115
"Wave_1117",-0.200599191120622
"Wave_1118",-0.184824570185577
"Wave_1119",-0.168249555895436
"Wave_1120",-0.14870289158714
"Wave_1121",-0.13317965914669
"Wave_1122",-0.128979031831317
"Wave_1123",-0.124985536882831
"Wave_1124",-0.112186268676242
"Wave_1125",-0.109847153493905
"Wave_1126",-0.110522369485123
"Wave_1127",-0.110315839233392
"Wave_1128",-0.101022382177214
"Wave_1129",-0.103288744730827
"Wave_1130",-0.10863632384611
"Wave_1131",-0.113846681442411
"Wave_1132",-0.100649086605298
"Wave_1133",-0.0947488922267544
"Wave_1134",-0.090782195823985
"Wave_1135",-0.0866960342417757
"Wave_1136",-0.0687578428668158
"Wave_1137",-0.05670742119573
"Wave_1138",-0.0455405527971858
"Wave_1139",-0.0318299705433955
"Wave_1140",-0.0350131859054903
"Wave_1141",-0.0475687840530583
"Wave_1142",-0.0606771583192069
"Wave_1143",-0.0811374939690348
"Wave_1144",-0.0726694687089964
"Wave_1145",-0.0612100003321566
"Wave_1146",-0.0502748229594722
"Wave_1147",-0.0560855937512913
"Wave_1148",-0.0629329953163337
"Wave_1149",-0.0659551384925779
"Wave_1150",-0.0688035880931507
"Wave_1151",-0.0925527724964236
"Wave_1152",-0.12371793378933
"Wave_1153",-0.153132216258766
"Wave_1154",-0.182694747377953
"Wave_1155",-0.205945042208633
"Wave_1156",-0.174979443375483
"Wave_1157",-0.142529708798196
"Wave_1158",-0.114347922977664
"Wave_1159",-0.0991592835232025
"Wave_1160",-0.0849334785491416
"Wave_1161",-0.0705551333740791
"Wave_1162",-0.0598782847689188
"Wave_1163",-0.0497703346197072
"Wave_1164",-0.0401048085816479
"Wave_1165",-0.0301916579965897
"Wave_1166",-0.0304499190238561
"Wave_1167",-0.0345059698252603
"Wave_1168",-0.0370310057425255
"Wave_1169",-0.039852908496038
"Wave_1170",-0.0505127119195167
"Wave_1171",-0.0701737003465483
"Wave_1172",-0.090306208156052
"Wave_1173",-0.110219997126099
"Wave_1174",-0.109690931652924
"Wave_1175",-0.0996403600689407
"Wave_1176",-0.0875789389383684
"Wave_1177",-0.0788893947148628
"Wave_1178",-0.079745625968028
"Wave_1179",-0.0830327719372791
"Wave_1180",-0.0861443200142917
"Wave_1181",-0.0893763806674159
"Wave_1182",-0.0898675541737705
"Wave_1183",-0.0901776134017863
"Wave_1184",-0.090458525224136
"Wave_1185",-0.0922519947617919
"Wave_1186",-0.0788426104218068
"Wave_1187",-0.0663107241261038
"Wave_1188",-0.0535619061386328
"Wave_1189",-0.048910003985949
"Wave_1190",-0.0546681330391264
"Wave_1191",-0.0601883313297759
"Wave_1192",-0.0726174902365931
"Wave_1193",-0.058665520741182
"Wave_1194",-0.0191606346466358
"Wave_1195",0.020634857543133
"Wave_1196",0.0654581324606482
"Wave_1197",0.084048126476897
"Wave_1198",0.100151604404465
"Wave_1199",0.116480197575201
"Wave_1200",0.129012658197255
"Wave_1201",0.126714702770273
"Wave_1202",0.124071634515861
"Wave_1203",0.121695212146584
"Wave_1204",0.1133837098745
"Wave_1205",0.110551021323981
"Wave_1206",0.107607928226103
"Wave_1207",0.103221198913981
"Wave_1208",0.0948385649555009
"Wave_1209",0.0892039313081477
"Wave_1210",0.0839743280664687
"Wave_1211",0.0796707667735273
"Wave_1212",0.0795818949979942
"Wave_1213",0.077510941852197
"Wave_1214",0.0761968428495092
"Wave_1215",0.0741672822903123
"Wave_1216",0.0663907246039438
"Wave_1217",0.0583402058640233
"Wave_1218",0.0505933714285405
"Wave_1219",0.043326957688332
"Wave_1220",0.0590705387142185
"Wave_1221",0.0758374652802793
"Wave_1222",0.0935118649649617
"Wave_1223",0.109947746333512
"Wave_1224",0.118382456740877
"Wave_1225",0.125914819498436
"Wave_1226",0.134229606790608
"Wave_1227",0.134235395187549
"Wave_1228",0.132319962080281
"Wave_1229",0.131126720819667
"Wave_1230",0.128802821425154
"Wave_1231",0.12096597758709
"Wave_1232",0.114105789720773
"Wave_1233",0.107149605792454
"Wave_1234",0.10210554289374
"Wave_1235",0.087833747482463
"Wave_1236",0.0734637102953466
"Wave_1237",0.0583273803839759
"Wave_1238",0.0495422190469458
"Wave_1239",0.0544759270317875
"Wave_1240",0.0595984448182023
"Wave_1241",0.0668991309795899
"Wave_1242",0.0760635713967936
"Wave_1243",0.0830377788565078
"Wave_1244",0.0901292585779973
"Wave_1245",0.0973537315465582
"Wave_1246",0.10103841936793
"Wave_1247",0.103617865475081
"Wave_1248",0.106482990972425
"Wave_1249",0.11056062491947
"Wave_1250",0.109039570011854
"Wave_1251",0.108851096680666
"Wave_1252",0.108450536062993
"Wave_1253",0.110854260569495
"Wave_1254",0.113902724701102
"Wave_1255",0.116769338558323
"Wave_1256",0.122606662739419
"Wave_1257",0.125079443971316
"Wave_1258",0.120214535202584
"Wave_1259",0.11521150722391
"Wave_1260",0.109354007549819
"Wave_1261",0.106542152809291
"Wave_1262",0.105669105835875
"Wave_1263",0.104677687573793
"Wave_1264",0.114318429999223
"Wave_1265",0.111556435043828
"Wave_1266",0.107332306940697
"Wave_1267",0.103137948364147
"Wave_1268",0.098416644415
"Wave_1269",0.0951773893635813
"Wave_1270",0.0920865895038975
"Wave_1271",0.0910934069682406
"Wave_1272",0.0954368433782785
"Wave_1273",0.0971740466177894
"Wave_1274",0.0993512081168821
"Wave_1275",0.111098916192103
"Wave_1276",0.121044421226319
"Wave_1277",0.128296393565724
"Wave_1278",0.135364650402757
"Wave_1279",0.142271464903812
"Wave_1280",0.132281702145177
"Wave_1281",0.120821957175921
"Wave_1282",0.109727380250399
"Wave_1283",0.105349429160536
"Wave_1284",0.114968731327321
"Wave_1285",0.125289686328715
"Wave_1286",0.139735701991385
"Wave_1287",0.128755085379131
"Wave_1288",0.0865596666277637
"Wave_1289",0.0437499017543353
"Wave_1290",0.000580970252057992
"Wave_1291",0.0439611441468795
"Wave_1292",0.0974702305954822
"Wave_1293",0.150528251059026
"Wave_1294",0.214012724621015
"Wave_1295",0.201662226964145
"Wave_1296",0.188707703295146
"Wave_1297",0.175248370589405
"Wave_1298",0.173696991691757
"Wave_1299",0.175732007529207
"Wave_1300",0.176872534302562
"Wave_1301",0.182409071950612
"Wave_1302",0.184917637678335
"Wave_1303",0.180100143017986
"Wave_1304",0.174907200181
"Wave_1305",0.176273444513919
"Wave_1306",0.191306863890555
"Wave_1307",0.205739786156527
"Wave_1308",0.220865934358046
"Wave_1309",0.252345847445216
"Wave_1310",0.249787911622818
"Wave_1311",0.245767364720317
"Wave_1312",0.242155837191571
"Wave_1313",0.240000301254318
"Wave_1314",0.244354932657313
"Wave_1315",0.248499438810091
"Wave_1316",0.260308822724073
"Wave_1317",0.274509906049828
"Wave_1318",0.282203345085177
"Wave_1319",0.288645348894594
"Wave_1320",0.305000860997197
"Wave_1321",0.295468143828389
"Wave_1322",0.280914315013821
"Wave_1323",0.26791833670635
"Wave_1324",0.273479406944378
"Wave_1325",0.279952714766529
"Wave_1326",0.28823718866574
"Wave_1327",0.293757687196418
"Wave_1328",0.288335137310475
"Wave_1329",0.278832560565796
"Wave_1330",0.26984778705186
"Wave_1331",0.264257907561362
"Wave_1332",0.258961743007901
"Wave_1333",0.25051575521519
"Wave_1334",0.242031853940513
"Wave_1335",0.227477192168916
"Wave_1336",0.228591147494167
"Wave_1337",0.230261537190046
"Wave_1338",0.230834508891037
"Wave_1339",0.219596117681486
"Wave_1340",0.210277227158857
"Wave_1341",0.200621624934723
"Wave_1342",0.189626023962079
"Wave_1343",0.169902346448431
"Wave_1344",0.14901640898044
"Wave_1345",0.127911099302979
"Wave_1346",0.101066383638272
"Wave_1347",0.0897917350357333
"Wave_1348",0.0840335910086502
"Wave_1349",0.0796795337878077
"Wave_1350",0.076783643491131
"Wave_1351",0.0652150606814461
"Wave_1352",0.0543319460200761
"Wave_1353",0.0433215184019607
"Wave_1354",0.0235463687203239
"Wave_1355",0.0176010554909948
"Wave_1356",0.0127891528587007
"Wave_1357",0.0133429035978635
"Wave_1358",0.0153259281356267
"Wave_1359",0.00423248198936703
"Wave_1360",-0.0072729809906184
"Wave_1361",0.000809686957121244
"Wave_1362",-0.0155618773969785
"Wave_1363",-0.0397212691854981
"Wave_1364",-0.0642317607829808
"Wave_1365",-0.0541376563883789
"Wave_1366",-0.0557302400401454
"Wave_1367",-0.0578515412219704
"Wave_1368",-0.054250067058306
"Wave_1369",-0.0227985754933353
"Wave_1370",-0.0396335167776255
"Wave_1371",-0.0576812513644154
"Wave_1372",-0.0452162708488902
"Wave_1373",-0.0159852102536287
"Wave_1374",-0.0104325494126159
"Wave_1375",-0.00434900949426238
"Wave_1376",0.0694456243800947
"Wave_1377",0.0677855645018227
"Wave_1378",0.0660723470933098
"Wave_1379",0.0636179474123789
"Wave_1380",0.125333588497016
"Wave_1381",0.119674831036313
"Wave_1382",0.114674389140127
"Wave_1383",0.123782416686966
"Wave_1384",0.156302313835857
"Wave_1385",0.175768686391814
"Wave_1386",0.196315704658348
"Wave_1387",0.221493537628548
"Wave_1388",0.236167982886131
"Wave_1389",0.253514547222677
"Wave_1390",0.271897182561759
"Wave_1391",0.260217251437902
"Wave_1392",0.233303949120771
"Wave_1393",0.211324423312348
"Wave_1394",0.19067261760761
"Wave_1395",0.138309654481779
"Wave_1396",0.142845411923363
"Wave_1397",0.149498734595627
"Wave_1398",0.123818995659165
"Wave_1399",0.0887730871069478
"Wave_1400",0.0856330819000882
"Wave_1401",0.0832362902663651
"Wave_1402",0.0186966312956914
"Wave_1403",0.00964992515994021
"Wave_1404",0.00135673188312479
"Wave_1405",-0.00651308428596516
"Wave_1406",-0.0688030187466403
"Wave_1407",-0.0740310433662629
"Wave_1408",-0.0790653531642533
"Wave_1409",-0.0984475283208777
"Wave_1410",-0.131809062091027
"Wave_1411",-0.133785167658819
"Wave_1412",-0.136016820831694
"Wave_1413",-0.17088108992444
"Wave_1414",-0.171232799825182
"Wave_1415",-0.167818316906069
"Wave_1416",-0.165063226182478
"Wave_1417",-0.186204165476511
"Wave_1418",-0.192114049670726
"Wave_1419",-0.198992528033421
"Wave_1420",-0.209286982432215
"Wave_1421",-0.230587157454304
"Wave_1422",-0.231303909109568
"Wave_1423",-0.232883796236536
"Wave_1424",-0.246920817652432
"Wave_1425",-0.250385460372374
"Wave_1426",-0.244694120866781
"Wave_1427",-0.239888960731706
"Wave_1428",-0.243157968830386
"Wave_1429",-0.224171718485787
"Wave_1430",-0.20594884274502
"Wave_1431",-0.188293314209208
"Wave_1432",-0.192030486728539
"Wave_1433",-0.199517081021207
"Wave_1434",-0.207468887286243
"Wave_1435",-0.218827333051782
"Wave_1436",-0.222193464297338
"Wave_1437",-0.219766296267372
"Wave_1438",-0.217984002251428
"Wave_1439",-0.223652002575874
"Wave_1440",-0.218601931197833
"Wave_1441",-0.2137234580567
"Wave_1442",-0.209183392999448
"Wave_1443",-0.210718531191452
"Wave_1444",-0.206360026344855
"Wave_1445",-0.203053016580724
"Wave_1446",-0.200589581714102
"Wave_1447",-0.201427680265319
"Wave_1448",-0.199377185949772
"Wave_1449",-0.197967902065868
"Wave_1450",-0.201495651809242
"Wave_1451",-0.196886737624974
"Wave_1452",-0.192536004241929
"Wave_1453",-0.188173361310967
"Wave_1454",-0.191771107756568
"Wave_1455",-0.190783580869413
"Wave_1456",-0.190064039241937
"Wave_1457",-0.190883307073835
"Wave_1458",-0.1973433270965
"Wave_1459",-0.200977958668409
"Wave_1460",-0.203616276797374
"Wave_1461",-0.212629534477352
"Wave_1462",-0.213988772214486
"Wave_1463",-0.20974074677452
"Wave_1464",-0.206082050132752
"Wave_1465",-0.211230068350076
"Wave_1466",-0.206098834895032
"Wave_1467",-0.201257242810858
"Wave_1468",-0.195542507434666
"Wave_1469",-0.198773462431713
"Wave_1470",-0.192182859944238
"Wave_1471",-0.186837800786276
"Wave_1472",-0.185532934401895
"Wave_1473",-0.186275911237544
"Wave_1474",-0.184147911785662
"Wave_1475",-0.18231728922797
"Wave_1476",-0.18455825248562
"Wave_1477",-0.181754318908254
"Wave_1478",-0.177722689606898
"Wave_1479",-0.175080237480005
"Wave_1480",-0.175051639383657
"Wave_1481",-0.170619062134899
"Wave_1482",-0.165593499974
"Wave_1483",-0.162705887905266
"Wave_1484",-0.162713975022262
"Wave_1485",-0.161430747279054
"Wave_1486",-0.16079409859324
"Wave_1487",-0.162211277713139
"Wave_1488",-0.159221112121531
"Wave_1489",-0.156069294092138
"Wave_1490",-0.152730287620852
"Wave_1491",-0.15038413341199
"Wave_1492",-0.138541374531453
"Wave_1493",-0.127298234291255
"Wave_1494",-0.118042820418603
"Wave_1495",-0.116780302798986
"Wave_1496",-0.11741915009967
"Wave_1497",-0.116660259088942
"Wave_1498",-0.115337243437889
"Wave_1499",-0.114418742138258
"Wave_1500",-0.114696708966614
"Wave_1501",-0.112875375557075
"Wave_1502",-0.113805359673875
"Wave_1503",-0.0976225836168004
"Wave_1504",-0.0808317273116234
"Wave_1505",-0.0664225401512846
"Wave_1506",-0.0599715145474411
"Wave_1507",-0.0572134106541258
"Wave_1508",-0.0532667746107326
"Wave_1509",-0.0506141553439081
"Wave_1510",-0.049106471268171
"Wave_1511",-0.0472083676705566
"Wave_1512",-0.0453884213503521
"Wave_1513",-0.039425058295877
"Wave_1514",-0.0277707899445203
"Wave_1515",-0.0160238367540799
"Wave_1516",-0.00488642719521453
"Wave_1517",-0.00646420159741598
"Wave_1518",-0.00851321392314973
"Wave_1519",-0.0123688947500511
"Wave_1520",-0.017305109879707
"Wave_1521",-0.0164035702583839
"Wave_1522",-0.0144650055051113
"Wave_1523",-0.0124634404440164
"Wave_1524",-0.00694197697301404
"Wave_1525",0.00475321140181308
"Wave_1526",0.0154369034358635
"Wave_1527",0.0256185267765657
"Wave_1528",0.0274565164673877
"Wave_1529",0.0267853384233544
"Wave_1530",0.0270257247617198
"Wave_1531",0.0313564074295404
"Wave_1532",0.0452812548952402
"Wave_1533",0.0588793496390848
"Wave_1534",0.0731909417909541
"Wave_1535",0.0808209261815645
"Wave_1536",0.0799337384617814
"Wave_1537",0.0791299051780615
"Wave_1538",0.0777061704080368
"Wave_1539",0.0829552393276337
"Wave_1540",0.0890074542014329
"Wave_1541",0.0942784877294369
"Wave_1542",0.102755792237199
"Wave_1543",0.0959507501638645
"Wave_1544",0.0904604428946085
"Wave_1545",0.0864557363206669
"Wave_1546",0.0824540423306093
"Wave_1547",0.0825862635163667
"Wave_1548",0.0843613855816851
"Wave_1549",0.086909481138902
"Wave_1550",0.097265999590444
"Wave_1551",0.108713330909441
"Wave_1552",0.118320158480637
"Wave_1553",0.12942797407944
"Wave_1554",0.124720364419978
"Wave_1555",0.121170771878774
"Wave_1556",0.117139918932961
"Wave_1557",0.117780183462972
"Wave_1558",0.123251542777482
"Wave_1559",0.130294324160461
"Wave_1560",0.138806066431823
"Wave_1561",0.137674560613666
"Wave_1562",0.132553188779993
"Wave_1563",0.126514197527322
"Wave_1564",0.127807592422886
"Wave_1565",0.124076850030078
"Wave_1566",0.12036096240695
"Wave_1567",0.11520861200048
"Wave_1568",0.110568300143545
"Wave_1569",0.119062253298875
"Wave_1570",0.127895791960494
"Wave_1571",0.140239346677109
"Wave_1572",0.141702945493459
"Wave_1573",0.138002774197145
"Wave_1574",0.132976697219075
"Wave_1575",0.137603241870671
"Wave_1576",0.147004100975641
"Wave_1577",0.156900663301342
"Wave_1578",0.166155034079125
"Wave_1579",0.166607627971002
"Wave_1580",0.162426170573407
"Wave_1581",0.158350649021054
"Wave_1582",0.160891248993907
"Wave_1583",0.165789048864476
"Wave_1584",0.169529258902911
"Wave_1585",0.172860495907887
"Wave_1586",0.176933704133013
"Wave_1587",0.176507639313678
"Wave_1588",0.176232401959235
"Wave_1589",0.17671325005722
"Wave_1590",0.177999724125122
"Wave_1591",0.179730417950766
"Wave_1592",0.180834122454833
"Wave_1593",0.184157239902333
"Wave_1594",0.195870700962573
"Wave_1595",0.206263766721293
"Wave_1596",0.216126064169273
"Wave_1597",0.222340550361768
"Wave_1598",0.223591114548191
"Wave_1599",0.226185377764159
"Wave_1600",0.231209897611952
"Wave_1601",0.233642650226251
"Wave_1602",0.232909306218989
"Wave_1603",0.231611068077646
"Wave_1604",0.232618817701003
"Wave_1605",0.242017756908866
"Wave_1606",0.2526405537829
"Wave_1607",0.263246537910391
"Wave_1608",0.27050504461074
"Wave_1609",0.275571079466729
"Wave_1610",0.279232569254822
"Wave_1611",0.286684275191142
"Wave_1612",0.273090729061142
"Wave_1613",0.259957387302838
"Wave_1614",0.246859098420793
"Wave_1615",0.236531682319466
"Wave_1616",0.228777395905541
"Wave_1617",0.219996381224354
"Wave_1618",0.212526544698267
"Wave_1619",0.218242323733999
"Wave_1620",0.231435461010065
"Wave_1621",0.243750771545588
"Wave_1622",0.256463479170624
"Wave_1623",0.267768303702702
"Wave_1624",0.276413643957293
"Wave_1625",0.285582142052115
"Wave_1626",0.301857200615471
"Wave_1627",0.304287345310841
"Wave_1628",0.307210824792987
"Wave_1629",0.307671442235647
"Wave_1630",0.307805409538813
"Wave_1631",0.310074654139184
"Wave_1632",0.311806438835176
"Wave_1633",0.312572565004726
"Wave_1634",0.309435242110921
"Wave_1635",0.305284521680674
"Wave_1636",0.302132427926117
"Wave_1637",0.307437527685898
"Wave_1638",0.313900444507029
"Wave_1639",0.3178010681304
"Wave_1640",0.326560283187351
"Wave_1641",0.332591803641928
"Wave_1642",0.338122653462726
"Wave_1643",0.342076195497978
"Wave_1644",0.350505935083302
"Wave_1645",0.35288392951569
"Wave_1646",0.35546887006939
"Wave_1647",0.358878116256684
"Wave_1648",0.355428049235971
"Wave_1649",0.348776233832265
"Wave_1650",0.34248725038989
"Wave_1651",0.338251943851024
"Wave_1652",0.328998469476584
"Wave_1653",0.31824320819037
"Wave_1654",0.306739402313068
"Wave_1655",0.304050235898683
"Wave_1656",0.306450135979947
"Wave_1657",0.306640484325607
"Wave_1658",0.309526437302638
"Wave_1659",0.309308937827994
"Wave_1660",0.30612809247772
"Wave_1661",0.304556107052754
"Wave_1662",0.30541275936329
"Wave_1663",0.311246822913233
"Wave_1664",0.316425657749189
"Wave_1665",0.323346284183537
"Wave_1666",0.304726453738595
"Wave_1667",0.27664046889095
"Wave_1668",0.250588057044407
"Wave_1669",0.241213346796851
"Wave_1670",0.236886089157938
"Wave_1671",0.232552660469418
"Wave_1672",0.225455083507208
"Wave_1673",0.207413361409425
"Wave_1674",0.186622383178424
"Wave_1675",0.16676256186406
"Wave_1676",0.148553557560906
"Wave_1677",0.141306752767436
"Wave_1678",0.137961698589444
"Wave_1679",0.13501772809934
"Wave_1680",0.133587898335165
"Wave_1681",0.0901172883600933
"Wave_1682",0.0473046198189888
"Wave_1683",0.00356070046882283
"Wave_1684",-0.0229661394266312
"Wave_1685",-0.0424723348178007
"Wave_1686",-0.0633074914057072
"Wave_1687",-0.0868078799135892
"Wave_1688",-0.106789515362414
"Wave_1689",-0.125465515066005
"Wave_1690",-0.143357642307046
"Wave_1691",-0.150798576262726
"Wave_1692",-0.149305923026278
"Wave_1693",-0.149285360728767
"Wave_1694",-0.146798191701308
"Wave_1695",-0.155070816743358
"Wave_1696",-0.164991667601145
"Wave_1697",-0.173993005182633
"Wave_1698",-0.179977730869808
"Wave_1699",-0.19008416288474
"Wave_1700",-0.201275821125126
"Wave_1701",-0.212232658434583
"Wave_1702",-0.212490552549467
"Wave_1703",-0.209706186450713
"Wave_1704",-0.208265882621863
"Wave_1705",-0.208637515541158
"Wave_1706",-0.181869896752444
"Wave_1707",-0.15950055333032
"Wave_1708",-0.137360624578401
"Wave_1709",-0.117032376365883
"Wave_1710",-0.112107825406255
"Wave_1711",-0.106641197459404
"Wave_1712",-0.102823790142781
"Wave_1713",-0.0964048924187931
"Wave_1714",-0.0924021303171368
"Wave_1715",-0.0867394294312907
"Wave_1716",-0.0814294520820835
"Wave_1717",-0.0882334476225189
"Wave_1718",-0.0955677284386239
"Wave_1719",-0.0967411486322839
"Wave_1720",-0.101361896754712
"Wave_1721",-0.106374873156604
"Wave_1722",-0.113626754062405
"Wave_1723",-0.117594754500136
"Wave_1724",-0.127556693900557
"Wave_1725",-0.138576613125486
"Wave_1726",-0.154157788409156
"Wave_1727",-0.16087833726171
"Wave_1728",-0.162155666023245
"Wave_1729",-0.166213109511219
"Wave_1730",-0.161039091708834
"Wave_1731",-0.181770110351934
"Wave_1732",-0.204000472854704
"Wave_1733",-0.223745945680456
"Wave_1734",-0.242289910506581
"Wave_1735",-0.258167644858745
"Wave_1736",-0.26963628260927
"Wave_1737",-0.281623928652214
"Wave_1738",-0.293021499096105
"Wave_1739",-0.301763114654146
"Wave_1740",-0.311288637113361
"Wave_1741",-0.315821244328538
"Wave_1742",-0.322225385521255
"Wave_1743",-0.324046663047384
"Wave_1744",-0.323315580336187
"Wave_1745",-0.318789102720248
"Wave_1746",-0.315979518932261
"Wave_1747",-0.31248429601179
"Wave_1748",-0.302025379858258
"Wave_1749",-0.296487661150038
"Wave_1750",-0.291841928158587
"Wave_1751",-0.288369766212833
"Wave_1752",-0.269361505661005
"Wave_1753",-0.242000018011614
"Wave_1754",-0.213117579416068
"Wave_1755",-0.181155804976304
"Wave_1756",-0.182059803863885
"Wave_1757",-0.180939668253728
"Wave_1758",-0.18507003525379
"Wave_1759",-0.179337057407009
"Wave_1760",-0.162139246552777
"Wave_1761",-0.1462631389162
"Wave_1762",-0.134550129507968
"Wave_1763",-0.12334364337588
"Wave_1764",-0.113890238166644
"Wave_1765",-0.109686883327028
"Wave_1766",-0.110143004487686
"Wave_1767",-0.108521289058403
"Wave_1768",-0.10584129785129
"Wave_1769",-0.113949018399468
"Wave_1770",-0.110518435615067
"Wave_1771",-0.105036275447805
"Wave_1772",-0.10036176985082
"Wave_1773",-0.103187467835242
"Wave_1774",-0.124404601501113
"Wave_1775",-0.141692569209728
"Wave_1776",-0.176866811270294
"Wave_1777",-0.176766906462876
"Wave_1778",-0.166499581366697
"Wave_1779",-0.156996593418842
"Wave_1780",-0.150365374615768
"Wave_1781",-0.156651569301856
"Wave_1782",-0.161722057073443
"Wave_1783",-0.177238906296885
"Wave_1784",-0.187160088685064
"Wave_1785",-0.193251358738726
"Wave_1786",-0.199886745517345
"Wave_1787",-0.205579885923198
"Wave_1788",-0.204881090148631
"Wave_1789",-0.206354162882912
"Wave_1790",-0.215100859881846
"Wave_1791",-0.223685080024323
"Wave_1792",-0.22634160570831
"Wave_1793",-0.227154538288307
"Wave_1794",-0.235447836949533
"Wave_1795",-0.238139876950659
"Wave_1796",-0.239732444545908
"Wave_1797",-0.240893238257889
"Wave_1798",-0.248327694274741
"Wave_1799",-0.264562734711054
"Wave_1800",-0.282773075050407
"Wave_1801",-0.312717913470007
"Wave_1802",-0.311139133527916
"Wave_1803",-0.311461091083078
"Wave_1804",-0.302491988040605
"Wave_1805",-0.293253921969866
"Wave_1806",-0.298017554124566
"Wave_1807",-0.29721843292003
"Wave_1808",-0.310342240658969
"Wave_1809",-0.305435158311692
"Wave_1810",-0.298170952921627
"Wave_1811",-0.289328963943551
"Wave_1812",-0.282967169844144
"Wave_1813",-0.283174947056626
"Wave_1814",-0.283253161004723
"Wave_1815",-0.278051592856782
"Wave_1816",-0.287015821749895
"Wave_1817",-0.299876528225806
"Wave_1818",-0.313588260621368
"Wave_1819",-0.316481037828813
"Wave_1820",-0.315595562006326
"Wave_1821",-0.315233040110329
"Wave_1822",-0.301023500783619
"Wave_1823",-0.298838705940893
"Wave_1824",-0.298325711705422
"Wave_1825",-0.29909466828701
"Wave_1826",-0.299614737963645
"Wave_1827",-0.30742586703392
"Wave_1828",-0.316458466239178
"Wave_1829",-0.301188610230734
"Wave_1830",-0.304589957832386
"Wave_1831",-0.318302819835174
"Wave_1832",-0.321871229132711
"Wave_1833",-0.320951475691789
"Wave_1834",-0.318638031657736
"Wave_1835",-0.316209867243712
"Wave_1836",-0.296632480875118
"Wave_1837",-0.300748782298523
"Wave_1838",-0.318015518738342
"Wave_1839",-0.321255548257586
"Wave_1840",-0.310989152906394
"Wave_1841",-0.313149971673211
"Wave_1842",-0.315262065892479
"Wave_1843",-0.272393668443244
"Wave_1844",-0.262324170211158
"Wave_1845",-0.276870623951761
"Wave_1846",-0.279273839369405
"Wave_1847",-0.270466787630393
"Wave_1848",-0.27532010773274
"Wave_1849",-0.277537475048696
"Wave_1850",-0.236645224621062
"Wave_1851",-0.225597216234684
"Wave_1852",-0.236306673290246
"Wave_1853",-0.217304615102532
"Wave_1854",-0.164114032903853
"Wave_1855",-0.176658027957151
"Wave_1856",-0.189268148726038
"Wave_1857",-0.157096842278344
"Wave_1858",-0.140798800331724
"Wave_1859",-0.133448226284658
"Wave_1860",-0.100697365251452
"Wave_1861",-0.0440759718588696
"Wave_1862",-0.0401968991590548
"Wave_1863",-0.0334991619559997
"Wave_1864",0.0324242199841427
"Wave_1865",0.0491464847998663
"Wave_1866",0.0330381098057901
"Wave_1867",0.0481815272862491
"Wave_1868",0.0940997684180488
"Wave_1869",0.0967161144584893
"Wave_1870",0.100270476148907
"Wave_1871",0.123407727765362
"Wave_1872",0.134136870249504
"Wave_1873",0.133445735934379
"Wave_1874",0.13413741509145
"Wave_1875",0.133839164227635
"Wave_1876",0.163940109321808
"Wave_1877",0.187135549803992
"Wave_1878",0.163674974670502
"Wave_1879",0.171158914803659
"Wave_1880",0.199825237948562
"Wave_1881",0.20080479288132
"Wave_1882",0.190749203813738
"Wave_1883",0.237022088638468
"Wave_1884",0.263626209278158
"Wave_1885",0.222389528521466
"Wave_1886",0.226978211397043
"Wave_1887",0.263128236980308
"Wave_1888",0.240403704111213
"Wave_1889",0.19589302668377
"Wave_1890",0.162136478406362
"Wave_1891",0.126555051739612
"Wave_1892",0.0347824049176312
"Wave_1893",-0.0471423036091856
"Wave_1894",-0.107188708421186
"Wave_1895",-0.158050265473531
"Wave_1896",-0.202694178983722
"Wave_1897",-0.234475223147312
"Wave_1898",-0.254485130678896
"Wave_1899",-0.271259732599372
"Wave_1900",-0.2739872952087
"Wave_1901",-0.265674703359329
"Wave_1902",-0.245101879929642
"Wave_1903",-0.211943245816103
"Wave_1904",-0.16581692736425
"Wave_1905",-0.119856411261972
"Wave_1906",-0.0933397673480037
"Wave_1907",-0.0805780665022617
"Wave_1908",-0.0699813061685837
"Wave_1909",-0.0478002096936917
"Wave_1910",-0.0341950649921054
"Wave_1911",-0.0178583205428975
"Wave_1912",0.00714149361305427
"Wave_1913",0.0183544865629855
"Wave_1914",0.0217386460716205
"Wave_1915",0.0194931293601404
"Wave_1916",0.0145693360299729
"Wave_1917",0.0119785559513693
"Wave_1918",0.00584143933862327
"Wave_1919",0.0112655323737276
"Wave_1920",0.020783334807773
"Wave_1921",0.0246816659452265
"Wave_1922",0.0237078843019835
"Wave_1923",0.0223171598260451
"Wave_1924",0.0210393547282465
"Wave_1925",0.0176276166670726
"Wave_1926",0.0136086031990579
"Wave_1927",0.00697175362490585
"Wave_1928",0.00596826422350343
"Wave_1929",0.00164160123623389
"Wave_1930",-0.00382735226398632
"Wave_1931",-0.0104586657487664
"Wave_1932",-0.0194595356373069
"Wave_1933",-0.0157994287703497
"Wave_1934",-0.0120783464415955
"Wave_1935",-0.0121697873444633
"Wave_1936",-0.0123940918475975
"Wave_1937",-0.0157933161286463
"Wave_1938",-0.0211609868371082
"Wave_1939",-0.0280339982948151
"Wave_1940",-0.0347584351611324
"Wave_1941",-0.0359738991676386
"Wave_1942",-0.0306573235467996
"Wave_1943",-0.029389054238984
"Wave_1944",-0.0254507838805353
"Wave_1945",-0.0239775240166342
"Wave_1946",-0.0196555375222161
"Wave_1947",-0.0140059689709408
"Wave_1948",-0.00770189907039843
"Wave_1949",-0.00256843270624695
"Wave_1950",-0.000369629077794874
"Wave_1951",-0.000111929267662236
"Wave_1952",0.00207585584841773
"Wave_1953",0.00406336264838206
"Wave_1954",0.00357325119604934
"Wave_1955",0.00046324964699441
"Wave_1956",-0.00189437300261236
"Wave_1957",-0.00274037683099914
"Wave_1958",-0.00557680973777473
"Wave_1959",-0.00712963818098367
"Wave_1960",-0.00659794469988237
"Wave_1961",-0.00734670644362791
"Wave_1962",-0.00759917878859773
"Wave_1963",-0.00504859622887819
"Wave_1964",-0.00237395301625782
"Wave_1965",-0.00300824069222593
"Wave_1966",-0.00253888134706377
"Wave_1967",0.00231360380994452
"Wave_1968",0.0111922144052556
"Wave_1969",0.0223130445910684
"Wave_1970",0.0288668704847165
"Wave_1971",0.0305544933243529
"Wave_1972",0.0333194122190657
"Wave_1973",0.0332290116252168
"Wave_1974",0.0284904979482812
"Wave_1975",0.0233183800392097
"Wave_1976",0.0230608912513201
"Wave_1977",0.0261446126216418
"Wave_1978",0.0339135397995995
"Wave_1979",0.0434042963601227
"Wave_1980",0.0542036607259004
"Wave_1981",0.0636704485875491
"Wave_1982",0.0702443000545598
"Wave_1983",0.0750963192336622
"Wave_1984",0.0738502777730148
"Wave_1985",0.069837575214096
"Wave_1986",0.064475057411442
"Wave_1987",0.0652350009889015
"Wave_1988",0.0662925061397295
"Wave_1989",0.0684147533749804
"Wave_1990",0.0808446435263774
"Wave_1991",0.0959037244098801
"Wave_1992",0.107028261185988
"Wave_1993",0.115315264053616
"Wave_1994",0.12324872925019
"Wave_1995",0.123798805988268
"Wave_1996",0.122356430940422
"Wave_1997",0.118309520748313
"Wave_1998",0.117934306902621
"Wave_1999",0.119690793612287
"Wave_2000",0.119752477103868
"Wave_2001",0.119469890452711
"Wave_2002",0.121734740605692
"Wave_2003",0.123152317673621
"Wave_2004",0.125036778985358
"Wave_2005",0.126494282824483
"Wave_2006",0.120005348215945
"Wave_2007",0.116848930541743
"Wave_2008",0.120775658137204
"Wave_2009",0.122241914233502
"Wave_2010",0.120496613062497
"Wave_2011",0.127235490419847
"Wave_2012",0.134729370341977
"Wave_2013",0.138865431235906
"Wave_2014",0.136716914695654
"Wave_2015",0.136565942341361
"Wave_2016",0.137225716018826
"Wave_2017",0.135829126261625
"Wave_2018",0.128399090131655
"Wave_2019",0.133812743246795
"Wave_2020",0.144332756240517
"Wave_2021",0.150989224608045
"Wave_2022",0.152347580865556
"Wave_2023",0.157446575209645
"Wave_2024",0.159901081931901
"Wave_2025",0.163872062650792
"Wave_2026",0.169720310451331
"Wave_2027",0.165395368852235
"Wave_2028",0.156512723913157
"Wave_2029",0.147323129000923
"Wave_2030",0.138074583227655
"Wave_2031",0.131024087380227
"Wave_2032",0.131514311323335
"Wave_2033",0.134863283495842
"Wave_2034",0.138641633283586
"Wave_2035",0.141725150720089
"Wave_2036",0.146035203570795
"Wave_2037",0.15476056595637
"Wave_2038",0.167914005052749
"Wave_2039",0.180064372486027
"Wave_2040",0.167214866798004
"Wave_2041",0.153916236710161
"Wave_2042",0.150371761833791
"Wave_2043",0.156246518398561
"Wave_2044",0.158686392279999
"Wave_2045",0.154757413349903
"Wave_2046",0.157037784585799
"Wave_2047",0.159026263060444
"Wave_2048",0.155877854463162
"Wave_2049",0.150037784326396
"Wave_2050",0.143358239230414
"Wave_2051",0.132849752100202
"Wave_2052",0.123876454162438
"Wave_2053",0.126436318173653
"Wave_2054",0.128925747040563
"Wave_2055",0.130656444548322
"Wave_2056",0.126699550281964
"Wave_2057",0.121095613514635
"Wave_2058",0.120637268408658
"Wave_2059",0.121380426898024
"Wave_2060",0.123595257283452
"Wave_2061",0.11884360157904
"Wave_2062",0.115608458543747
"Wave_2063",0.1110402855003
"Wave_2064",0.115194380053878
"Wave_2065",0.118135667808555
"Wave_2066",0.112069711620622
"Wave_2067",0.107985124455871
"Wave_2068",0.108470683273549
"Wave_2069",0.106299979188902
"Wave_2070",0.106036423068267
"Wave_2071",0.0984779843007732
"Wave_2072",0.0882457562400596
"Wave_2073",0.086002881459607
"Wave_2074",0.081913857713154
"Wave_2075",0.074030370166571
"Wave_2076",0.0725359912874825
"Wave_2077",0.0809613274975441
"Wave_2078",0.0893707574042654
"Wave_2079",0.0948713922394311
"Wave_2080",0.0974997880250541
"Wave_2081",0.0876731069105642
"Wave_2082",0.0736529795367086
"Wave_2083",0.0623170338107836
"Wave_2084",0.0681926096279816
"Wave_2085",0.0834544126172293
"Wave_2086",0.0932716166595088
"Wave_2087",0.0805085697774825
"Wave_2088",0.0676559901382232
"Wave_2089",0.0743625557305812
"Wave_2090",0.0751661224641366
"Wave_2091",0.0820685515914269
"Wave_2092",0.0841077044362005
"Wave_2093",0.0877193352985549
"Wave_2094",0.0915917706909045
"Wave_2095",0.0912794674516179
"Wave_2096",0.0884212481026815
"Wave_2097",0.0810928484542378
"Wave_2098",0.0762045599951906
"Wave_2099",0.0639142513815181
"Wave_2100",0.061478286910202
"Wave_2101",0.0580714337027273
"Wave_2102",0.0631652540047602
"Wave_2103",0.0800201262134352
"Wave_2104",0.0867017681665893
"Wave_2105",0.0730180596953788
"Wave_2106",0.0648639840450099
"Wave_2107",0.067109750776671
"Wave_2108",0.0612193355310978
"Wave_2109",0.0723431235012456
"Wave_2110",0.103245884547443
"Wave_2111",0.132094323793971
"Wave_2112",0.121855079562998
"Wave_2113",0.11683752125102
"Wave_2114",0.101398482396903
"Wave_2115",0.0915545391106917
"Wave_2116",0.0877340563264855
"Wave_2117",0.070637714645706
"Wave_2118",0.0564513500298459
"Wave_2119",0.0566054703881755
"Wave_2120",0.056183000099461
"Wave_2121",0.0621628154595525
"Wave_2122",0.0762901692561465
"Wave_2123",0.0762737009380168
"Wave_2124",0.0769838156733684
"Wave_2125",0.0781423875696537
"Wave_2126",0.0741181216162462
"Wave_2127",0.0858784083095203
"Wave_2128",0.100379789082482
"Wave_2129",0.106009102374144
"Wave_2130",0.0973498579160502
"Wave_2131",0.0864535420630261
"Wave_2132",0.0858458120796435
"Wave_2133",0.0958974449883006
"Wave_2134",0.103000214223364
"Wave_2135",0.0788072290284243
"Wave_2136",0.0607938174584782
"Wave_2137",0.0563774939393157
"Wave_2138",0.0576665437726231
"Wave_2139",0.073088588705443
"Wave_2140",0.0851122050213473
"Wave_2141",0.0914580083405378
"Wave_2142",0.0903182297873189
"Wave_2143",0.0898351865968259
"Wave_2144",0.0722477369066271
"Wave_2145",0.0757632125184965
"Wave_2146",0.0804771810345189
"Wave_2147",0.0713965144571401
"Wave_2148",0.0493975635987782
"Wave_2149",0.0323619036344896
"Wave_2150",0.0177948783328799
"Wave_2151",0.00662596248012492
"Wave_2152",-0.0151452129821026
"Wave_2153",-0.0334106883366021
"Wave_2154",-0.0379508214713845
"Wave_2155",-0.0218497554741181
"Wave_2156",-0.0109736888058265
"Wave_2157",0.00254894076853909
"Wave_2158",0.00309212015310574
"Wave_2159",0.0138768461236569
"Wave_2160",0.0120850521405415
"Wave_2161",0.00927342586526469
"Wave_2162",-0.00510998274062873
"Wave_2163",-0.0133166973269123
"Wave_2164",-0.0321170290867782
"Wave_2165",-0.015800714328069
"Wave_2166",0.00987366991998827
"Wave_2167",0.0293273044018878
"Wave_2168",0.0316052929970463
"Wave_2169",0.0423748764695492
"Wave_2170",0.0290927634999588
"Wave_2171",0.0100267039116133
"Wave_2172",0.0040716932092673
"Wave_2173",0.0170921358352894
"Wave_2174",0.0243201090650785
"Wave_2175",0.00582309174821174
"Wave_2176",-0.00687603788375334
"Wave_2177",-0.0170366096660557
"Wave_2178",-0.0194334138296938
"Wave_2179",-0.0412671891816524
"Wave_2180",-0.0474329020465254
"Wave_2181",-0.0427243897646389
"Wave_2182",-0.0157571586815515
"Wave_2183",0.0140109392956162
"Wave_2184",0.037994824990893
"Wave_2185",0.0327594656720186
"Wave_2186",0.0242297066532951
"Wave_2187",0.0333001905967896
"Wave_2188",0.0421898575484974
"Wave_2189",0.0413245937357519
"Wave_2190",0.0292006168146497
"Wave_2191",0.014855153228022
"Wave_2192",0.0106346915540369
"Wave_2193",0.0135808230180205
"Wave_2194",0.0169234281714009
"Wave_2195",0.0164713295220637
"Wave_2196",0.0271526725650744
"Wave_2197",0.0343064312263944
"Wave_2198",0.0361742700172058
"Wave_2199",0.0561019908351382
"Wave_2200",0.0857546990628472
"Wave_2201",0.114160603645936
"Wave_2202",0.113500799273662
"Wave_2203",0.114040470012448
"Wave_2204",0.11302882710058
"Wave_2205",0.112708934646962
"Wave_2206",0.107569266531558
"Wave_2207",0.0925225128667276
"Wave_2208",0.0777424957146584
"Wave_2209",0.0518997359100223
"Wave_2210",0.0248776916328461
"Wave_2211",0.00961442785335395
"Wave_2212",0.00139189518978421
"Wave_2213",-0.00911402786108821
"Wave_2214",0.00447380551301288
"Wave_2215",0.0107944189092806
"Wave_2216",0.028639902179744
"Wave_2217",0.0630717211135876
"Wave_2218",0.0943048369504456
"Wave_2219",0.093564169247064
"Wave_2220",0.108015943712419
"Wave_2221",0.107035779981496
"Wave_2222",0.105812559134519
"Wave_2223",0.108174698398615
"Wave_2224",0.0869827893885946
"Wave_2225",0.0681628492905444
"Wave_2226",0.0618261452382472
"Wave_2227",0.0546525335851066
"Wave_2228",0.0463061237574935
"Wave_2229",0.0376769959976865
"Wave_2230",0.0272024230563106
"Wave_2231",-0.0019001022100775
"Wave_2232",-0.00834716865401104
"Wave_2233",-0.0155020238668612
"Wave_2234",-0.0180613474589362
"Wave_2235",-0.0104096936382758
"Wave_2236",-0.000521919100108717
"Wave_2237",0.00927579451920012
"Wave_2238",-0.00361865757128475
"Wave_2239",-0.0425291568090299
"Wave_2240",-0.0726833901623376
"Wave_2241",-0.0900965434522588
"Wave_2242",-0.0973637820965781
"Wave_2243",-0.0965910753203043
"Wave_2244",-0.0790431101505852
"Wave_2245",-0.0786027912829814
"Wave_2246",-0.0850058685710506
"Wave_2247",-0.0951414594462565
"Wave_2248",-0.109095620385088
"Wave_2249",-0.114587461583321
"Wave_2250",-0.121908219643656
"Wave_2251",-0.149606184378849
"Wave_2252",-0.170360881757342
"Wave_2253",-0.180809670725699
"Wave_2254",-0.185257849606879
"Wave_2255",-0.180973966401516
"Wave_2256",-0.183678465283963
"Wave_2257",-0.197755009241311
"Wave_2258",-0.200797152064566
"Wave_2259",-0.205760883809477
"Wave_2260",-0.217716105626682
"Wave_2261",-0.227067611851193
"Wave_2262",-0.231808237910727
"Wave_2263",-0.247004614867948
"Wave_2264",-0.257400422817363
"Wave_2265",-0.268995725299437
"Wave_2266",-0.283162828201221
"Wave_2267",-0.250923286021184
"Wave_2268",-0.202907676571376
"Wave_2269",-0.204724674349645
"Wave_2270",-0.230187635637029
"Wave_2271",-0.239646035081336
"Wave_2272",-0.221718902206331
"Wave_2273",-0.197800913854487
"Wave_2274",-0.239556953452436
"Wave_2275",-0.297526916100318
"Wave_2276",-0.321676159370146
"Wave_2277",-0.343476936634769
"Wave_2278",-0.362706204573019
"Wave_2279",-0.356021450723858
"Wave_2280",-0.341932669832814
"Wave_2281",-0.317877398960596
"Wave_2282",-0.285872730782243
"Wave_2283",-0.271185893136653
"Wave_2284",-0.277003311513
"Wave_2285",-0.287084617362534
"Wave_2286",-0.312720635339734
"Wave_2287",-0.346966248786188
"Wave_2288",-0.330795021131152
"Wave_2289",-0.315403784310924
"Wave_2290",-0.30452312597895
"Wave_2291",-0.284883659631346
"Wave_2292",-0.274687042905672
"Wave_2293",-0.274194028666319
"Wave_2294",-0.258734257352485
"Wave_2295",-0.242530795269053
"Wave_2296",-0.213278256746997
"Wave_2297",-0.190910517347657
"Wave_2298",-0.152795765072282
"Wave_2299",-0.112604357883499
"Wave_2300",-0.0197380778827531
"Wave_2301",0.0615586647721736
"Wave_2302",0.0802042653603514
"Wave_2303",0.0866165000188773
"Wave_2304",0.0790565207711658
"Wave_2305",0.0293735305296584
"Wave_2306",0.0147645428200097
"Wave_2307",0.0195478103599429
"Wave_2308",0.0235843233707473
"Wave_2309",0.0256428853362806
"Wave_2310",0.062255041940373
"Wave_2311",0.0645015533850789
"Wave_2312",0.0621918049468713
"Wave_2313",0.0521025748283236
"Wave_2314",0.0812218083427461
"Wave_2315",0.110085925400721
"Wave_2316",0.0874023851786013
"Wave_2317",0.0311331681573949
"Wave_2318",0.0487165492775945
"Wave_2319",0.0617735827831325
"Wave_2320",0.0484333481447618
"Wave_2321",0.00378388587550474
"Wave_2322",-0.0309665229992792
"Wave_2323",-0.0326553743666399
"Wave_2324",-0.0271043929588516
"Wave_2325",-0.00655563702269804
"Wave_2326",0.0254682099285635
"Wave_2327",0.0413804359848317
"Wave_2328",0.0356632610135819
"Wave_2329",0.00904560251222382
"Wave_2330",0.0130835539477565
"Wave_2331",0.0228980156844785
"Wave_2332",0.059196932048303
"Wave_2333",0.0988170988750096
"Wave_2334",0.0794687686182389
"Wave_2335",0.0056484110478878
"Wave_2336",-0.0193506294914756
"Wave_2337",-0.00854736802543378
"Wave_2338",0.0206653956604332
"Wave_2339",0.042099301368334
"Wave_2340",0.0475041040016149
"Wave_2341",0.076312413310538
"Wave_2342",0.154350020014395
"Wave_2343",0.179914922233579
"Wave_2344",0.169034894225267
"Wave_2345",0.134346666552282
"Wave_2346",0.104644395083014
"Wave_2347",0.0613777738783443
"Wave_2348",0.0952910995361715
"Wave_2349",0.105297183952893
"Wave_2350",0.123995484873913
"Wave_2351",0.121156177554959
"Wave_2352",0.124214578128059
"Wave_2353",0.0845553049833931
"Wave_2354",0.0651609679150471
"Wave_2355",0.0898332379457911
"Wave_2356",0.101681038092131
"Wave_2357",0.117115214665235
"Wave_2358",0.13249883947243
"Wave_2359",0.134714862765027
"Wave_2360",0.133069366750985
"Wave_2361",0.127612653610944
"Wave_2362",0.135160240327268
"Wave_2363",0.124726019549464
"Wave_2364",0.0944571687930313
"Wave_2365",0.0684938547685384
"Wave_2366",0.0764031083860512
"Wave_2367",0.0824060755958942
"Wave_2368",0.0950740801861173
"Wave_2369",0.114139506475128
"Wave_2370",0.119814461263465
"Wave_2371",0.129773498949183
"Wave_2372",0.158648535273782
"Wave_2373",0.205667418923922
"Wave_2374",0.276612582408227
"Wave_2375",0.280853397929178
"Wave_2376",0.269822149868281
"Wave_2377",0.251079801979647
"Wave_2378",0.260560824859587
"Wave_2379",0.259919255148096
"Wave_2380",0.279041167172895
"Wave_2381",0.306980848999089
"Wave_2382",0.236013977631962
"Wave_2383",0.143043908550486
"Wave_2384",0.157925712988496
"Wave_2385",0.179915579149997
"Wave_2386",0.183365033025468
"Wave_2387",0.159735900088944
"Wave_2388",0.131640923662542
"Wave_2389",0.109703350322415
"Wave_2390",0.109803941005717
"Wave_2391",0.135113620972414
"Wave_2392",0.170363325791877
"Wave_2393",0.192580077387988
"Wave_2394",0.199309209257171
"Wave_2395",0.173640760540556
"Wave_2396",0.171234349512275
"Wave_2397",0.203273310868483
"Wave_2398",0.216152808760084
"Wave_2399",0.214947122150756
"Wave_2400",0.171210978633626
