"","Jmax_Spec_Tleaf.5.comps"
"(Intercept)",185.90298458006
"Wave_500",0.0524353188312927
"Wave_501",0.0540752591553054
"Wave_502",0.0551575843931722
"Wave_503",0.055673298351871
"Wave_504",0.0567832982256506
"Wave_505",0.057901185705378
"Wave_506",0.0589107201195866
"Wave_507",0.0595638662154698
"Wave_508",0.0595413156554109
"Wave_509",0.0600399536603556
"Wave_510",0.06098492627004
"Wave_511",0.0612525534537933
"Wave_512",0.0618764324943609
"Wave_513",0.0623653344912968
"Wave_514",0.0616311085489337
"Wave_515",0.0611316817842807
"Wave_516",0.0605833822691928
"Wave_517",0.0598786324858818
"Wave_518",0.058911524325967
"Wave_519",0.0575706098417695
"Wave_520",0.0558789305014441
"Wave_521",0.0540680509853932
"Wave_522",0.05165560443578
"Wave_523",0.0492237059399927
"Wave_524",0.0472880234729747
"Wave_525",0.0445345721125769
"Wave_526",0.0422458521838974
"Wave_527",0.0406180467282485
"Wave_528",0.0391559634039085
"Wave_529",0.037485333091331
"Wave_530",0.0358226146482485
"Wave_531",0.03403152883014
"Wave_532",0.0317306485739558
"Wave_533",0.0295417431456805
"Wave_534",0.0274896054422507
"Wave_535",0.0259752561134728
"Wave_536",0.0251345910008883
"Wave_537",0.0247459841041915
"Wave_538",0.0247387987623461
"Wave_539",0.0240241959676531
"Wave_540",0.0227802133236357
"Wave_541",0.0212470893895611
"Wave_542",0.0204938043386969
"Wave_543",0.0205809500591867
"Wave_544",0.0208439576883938
"Wave_545",0.0206617994215974
"Wave_546",0.0195485239263438
"Wave_547",0.0179322427719282
"Wave_548",0.0160670165299647
"Wave_549",0.0156556544319786
"Wave_550",0.0155611317129062
"Wave_551",0.0157068021003651
"Wave_552",0.0164565941897283
"Wave_553",0.017525689087503
"Wave_554",0.0181114142083063
"Wave_555",0.0182156962936112
"Wave_556",0.0190966609077327
"Wave_557",0.0199291367842413
"Wave_558",0.0205040721612943
"Wave_559",0.0206577781807423
"Wave_560",0.0211873178174897
"Wave_561",0.0213470973402091
"Wave_562",0.0213591235754554
"Wave_563",0.0220461811626946
"Wave_564",0.0222110066915055
"Wave_565",0.0226220207269558
"Wave_566",0.0233777677729929
"Wave_567",0.0250551155855639
"Wave_568",0.0263388135394755
"Wave_569",0.0274521916539951
"Wave_570",0.0287027504664325
"Wave_571",0.0305663902633502
"Wave_572",0.0323706662366456
"Wave_573",0.0339513538751578
"Wave_574",0.0356487641805406
"Wave_575",0.0374565026214669
"Wave_576",0.0391394884954301
"Wave_577",0.0402733408321037
"Wave_578",0.0411335255727251
"Wave_579",0.0421302870694524
"Wave_580",0.0433068254512262
"Wave_581",0.0440232634853695
"Wave_582",0.0448011571614995
"Wave_583",0.0455827918468047
"Wave_584",0.0462621146876119
"Wave_585",0.0463120020067333
"Wave_586",0.0464795176081687
"Wave_587",0.0468365341474109
"Wave_588",0.0473450237812327
"Wave_589",0.0478365711559404
"Wave_590",0.048171084553513
"Wave_591",0.0480661173788336
"Wave_592",0.0478400821275063
"Wave_593",0.0478161387433302
"Wave_594",0.0476401542028238
"Wave_595",0.0471666990377727
"Wave_596",0.0466451741261336
"Wave_597",0.0463509813012932
"Wave_598",0.0461311910266585
"Wave_599",0.0457512550803527
"Wave_600",0.0456148492175973
"Wave_601",0.0455359910003167
"Wave_602",0.0455248214782132
"Wave_603",0.0459918300607065
"Wave_604",0.0463859513057799
"Wave_605",0.0467515854429517
"Wave_606",0.0471717722737093
"Wave_607",0.0477058967768544
"Wave_608",0.0485158231610424
"Wave_609",0.0493876115369545
"Wave_610",0.0503985640179308
"Wave_611",0.0516790499915671
"Wave_612",0.0525877397187861
"Wave_613",0.0531222890769624
"Wave_614",0.0540480779629778
"Wave_615",0.0546524121598104
"Wave_616",0.0552590452380264
"Wave_617",0.0562455394421731
"Wave_618",0.0570042196191397
"Wave_619",0.0571916568563374
"Wave_620",0.0570738479468828
"Wave_621",0.0572466065325267
"Wave_622",0.0573161234477966
"Wave_623",0.0575135075440658
"Wave_624",0.057909059952855
"Wave_625",0.0575575015157008
"Wave_626",0.0572066925061509
"Wave_627",0.0572016342218701
"Wave_628",0.0576030972685164
"Wave_629",0.0572097110655417
"Wave_630",0.0569342738288208
"Wave_631",0.0566344973509795
"Wave_632",0.0562155660218015
"Wave_633",0.055970340689349
"Wave_634",0.0560784393100833
"Wave_635",0.0562707840366684
"Wave_636",0.0560241101810205
"Wave_637",0.0561510208088347
"Wave_638",0.0559426426350114
"Wave_639",0.0552877450720794
"Wave_640",0.054734922019583
"Wave_641",0.0546181173459981
"Wave_642",0.0546589326278311
"Wave_643",0.0547799646356347
"Wave_644",0.0546885379921158
"Wave_645",0.0544166795377275
"Wave_646",0.0540290608284324
"Wave_647",0.0536114037376207
"Wave_648",0.0535045717442095
"Wave_649",0.0533032395911914
"Wave_650",0.0531657551502441
"Wave_651",0.0531298063185103
"Wave_652",0.0533703565193821
"Wave_653",0.0533663462353303
"Wave_654",0.0533477567472944
"Wave_655",0.0538076426470737
"Wave_656",0.0541977634770826
"Wave_657",0.0544274149525626
"Wave_658",0.0545119453430394
"Wave_659",0.0546930707527814
"Wave_660",0.0549771145896661
"Wave_661",0.0546704664137096
"Wave_662",0.0536436759538974
"Wave_663",0.0528359883944154
"Wave_664",0.0518551907215852
"Wave_665",0.0508011672621423
"Wave_666",0.0496513696896984
"Wave_667",0.0489693712634364
"Wave_668",0.0478150654966161
"Wave_669",0.0465934451467538
"Wave_670",0.0454461847708599
"Wave_671",0.0443534390627368
"Wave_672",0.0434362041803497
"Wave_673",0.0426877934896716
"Wave_674",0.0420624440457516
"Wave_675",0.0417463464794186
"Wave_676",0.0412647684868406
"Wave_677",0.0409164374249367
"Wave_678",0.040874697229851
"Wave_679",0.0408085409420015
"Wave_680",0.0412398019239046
"Wave_681",0.0422848037915457
"Wave_682",0.0438042193570188
"Wave_683",0.0454087133028913
"Wave_684",0.0471206657275812
"Wave_685",0.04883631812505
"Wave_686",0.0513109758751154
"Wave_687",0.0539713190075565
"Wave_688",0.0562742521279107
"Wave_689",0.0576347793006221
"Wave_690",0.0571573835211715
"Wave_691",0.0562665541892099
"Wave_692",0.0539998953423238
"Wave_693",0.0504446761821875
"Wave_694",0.0450068401584662
"Wave_695",0.0378992721297844
"Wave_696",0.0288108503540251
"Wave_697",0.018371178895068
"Wave_698",0.00714026421678958
"Wave_699",-0.00393594522451277
"Wave_700",-0.0145853417634179
"Wave_701",-0.0248339189153457
"Wave_702",-0.0358755297691941
"Wave_703",-0.0458884406749584
"Wave_704",-0.0551492517133653
"Wave_705",-0.0637331832605348
"Wave_706",-0.0730469585907775
"Wave_707",-0.0807809547886246
"Wave_708",-0.0879483333324041
"Wave_709",-0.0939455338245102
"Wave_710",-0.100071318347318
"Wave_711",-0.106447125359975
"Wave_712",-0.111281516005565
"Wave_713",-0.115470329913712
"Wave_714",-0.120300677184892
"Wave_715",-0.123899807326913
"Wave_716",-0.125665596530158
"Wave_717",-0.126442863772074
"Wave_718",-0.128517295409557
"Wave_719",-0.129204545613868
"Wave_720",-0.129834135713772
"Wave_721",-0.130339388861387
"Wave_722",-0.129195853934065
"Wave_723",-0.127596430186942
"Wave_724",-0.125496264279686
"Wave_725",-0.123072122258909
"Wave_726",-0.121196327746528
"Wave_727",-0.11859961312323
"Wave_728",-0.11551947418211
"Wave_729",-0.113541059937451
"Wave_730",-0.111125406184882
"Wave_731",-0.106542728747488
"Wave_732",-0.10231822728453
"Wave_733",-0.0985158630279086
"Wave_734",-0.0945186743379301
"Wave_735",-0.0912643596041829
"Wave_736",-0.0890815071759344
"Wave_737",-0.0863306790869553
"Wave_738",-0.0839948876879126
"Wave_739",-0.0814594810866246
"Wave_740",-0.0790090366761228
"Wave_741",-0.0760567523871873
"Wave_742",-0.0744372376175999
"Wave_743",-0.0711041919970664
"Wave_744",-0.0679704680375983
"Wave_745",-0.066360363249179
"Wave_746",-0.0649215255092765
"Wave_747",-0.0615203575622431
"Wave_748",-0.057827364851973
"Wave_749",-0.0553600801376709
"Wave_750",-0.0529007998982889
"Wave_751",-0.0499250857684085
"Wave_752",-0.0474491903700385
"Wave_753",-0.0453408727790088
"Wave_754",-0.0437298492249722
"Wave_755",-0.0415619772459645
"Wave_756",-0.0406079896504183
"Wave_757",-0.0395091418052113
"Wave_758",-0.0375341347125002
"Wave_759",-0.0359896086899518
"Wave_760",-0.0352446199889158
"Wave_761",-0.0343730337197125
"Wave_762",-0.0333522883524302
"Wave_763",-0.0324412904312536
"Wave_764",-0.0304030172795387
"Wave_765",-0.0287667990029297
"Wave_766",-0.0274753150211586
"Wave_767",-0.0270424127958237
"Wave_768",-0.026245670625521
"Wave_769",-0.0257974744796485
"Wave_770",-0.0252575657730313
"Wave_771",-0.0246038646904081
"Wave_772",-0.0240684618546111
"Wave_773",-0.0238310723847477
"Wave_774",-0.0226827244656631
"Wave_775",-0.0221731272490792
"Wave_776",-0.02166449552204
"Wave_777",-0.0210156167034268
"Wave_778",-0.0207356747656874
"Wave_779",-0.0201535487420924
"Wave_780",-0.0193084440330435
"Wave_781",-0.0185105488923297
"Wave_782",-0.0186178797574114
"Wave_783",-0.0186821218536316
"Wave_784",-0.018471461939544
"Wave_785",-0.0179741851896855
"Wave_786",-0.0176401853469007
"Wave_787",-0.0169657432180784
"Wave_788",-0.0162070827191725
"Wave_789",-0.016477987572799
"Wave_790",-0.0162694883476295
"Wave_791",-0.0155744957124505
"Wave_792",-0.015514567846416
"Wave_793",-0.0159866667096325
"Wave_794",-0.0161383912221352
"Wave_795",-0.0162300451209232
"Wave_796",-0.0159270841489328
"Wave_797",-0.0151659487927885
"Wave_798",-0.0142995927693578
"Wave_799",-0.0141541193126649
"Wave_800",-0.0136350422995789
"Wave_801",-0.0134997376039431
"Wave_802",-0.0132948253679639
"Wave_803",-0.0127354623331485
"Wave_804",-0.0123851845172627
"Wave_805",-0.0128054528684548
"Wave_806",-0.0128011787799428
"Wave_807",-0.0126772353281995
"Wave_808",-0.0121793127895243
"Wave_809",-0.013143533258831
"Wave_810",-0.0130853340963447
"Wave_811",-0.0125204926242666
"Wave_812",-0.0112733241744256
"Wave_813",-0.0106797956899701
"Wave_814",-0.00957628903808347
"Wave_815",-0.00961455956865624
"Wave_816",-0.0107591540396314
"Wave_817",-0.0109568421572382
"Wave_818",-0.011295038343525
"Wave_819",-0.00965150668432175
"Wave_820",-0.00830796466864973
"Wave_821",-0.00808101364228464
"Wave_822",-0.00852131030670858
"Wave_823",-0.00859958393840401
"Wave_824",-0.00830729482458499
"Wave_825",-0.00788944053912521
"Wave_826",-0.00780253567399636
"Wave_827",-0.00776632238737438
"Wave_828",-0.00813159026506035
"Wave_829",-0.00856437415502555
"Wave_830",-0.00871449617713372
"Wave_831",-0.00825676973085932
"Wave_832",-0.00752199618385189
"Wave_833",-0.00770093042247021
"Wave_834",-0.00730336366087822
"Wave_835",-0.00699836973631444
"Wave_836",-0.00686317583010857
"Wave_837",-0.00699024201474285
"Wave_838",-0.00647693571810055
"Wave_839",-0.00705191994822658
"Wave_840",-0.00646896128675832
"Wave_841",-0.00592064429622475
"Wave_842",-0.00616513975187398
"Wave_843",-0.00524336726346543
"Wave_844",-0.00507006595518507
"Wave_845",-0.00506446833501464
"Wave_846",-0.00504980176287213
"Wave_847",-0.00517155643385352
"Wave_848",-0.00488588113980921
"Wave_849",-0.00473838538260775
"Wave_850",-0.00397138092249132
"Wave_851",-0.0039743993567879
"Wave_852",-0.00411572669294034
"Wave_853",-0.0042640173743448
"Wave_854",-0.00379001475332359
"Wave_855",-0.00253826316440293
"Wave_856",-0.00308453321471158
"Wave_857",-0.00389173312422556
"Wave_858",-0.00398618668715462
"Wave_859",-0.00448871293749193
"Wave_860",-0.0032158509016056
"Wave_861",-0.00102474655294778
"Wave_862",-0.00120526076821122
"Wave_863",-0.00327638606115148
"Wave_864",-0.0037059732286043
"Wave_865",-0.00415223842733742
"Wave_866",-0.00375952488493304
"Wave_867",-0.0012158648169308
"Wave_868",2.02221206652979e-05
"Wave_869",-0.0012964545900792
"Wave_870",-0.0029224843217355
"Wave_871",-0.00183334228344078
"Wave_872",-0.00162453860795771
"Wave_873",-0.000846030181999604
"Wave_874",-0.000998402758101976
"Wave_875",-0.00175006205091356
"Wave_876",-0.000686136668401824
"Wave_877",0.000672877798639446
"Wave_878",0.000547294587292485
"Wave_879",0.000540720960326537
"Wave_880",0.000833973269539785
"Wave_881",0.000427775012521163
"Wave_882",0.000109515294672637
"Wave_883",-0.00103369085889657
"Wave_884",-0.000819026714312876
"Wave_885",-0.000332388765049369
"Wave_886",-0.00044644460601454
"Wave_887",-0.000712810701326126
"Wave_888",-0.000562756353289478
"Wave_889",-0.00030564700109669
"Wave_890",-0.000637791248052466
"Wave_891",-0.000833659406539271
"Wave_892",-0.000354155321552497
"Wave_893",0.00180916364317945
"Wave_894",0.00290763600832596
"Wave_895",0.00162878703953188
"Wave_896",0.000464728609955798
"Wave_897",0.000387954254024297
"Wave_898",0.00117408967733501
"Wave_899",0.002229562157516
"Wave_900",0.00339144677134516
"Wave_901",0.0024178291921689
"Wave_902",0.00300427668781222
"Wave_903",0.00200810345012741
"Wave_904",0.001576540369561
"Wave_905",0.00178619204162678
"Wave_906",0.00275565982583859
"Wave_907",0.00326641458897767
"Wave_908",0.00287206363906945
"Wave_909",0.00471116648263559
"Wave_910",0.00355286331153904
"Wave_911",0.00306994772470465
"Wave_912",0.00299393728632065
"Wave_913",0.00299600011986349
"Wave_914",0.0040320466590962
"Wave_915",0.00635676231634301
"Wave_916",0.00520270180152989
"Wave_917",0.00358743630143675
"Wave_918",0.00223935834058118
"Wave_919",0.00236169576805321
"Wave_920",0.00386334574409852
"Wave_921",0.00527622990299458
"Wave_922",0.00495040930261045
"Wave_923",0.00390964216115085
"Wave_924",0.00374083972170576
"Wave_925",0.00387927159672943
"Wave_926",0.00435995822097573
"Wave_927",0.00564835993019141
"Wave_928",0.00616261197192533
"Wave_929",0.00406252610535547
"Wave_930",0.0025444317795897
"Wave_931",0.00247195043895698
"Wave_932",0.00405243495460394
"Wave_933",0.00667943154090467
"Wave_934",0.00685375625970298
"Wave_935",0.00613712041407501
"Wave_936",0.0054175764162971
"Wave_937",0.00311521043500291
"Wave_938",0.00104520938789426
"Wave_939",0.00243083105742706
"Wave_940",0.00627068091652873
"Wave_941",0.00867105096167041
"Wave_942",0.00618435331992934
"Wave_943",0.00226959222987563
"Wave_944",0.00130391208063243
"Wave_945",0.00477253738453094
"Wave_946",0.00755029428871305
"Wave_947",0.00671842766804866
"Wave_948",0.00531486453296927
"Wave_949",0.00301289663809657
"Wave_950",0.00218450129714234
"Wave_951",0.00285244130897599
"Wave_952",0.00609222075612017
"Wave_953",0.00782089814441228
"Wave_954",0.00615565983582986
"Wave_955",0.00321518152215788
"Wave_956",0.0046332828508323
"Wave_957",0.00573671930796424
"Wave_958",0.00799760062842699
"Wave_959",0.00706867148167271
"Wave_960",0.00532007926980332
"Wave_961",0.00562500728551953
"Wave_962",0.00433651217148034
"Wave_963",0.00431977218509135
"Wave_964",0.00744881573791787
"Wave_965",0.00980118970829639
"Wave_966",0.00863521835837358
"Wave_967",0.00512921774014967
"Wave_968",0.00262397614853196
"Wave_969",0.00557746341001307
"Wave_970",0.00734744020792741
"Wave_971",0.00931238245354976
"Wave_972",0.0106635749528689
"Wave_973",0.0103182858697115
"Wave_974",0.00989272527082084
"Wave_975",0.00949496310036507
"Wave_976",0.00941581089499002
"Wave_977",0.00958964152241813
"Wave_978",0.00990046487978627
"Wave_979",0.010180198608899
"Wave_980",0.0115730114265359
"Wave_981",0.0137361712053519
"Wave_982",0.0159590336741406
"Wave_983",0.0182559936192402
"Wave_984",0.0192394051575532
"Wave_985",0.0200147748334348
"Wave_986",0.020596494677034
"Wave_987",0.0213879353300236
"Wave_988",0.0209227332992298
"Wave_989",0.0203496406852687
"Wave_990",0.0197201254985246
"Wave_991",0.0192843672758728
"Wave_992",0.0187901396207094
"Wave_993",0.0183673115005522
"Wave_994",0.0179643038556422
"Wave_995",0.0178719090102345
"Wave_996",0.0190343466093846
"Wave_997",0.0201588899159932
"Wave_998",0.0212108555945037
"Wave_999",0.021880862332096
"Wave_1000",0.0222000163902813
"Wave_1001",0.0224479901554919
"Wave_1002",0.0227171318948381
"Wave_1003",0.0229508704337825
"Wave_1004",0.0230434376391718
"Wave_1005",0.023224155925521
"Wave_1006",0.0234218253935082
"Wave_1007",0.0237269754742255
"Wave_1008",0.0241877758429958
"Wave_1009",0.0246436834132325
"Wave_1010",0.0250252166946256
"Wave_1011",0.0243351637091006
"Wave_1012",0.0233525301078244
"Wave_1013",0.0224276766597103
"Wave_1014",0.0214851704640985
"Wave_1015",0.0209515595562612
"Wave_1016",0.0204008648648802
"Wave_1017",0.0199574354587877
"Wave_1018",0.0197339907661319
"Wave_1019",0.0191880598515161
"Wave_1020",0.0185029582174039
"Wave_1021",0.017936121458003
"Wave_1022",0.0172315029372255
"Wave_1023",0.0171183031579111
"Wave_1024",0.0170030781622477
"Wave_1025",0.0170218820405288
"Wave_1026",0.0168318961423511
"Wave_1027",0.0165481926325846
"Wave_1028",0.0162395937119031
"Wave_1029",0.0160333336651492
"Wave_1030",0.0161020919865507
"Wave_1031",0.0160164984485423
"Wave_1032",0.0159297843480675
"Wave_1033",0.0158483632379932
"Wave_1034",0.015558010343948
"Wave_1035",0.0149972819476945
"Wave_1036",0.014590886968312
"Wave_1037",0.0141477491901557
"Wave_1038",0.0140103553515089
"Wave_1039",0.0140110998990466
"Wave_1040",0.0139940095823709
"Wave_1041",0.0140801219387755
"Wave_1042",0.0142098729483741
"Wave_1043",0.0142935701639556
"Wave_1044",0.014373967637921
"Wave_1045",0.0144144453560568
"Wave_1046",0.0143096491765346
"Wave_1047",0.0142107726080598
"Wave_1048",0.0140965143409383
"Wave_1049",0.0139785127684792
"Wave_1050",0.0138942409636163
"Wave_1051",0.0137758310682471
"Wave_1052",0.0135226135744313
"Wave_1053",0.0133567619154083
"Wave_1054",0.0131082631588592
"Wave_1055",0.0128602251192421
"Wave_1056",0.0126723715949823
"Wave_1057",0.0125591685339697
"Wave_1058",0.0125119423958948
"Wave_1059",0.0125320554335878
"Wave_1060",0.0125686062439557
"Wave_1061",0.0126343000028232
"Wave_1062",0.0127330074858194
"Wave_1063",0.0127511583653076
"Wave_1064",0.012750012076764
"Wave_1065",0.0125860068201691
"Wave_1066",0.0123638175256192
"Wave_1067",0.0120714588128637
"Wave_1068",0.0119376994502645
"Wave_1069",0.0116285186901549
"Wave_1070",0.0113518049436588
"Wave_1071",0.0112225791167855
"Wave_1072",0.0110592572641964
"Wave_1073",0.0111973620070855
"Wave_1074",0.011295883781226
"Wave_1075",0.0114464851193158
"Wave_1076",0.0115115769985235
"Wave_1077",0.0114786642804388
"Wave_1078",0.0114890718745686
"Wave_1079",0.0112588716711828
"Wave_1080",0.0113595910451104
"Wave_1081",0.0115737547460918
"Wave_1082",0.0117330990739317
"Wave_1083",0.0120116019025948
"Wave_1084",0.01212650148356
"Wave_1085",0.0122538319127411
"Wave_1086",0.012364813614807
"Wave_1087",0.0125667388398499
"Wave_1088",0.0125491184560752
"Wave_1089",0.0123428587030735
"Wave_1090",0.0121160748846545
"Wave_1091",0.0117120088525293
"Wave_1092",0.0119298328829891
"Wave_1093",0.0119624038938864
"Wave_1094",0.0122690846352728
"Wave_1095",0.0122190276572517
"Wave_1096",0.0120484669458049
"Wave_1097",0.0118657319127942
"Wave_1098",0.0118184417906361
"Wave_1099",0.0116299103439703
"Wave_1100",0.011596446630505
"Wave_1101",0.0115336504162941
"Wave_1102",0.0116049894585684
"Wave_1103",0.0112473039831718
"Wave_1104",0.011161034892263
"Wave_1105",0.0107333992393494
"Wave_1106",0.0103512757671389
"Wave_1107",0.010140092066519
"Wave_1108",0.0100055202038298
"Wave_1109",0.00983409637104345
"Wave_1110",0.0100233723681464
"Wave_1111",0.00974016542212946
"Wave_1112",0.00946643069913481
"Wave_1113",0.00922694115579628
"Wave_1114",0.00880030877423103
"Wave_1115",0.00813527827398771
"Wave_1116",0.00770559589949943
"Wave_1117",0.0069366805867159
"Wave_1118",0.00657793898151733
"Wave_1119",0.00640294963082117
"Wave_1120",0.00616643379366746
"Wave_1121",0.0061676035828293
"Wave_1122",0.00586229969404951
"Wave_1123",0.00543594993156236
"Wave_1124",0.00507569939337479
"Wave_1125",0.00504868842314512
"Wave_1126",0.00446184854419973
"Wave_1127",0.00367248913367896
"Wave_1128",0.0033156266871273
"Wave_1129",0.002796536288463
"Wave_1130",0.00220649084769095
"Wave_1131",0.00166667070417184
"Wave_1132",0.0012797190602764
"Wave_1133",0.000862029019904747
"Wave_1134",0.000260820974248078
"Wave_1135",-0.00029001233464839
"Wave_1136",-0.000601884114690939
"Wave_1137",-0.00108507556030758
"Wave_1138",-0.00153665169384783
"Wave_1139",-0.0019309450912412
"Wave_1140",-0.00220617998581897
"Wave_1141",-0.00273931076070353
"Wave_1142",-0.0031914835670209
"Wave_1143",-0.00400214980049898
"Wave_1144",-0.00488640026205878
"Wave_1145",-0.00493992051695725
"Wave_1146",-0.00489562565372282
"Wave_1147",-0.00504313017402993
"Wave_1148",-0.00500713512049613
"Wave_1149",-0.00458405172423138
"Wave_1150",-0.00414972107250633
"Wave_1151",-0.00380332733322668
"Wave_1152",-0.00331317687276365
"Wave_1153",-0.00285458424542409
"Wave_1154",-0.00241211892358308
"Wave_1155",-0.00278399176129576
"Wave_1156",-0.00215039110772231
"Wave_1157",-0.0013248054728827
"Wave_1158",-0.000360311319320877
"Wave_1159",0.00022607397782293
"Wave_1160",0.000768864705788501
"Wave_1161",0.00129676785653302
"Wave_1162",0.00178170046370173
"Wave_1163",0.00235038141905408
"Wave_1164",0.00312960321502842
"Wave_1165",0.00384842398494067
"Wave_1166",0.00444629341132032
"Wave_1167",0.00499704907528733
"Wave_1168",0.00564187672126359
"Wave_1169",0.00637032835517151
"Wave_1170",0.00706382631517803
"Wave_1171",0.00754737104746581
"Wave_1172",0.00795114361874179
"Wave_1173",0.00841774796454196
"Wave_1174",0.00875110988629495
"Wave_1175",0.00935298478761336
"Wave_1176",0.00964061039602354
"Wave_1177",0.0103672473368632
"Wave_1178",0.0110084823880845
"Wave_1179",0.0112808242382161
"Wave_1180",0.0116318154482814
"Wave_1181",0.0119073471813252
"Wave_1182",0.0122672324390964
"Wave_1183",0.0127503712501957
"Wave_1184",0.0132386139280157
"Wave_1185",0.0135781240119351
"Wave_1186",0.0140469056413749
"Wave_1187",0.0147352876254231
"Wave_1188",0.0154765987050986
"Wave_1189",0.0165040170135917
"Wave_1190",0.0170373156017542
"Wave_1191",0.0175153708925728
"Wave_1192",0.0177273877950359
"Wave_1193",0.0172801804627205
"Wave_1194",0.0178599849488777
"Wave_1195",0.0185261243555759
"Wave_1196",0.019402364349557
"Wave_1197",0.0202036333498699
"Wave_1198",0.020559286600733
"Wave_1199",0.0209023748805107
"Wave_1200",0.0212582779494384
"Wave_1201",0.0215328221051953
"Wave_1202",0.0217328378420197
"Wave_1203",0.0219377186619613
"Wave_1204",0.0219657541034287
"Wave_1205",0.0220534165095903
"Wave_1206",0.0221966785316248
"Wave_1207",0.0223211362232495
"Wave_1208",0.0223098588533461
"Wave_1209",0.0222669269925993
"Wave_1210",0.0222856875748818
"Wave_1211",0.0223951579010549
"Wave_1212",0.0226086743881354
"Wave_1213",0.0229450173929833
"Wave_1214",0.023277787214331
"Wave_1215",0.0236753991479193
"Wave_1216",0.0240820410339206
"Wave_1217",0.0242414462927872
"Wave_1218",0.0244003046743512
"Wave_1219",0.0243348195993725
"Wave_1220",0.0245165742375421
"Wave_1221",0.0248048966143623
"Wave_1222",0.0251075386561315
"Wave_1223",0.0255194736551869
"Wave_1224",0.0255974853905003
"Wave_1225",0.0256185803630562
"Wave_1226",0.0256991282561358
"Wave_1227",0.0256861984984
"Wave_1228",0.0258111839516736
"Wave_1229",0.025926501710447
"Wave_1230",0.0259239383485978
"Wave_1231",0.0259825692391195
"Wave_1232",0.0260438047245445
"Wave_1233",0.0261093198989262
"Wave_1234",0.0263735460316029
"Wave_1235",0.0265852358715914
"Wave_1236",0.026570829899148
"Wave_1237",0.026524715206747
"Wave_1238",0.0263139528483739
"Wave_1239",0.0262922578059364
"Wave_1240",0.0263601095809245
"Wave_1241",0.0263764711193471
"Wave_1242",0.0263829935818232
"Wave_1243",0.0262919901716512
"Wave_1244",0.0261718068495566
"Wave_1245",0.026108252568833
"Wave_1246",0.0260592232434495
"Wave_1247",0.0259426320061723
"Wave_1248",0.0257986464177338
"Wave_1249",0.0256721953849799
"Wave_1250",0.0256706840403781
"Wave_1251",0.0255280553740393
"Wave_1252",0.0253898157514315
"Wave_1253",0.0252588381732801
"Wave_1254",0.0251634446354707
"Wave_1255",0.0250292720759456
"Wave_1256",0.0249104289943266
"Wave_1257",0.0248285603489342
"Wave_1258",0.0245087999539238
"Wave_1259",0.0242059587260725
"Wave_1260",0.0238106986965059
"Wave_1261",0.0234596583143625
"Wave_1262",0.0232550768245827
"Wave_1263",0.0230755000948235
"Wave_1264",0.0229666087443829
"Wave_1265",0.0229004535278984
"Wave_1266",0.0227316086514236
"Wave_1267",0.0226120231005403
"Wave_1268",0.0223678688196024
"Wave_1269",0.0222888010187002
"Wave_1270",0.0221824785777515
"Wave_1271",0.0219957786555635
"Wave_1272",0.0220372007659022
"Wave_1273",0.0218885948550374
"Wave_1274",0.0216371374870043
"Wave_1275",0.0213698721852772
"Wave_1276",0.0207295006298023
"Wave_1277",0.0205372888738908
"Wave_1278",0.0203725207207897
"Wave_1279",0.0202694253546399
"Wave_1280",0.0200252418476562
"Wave_1281",0.0196607953288173
"Wave_1282",0.0192566232509544
"Wave_1283",0.0186339315291159
"Wave_1284",0.0182817489460798
"Wave_1285",0.0178086338931718
"Wave_1286",0.0174949977772027
"Wave_1287",0.0174515983227068
"Wave_1288",0.0173155469795043
"Wave_1289",0.0171835778971862
"Wave_1290",0.0169107791072258
"Wave_1291",0.0167629722344371
"Wave_1292",0.0166009998578194
"Wave_1293",0.0165010715010828
"Wave_1294",0.0166025970218849
"Wave_1295",0.0167202424762052
"Wave_1296",0.0163500143487707
"Wave_1297",0.0161009082445617
"Wave_1298",0.0159239180483063
"Wave_1299",0.0156040100895382
"Wave_1300",0.0153459799934362
"Wave_1301",0.015112100423361
"Wave_1302",0.0150684198126087
"Wave_1303",0.014485455097732
"Wave_1304",0.0139201847143789
"Wave_1305",0.013427647264036
"Wave_1306",0.013032677133858
"Wave_1307",0.0129232144055818
"Wave_1308",0.0126343534440212
"Wave_1309",0.0127113123891497
"Wave_1310",0.0124315206326222
"Wave_1311",0.0117901295852785
"Wave_1312",0.0110739237339441
"Wave_1313",0.0103471013871688
"Wave_1314",0.00979604747039407
"Wave_1315",0.00931483223557178
"Wave_1316",0.00893558447846732
"Wave_1317",0.00887163862065162
"Wave_1318",0.00812980635249328
"Wave_1319",0.00756724079493415
"Wave_1320",0.00697458249581382
"Wave_1321",0.00634868312143823
"Wave_1322",0.00576601111601895
"Wave_1323",0.00501345222609312
"Wave_1324",0.00448152504784157
"Wave_1325",0.00396001167677098
"Wave_1326",0.00308579822258961
"Wave_1327",0.00244767364580963
"Wave_1328",0.00183715868175409
"Wave_1329",0.00108199809201421
"Wave_1330",0.000244849101660366
"Wave_1331",-0.000502685742393653
"Wave_1332",-0.00117238681755748
"Wave_1333",-0.00177586191066836
"Wave_1334",-0.00236911865646407
"Wave_1335",-0.00313991020652005
"Wave_1336",-0.00397486031365047
"Wave_1337",-0.00467049111705887
"Wave_1338",-0.00529591419699227
"Wave_1339",-0.00606397350064554
"Wave_1340",-0.00683106015003674
"Wave_1341",-0.00741689261160075
"Wave_1342",-0.00810529410605909
"Wave_1343",-0.00887450099737779
"Wave_1344",-0.00995329737921858
"Wave_1345",-0.011017297254828
"Wave_1346",-0.0121297279614673
"Wave_1347",-0.0134568092076698
"Wave_1348",-0.0145355663314866
"Wave_1349",-0.0157440991167893
"Wave_1350",-0.0166587272917901
"Wave_1351",-0.0177193685348675
"Wave_1352",-0.0191837687155898
"Wave_1353",-0.0205529610960776
"Wave_1354",-0.0222418571950126
"Wave_1355",-0.0237610194672366
"Wave_1356",-0.0251875733809152
"Wave_1357",-0.0266042985850069
"Wave_1358",-0.027684986380224
"Wave_1359",-0.0293073028235681
"Wave_1360",-0.0309119183682094
"Wave_1361",-0.0323087708117851
"Wave_1362",-0.033798623385859
"Wave_1363",-0.0359994807084848
"Wave_1364",-0.0382342045237891
"Wave_1365",-0.0401174425398813
"Wave_1366",-0.0423537763762629
"Wave_1367",-0.0450334415179996
"Wave_1368",-0.0476480959468634
"Wave_1369",-0.0497041647709961
"Wave_1370",-0.0528198229006781
"Wave_1371",-0.0562336540894568
"Wave_1372",-0.0593510548882474
"Wave_1373",-0.0619002989927783
"Wave_1374",-0.0658392398037551
"Wave_1375",-0.0697970954385941
"Wave_1376",-0.0731227931052053
"Wave_1377",-0.076450220466344
"Wave_1378",-0.080461365706655
"Wave_1379",-0.084434868336101
"Wave_1380",-0.0874551948276711
"Wave_1381",-0.0905785108353825
"Wave_1382",-0.0938060059054944
"Wave_1383",-0.0969247359297247
"Wave_1384",-0.099665097445757
"Wave_1385",-0.10249154138739
"Wave_1386",-0.105340060169457
"Wave_1387",-0.108154332425561
"Wave_1388",-0.110779105655604
"Wave_1389",-0.112811207481086
"Wave_1390",-0.114814140550803
"Wave_1391",-0.117105961096485
"Wave_1392",-0.118917545243921
"Wave_1393",-0.120201262664312
"Wave_1394",-0.121448558826491
"Wave_1395",-0.123489085577372
"Wave_1396",-0.124195990749997
"Wave_1397",-0.124573603597179
"Wave_1398",-0.12525903770049
"Wave_1399",-0.126380371198109
"Wave_1400",-0.125879123200812
"Wave_1401",-0.125396278894239
"Wave_1402",-0.125454373662969
"Wave_1403",-0.125284391153603
"Wave_1404",-0.124226168757745
"Wave_1405",-0.123140980483725
"Wave_1406",-0.12269501737573
"Wave_1407",-0.12138877099821
"Wave_1408",-0.119665932001047
"Wave_1409",-0.118004791031035
"Wave_1410",-0.116862201729702
"Wave_1411",-0.114646796712728
"Wave_1412",-0.112477338526507
"Wave_1413",-0.11063058182706
"Wave_1414",-0.108765951417011
"Wave_1415",-0.106359693836313
"Wave_1416",-0.104006883067207
"Wave_1417",-0.101737052183223
"Wave_1418",-0.0993117497722636
"Wave_1419",-0.0967578270255431
"Wave_1420",-0.0941988288564416
"Wave_1421",-0.0920146388052639
"Wave_1422",-0.0895413099664683
"Wave_1423",-0.0870875249783212
"Wave_1424",-0.0847251078599136
"Wave_1425",-0.0824931219623169
"Wave_1426",-0.0800000073769
"Wave_1427",-0.0775387541590575
"Wave_1428",-0.0752546082468988
"Wave_1429",-0.0730952842617875
"Wave_1430",-0.0709819352265051
"Wave_1431",-0.0688750349227025
"Wave_1432",-0.0669450530696116
"Wave_1433",-0.0648270530917782
"Wave_1434",-0.0626558529299221
"Wave_1435",-0.0605641277036828
"Wave_1436",-0.0585263240741643
"Wave_1437",-0.0565936499557865
"Wave_1438",-0.054727141187783
"Wave_1439",-0.0529347569805243
"Wave_1440",-0.0512210633889784
"Wave_1441",-0.0496091215996499
"Wave_1442",-0.0479766296792817
"Wave_1443",-0.0465619947070666
"Wave_1444",-0.0453044835789603
"Wave_1445",-0.0441356990056757
"Wave_1446",-0.0429470234726241
"Wave_1447",-0.0417073220775947
"Wave_1448",-0.040323210155675
"Wave_1449",-0.0389375767860427
"Wave_1450",-0.0376016501795646
"Wave_1451",-0.0363860875961068
"Wave_1452",-0.0352211661954256
"Wave_1453",-0.0340391246873139
"Wave_1454",-0.0329940858332564
"Wave_1455",-0.0318992984597503
"Wave_1456",-0.0307645944496946
"Wave_1457",-0.0296593707184558
"Wave_1458",-0.0285647555685897
"Wave_1459",-0.0273388505936941
"Wave_1460",-0.0259978298191507
"Wave_1461",-0.0247328896155848
"Wave_1462",-0.0235621268690822
"Wave_1463",-0.0222772601996951
"Wave_1464",-0.0210254465897611
"Wave_1465",-0.0198257873348482
"Wave_1466",-0.0185896238620301
"Wave_1467",-0.0173110928470371
"Wave_1468",-0.0160032053052875
"Wave_1469",-0.014746171765282
"Wave_1470",-0.0133790625359378
"Wave_1471",-0.0120020083693039
"Wave_1472",-0.0106705744540143
"Wave_1473",-0.00939515717410995
"Wave_1474",-0.00809299423185396
"Wave_1475",-0.0067800033919555
"Wave_1476",-0.00555809908483003
"Wave_1477",-0.00434536139934009
"Wave_1478",-0.00311523342624204
"Wave_1479",-0.00187304056604098
"Wave_1480",-0.000698512704563957
"Wave_1481",0.00048554075924493
"Wave_1482",0.00164465880618791
"Wave_1483",0.00278550525987279
"Wave_1484",0.00380897118904392
"Wave_1485",0.00481283941329075
"Wave_1486",0.00582403810309789
"Wave_1487",0.0068350143688726
"Wave_1488",0.00788104642571236
"Wave_1489",0.00899846046274978
"Wave_1490",0.0100370126439646
"Wave_1491",0.0109808334476124
"Wave_1492",0.0118769639408434
"Wave_1493",0.0127594923735768
"Wave_1494",0.0135928794489922
"Wave_1495",0.0142991540233391
"Wave_1496",0.0151771547104836
"Wave_1497",0.0160379091699854
"Wave_1498",0.0169685986536685
"Wave_1499",0.0178088553542742
"Wave_1500",0.0185442275010265
"Wave_1501",0.019250807888861
"Wave_1502",0.0198333333137929
"Wave_1503",0.0205090044404536
"Wave_1504",0.0212467795814992
"Wave_1505",0.021980440812575
"Wave_1506",0.0226934554750282
"Wave_1507",0.0233880070596995
"Wave_1508",0.0240537060739599
"Wave_1509",0.0247375782688311
"Wave_1510",0.0252836473512352
"Wave_1511",0.0257109359151633
"Wave_1512",0.0261265193921094
"Wave_1513",0.0264967797028919
"Wave_1514",0.0269847928722418
"Wave_1515",0.0275396666563588
"Wave_1516",0.0281177286617657
"Wave_1517",0.0288262049173353
"Wave_1518",0.0290112595407435
"Wave_1519",0.0292168506444354
"Wave_1520",0.0292468638648691
"Wave_1521",0.0294712880539299
"Wave_1522",0.0302106533442055
"Wave_1523",0.0309524562968813
"Wave_1524",0.031777743662507
"Wave_1525",0.0323311178809928
"Wave_1526",0.0327563044470933
"Wave_1527",0.0331420330230578
"Wave_1528",0.0335820081634882
"Wave_1529",0.0339080336989289
"Wave_1530",0.0342386084632235
"Wave_1531",0.0345434056860389
"Wave_1532",0.0348237925364927
"Wave_1533",0.0351723479962201
"Wave_1534",0.0355158433735368
"Wave_1535",0.0359608660165398
"Wave_1536",0.0363392115704733
"Wave_1537",0.0367214388240809
"Wave_1538",0.0370770916915801
"Wave_1539",0.0373660071346102
"Wave_1540",0.0376618933562112
"Wave_1541",0.0379686889828194
"Wave_1542",0.0382681406222948
"Wave_1543",0.0385778478709986
"Wave_1544",0.0388755740140477
"Wave_1545",0.0391229707462656
"Wave_1546",0.0392542939409561
"Wave_1547",0.0394859710721888
"Wave_1548",0.039731958172982
"Wave_1549",0.0399977959078575
"Wave_1550",0.0403390969195601
"Wave_1551",0.0404114111778548
"Wave_1552",0.0405081161631775
"Wave_1553",0.0406388504720306
"Wave_1554",0.0407460941291476
"Wave_1555",0.0407942541823227
"Wave_1556",0.0408253987662653
"Wave_1557",0.0408297256600965
"Wave_1558",0.0409265894611576
"Wave_1559",0.0409993265838844
"Wave_1560",0.0410906767871172
"Wave_1561",0.0411864765387322
"Wave_1562",0.0411735232924489
"Wave_1563",0.0411738177801931
"Wave_1564",0.0412349352028768
"Wave_1565",0.0412131187938054
"Wave_1566",0.0410303528323632
"Wave_1567",0.0408782758130685
"Wave_1568",0.0405742237288478
"Wave_1569",0.0406377552390366
"Wave_1570",0.0407630050818876
"Wave_1571",0.0409602178430021
"Wave_1572",0.0411530337829372
"Wave_1573",0.0410823091794127
"Wave_1574",0.0410243999499658
"Wave_1575",0.0410507359639916
"Wave_1576",0.0410222837032148
"Wave_1577",0.0409839434122109
"Wave_1578",0.0409276683228353
"Wave_1579",0.040821256117818
"Wave_1580",0.0407379127732276
"Wave_1581",0.0406616394204995
"Wave_1582",0.0406140726006672
"Wave_1583",0.0405975340922823
"Wave_1584",0.0404967032750343
"Wave_1585",0.0403867130464538
"Wave_1586",0.0402784504021839
"Wave_1587",0.0400284752706093
"Wave_1588",0.0397705230813705
"Wave_1589",0.0395264984920585
"Wave_1590",0.0393888632252134
"Wave_1591",0.0392392746238987
"Wave_1592",0.0391179420557255
"Wave_1593",0.0388573572812633
"Wave_1594",0.0384795779171846
"Wave_1595",0.0381346825611814
"Wave_1596",0.0377939737768504
"Wave_1597",0.0375716111064518
"Wave_1598",0.0373384544968711
"Wave_1599",0.0370712690103025
"Wave_1600",0.0368566893451356
"Wave_1601",0.0367677388075186
"Wave_1602",0.0362720104596423
"Wave_1603",0.0358420864012509
"Wave_1604",0.0354169313011882
"Wave_1605",0.0349375917630198
"Wave_1606",0.034420799390248
"Wave_1607",0.033949881545599
"Wave_1608",0.0332612226204168
"Wave_1609",0.032992037184195
"Wave_1610",0.0328653340213854
"Wave_1611",0.0328443782341083
"Wave_1612",0.0328458260411802
"Wave_1613",0.0323851511836473
"Wave_1614",0.0319465794336619
"Wave_1615",0.031421915466239
"Wave_1616",0.0309384740458211
"Wave_1617",0.0304116720980423
"Wave_1618",0.0299385655288846
"Wave_1619",0.0295229173357614
"Wave_1620",0.0291408529272939
"Wave_1621",0.0288092168904966
"Wave_1622",0.0284450651637103
"Wave_1623",0.0280872708490133
"Wave_1624",0.0277649946578167
"Wave_1625",0.0274127589586508
"Wave_1626",0.0270601475326982
"Wave_1627",0.0267232039026053
"Wave_1628",0.0262607398762089
"Wave_1629",0.0257890580186862
"Wave_1630",0.0252409913179005
"Wave_1631",0.0246643257660237
"Wave_1632",0.0241086302747021
"Wave_1633",0.0235789196072975
"Wave_1634",0.0229755466800231
"Wave_1635",0.0222463713997588
"Wave_1636",0.0215442932261539
"Wave_1637",0.0208873162404955
"Wave_1638",0.0200808563754441
"Wave_1639",0.0193692648540643
"Wave_1640",0.0186287281425325
"Wave_1641",0.0178747562350049
"Wave_1642",0.0170160704402184
"Wave_1643",0.0161911543578034
"Wave_1644",0.015368120638783
"Wave_1645",0.014530892606491
"Wave_1646",0.0134918830797351
"Wave_1647",0.01259628974416
"Wave_1648",0.0117177124069532
"Wave_1649",0.0108745614112068
"Wave_1650",0.010048343225319
"Wave_1651",0.00920994580762534
"Wave_1652",0.00841262788836726
"Wave_1653",0.00763012853239971
"Wave_1654",0.00691429121976912
"Wave_1655",0.00627108897559831
"Wave_1656",0.00561196908873085
"Wave_1657",0.00520502994394461
"Wave_1658",0.00482360988009699
"Wave_1659",0.0043615612859149
"Wave_1660",0.00409716831183316
"Wave_1661",0.00385331727271004
"Wave_1662",0.00356990195852674
"Wave_1663",0.00334455068474719
"Wave_1664",0.00324005125934758
"Wave_1665",0.00310112073910277
"Wave_1666",0.00296768594798807
"Wave_1667",0.00266769695376688
"Wave_1668",0.00216839075024083
"Wave_1669",0.00189908240363993
"Wave_1670",0.00159041250912331
"Wave_1671",0.00114655253962247
"Wave_1672",0.000737340128929623
"Wave_1673",0.000127476730463358
"Wave_1674",-0.000479086344793775
"Wave_1675",-0.00108723405596803
"Wave_1676",-0.00176558524960333
"Wave_1677",-0.0021988704948637
"Wave_1678",-0.002674754460372
"Wave_1679",-0.00315257471540361
"Wave_1680",-0.00358434673825762
"Wave_1681",-0.00395884983181348
"Wave_1682",-0.00468000323909592
"Wave_1683",-0.00538816219526436
"Wave_1684",-0.00616958108850293
"Wave_1685",-0.00682564573791319
"Wave_1686",-0.00740719568653529
"Wave_1687",-0.00783788348714612
"Wave_1688",-0.00835631337853849
"Wave_1689",-0.00901091889832821
"Wave_1690",-0.00969373814840015
"Wave_1691",-0.0104597685426778
"Wave_1692",-0.0112684935953644
"Wave_1693",-0.0120328884906106
"Wave_1694",-0.0128002391789198
"Wave_1695",-0.0135750116740683
"Wave_1696",-0.0142679809649109
"Wave_1697",-0.0150615462143463
"Wave_1698",-0.0157973719213642
"Wave_1699",-0.0165527590163775
"Wave_1700",-0.0175285618820729
"Wave_1701",-0.018311513034002
"Wave_1702",-0.0190409679560851
"Wave_1703",-0.0198091752591596
"Wave_1704",-0.0204852045644001
"Wave_1705",-0.021311949415205
"Wave_1706",-0.0222412609881226
"Wave_1707",-0.0232670578298387
"Wave_1708",-0.0240969948016903
"Wave_1709",-0.0249791318721056
"Wave_1710",-0.0257007547939894
"Wave_1711",-0.0263648537150753
"Wave_1712",-0.0269575233483489
"Wave_1713",-0.0274988872830146
"Wave_1714",-0.0279595326278875
"Wave_1715",-0.0284044127678614
"Wave_1716",-0.0288525276678279
"Wave_1717",-0.0292485091705648
"Wave_1718",-0.0296011267442118
"Wave_1719",-0.0299530476019552
"Wave_1720",-0.0301333245989603
"Wave_1721",-0.0303812145060141
"Wave_1722",-0.0306012193933183
"Wave_1723",-0.030530305732146
"Wave_1724",-0.0304401704385071
"Wave_1725",-0.0303979455267404
"Wave_1726",-0.0302479041734638
"Wave_1727",-0.0301056010639154
"Wave_1728",-0.0300410144219391
"Wave_1729",-0.0299049065962741
"Wave_1730",-0.0297124589746186
"Wave_1731",-0.0293671600553676
"Wave_1732",-0.0292335528402049
"Wave_1733",-0.0292492534670688
"Wave_1734",-0.0293518298190785
"Wave_1735",-0.0294455956845403
"Wave_1736",-0.0295906957601731
"Wave_1737",-0.0297862746594749
"Wave_1738",-0.0299984785781466
"Wave_1739",-0.0301719969212753
"Wave_1740",-0.0302873795332022
"Wave_1741",-0.0305032197312172
"Wave_1742",-0.0307085471940414
"Wave_1743",-0.0309304950086984
"Wave_1744",-0.0310750643818853
"Wave_1745",-0.0312352703854688
"Wave_1746",-0.0314326920555414
"Wave_1747",-0.0317529824443704
"Wave_1748",-0.0320577378749002
"Wave_1749",-0.0323650527624748
"Wave_1750",-0.0325642056667867
"Wave_1751",-0.0328392027008038
"Wave_1752",-0.0331067286579204
"Wave_1753",-0.0333190586674299
"Wave_1754",-0.0333221948371287
"Wave_1755",-0.0333038682682651
"Wave_1756",-0.0332443537578033
"Wave_1757",-0.0332926885300271
"Wave_1758",-0.0332725451544693
"Wave_1759",-0.0332236461366269
"Wave_1760",-0.0331951262987241
"Wave_1761",-0.0330310823477331
"Wave_1762",-0.0327559165638469
"Wave_1763",-0.0325903685443635
"Wave_1764",-0.0325241000810353
"Wave_1765",-0.0326269890441109
"Wave_1766",-0.032805929649111
"Wave_1767",-0.0329315189992279
"Wave_1768",-0.0330131305112143
"Wave_1769",-0.0334195837995206
"Wave_1770",-0.0338436345887613
"Wave_1771",-0.0342186559971394
"Wave_1772",-0.0344773275194441
"Wave_1773",-0.0346259137428752
"Wave_1774",-0.0347748228748004
"Wave_1775",-0.0350851490720139
"Wave_1776",-0.0356210555842877
"Wave_1777",-0.0363411187851017
"Wave_1778",-0.036925106173824
"Wave_1779",-0.0370794457071553
"Wave_1780",-0.0372402695335507
"Wave_1781",-0.0374651207455439
"Wave_1782",-0.0376415931465154
"Wave_1783",-0.0378134806078969
"Wave_1784",-0.0379612495681592
"Wave_1785",-0.0380896409247018
"Wave_1786",-0.0382557661105257
"Wave_1787",-0.0386020565382364
"Wave_1788",-0.0389824486162649
"Wave_1789",-0.0394318429674154
"Wave_1790",-0.0399983191326115
"Wave_1791",-0.0406140266257951
"Wave_1792",-0.0412433224626373
"Wave_1793",-0.0419912791480462
"Wave_1794",-0.0427984845302889
"Wave_1795",-0.04362485146882
"Wave_1796",-0.0444757642812347
"Wave_1797",-0.0451881570873933
"Wave_1798",-0.0457678127817693
"Wave_1799",-0.0463752882439956
"Wave_1800",-0.0469637802768181
"Wave_1801",-0.0479304491622456
"Wave_1802",-0.0489069755967938
"Wave_1803",-0.0498028795868227
"Wave_1804",-0.0503471575680849
"Wave_1805",-0.0507612657797417
"Wave_1806",-0.051105623634417
"Wave_1807",-0.0516780743997194
"Wave_1808",-0.0524931920586406
"Wave_1809",-0.0533029753615633
"Wave_1810",-0.0540877769835322
"Wave_1811",-0.0548037591271791
"Wave_1812",-0.0554350624747166
"Wave_1813",-0.056073449744574
"Wave_1814",-0.0566117694254425
"Wave_1815",-0.057065506586598
"Wave_1816",-0.0575133935413246
"Wave_1817",-0.0579860565193159
"Wave_1818",-0.0586679373631307
"Wave_1819",-0.0594380373841687
"Wave_1820",-0.0601524459801449
"Wave_1821",-0.0608082775210448
"Wave_1822",-0.0612785214902255
"Wave_1823",-0.0617253603775858
"Wave_1824",-0.0621737298521326
"Wave_1825",-0.0629264753322086
"Wave_1826",-0.0637635143777233
"Wave_1827",-0.0645859962595126
"Wave_1828",-0.06548998538677
"Wave_1829",-0.0664357262929443
"Wave_1830",-0.0673423621058351
"Wave_1831",-0.0682666412822561
"Wave_1832",-0.069264155436781
"Wave_1833",-0.0702006943776049
"Wave_1834",-0.0711178219282068
"Wave_1835",-0.072078047999209
"Wave_1836",-0.0728818155318223
"Wave_1837",-0.0736755040747021
"Wave_1838",-0.0744702396569006
"Wave_1839",-0.0755053398713312
"Wave_1840",-0.0766587575201979
"Wave_1841",-0.0777788832375887
"Wave_1842",-0.0789661814660769
"Wave_1843",-0.080217982594134
"Wave_1844",-0.081459083481544
"Wave_1845",-0.0826449645609963
"Wave_1846",-0.0840313192981347
"Wave_1847",-0.0855342451841042
"Wave_1848",-0.0870165769024512
"Wave_1849",-0.0885070984913861
"Wave_1850",-0.0898824188888861
"Wave_1851",-0.091214169529855
"Wave_1852",-0.0925501830783223
"Wave_1853",-0.0940405907343649
"Wave_1854",-0.0955868239302209
"Wave_1855",-0.0971586159819368
"Wave_1856",-0.0987038584833659
"Wave_1857",-0.100393390255043
"Wave_1858",-0.102110962172875
"Wave_1859",-0.103795945240522
"Wave_1860",-0.105545794307803
"Wave_1861",-0.107424999602126
"Wave_1862",-0.109348341905008
"Wave_1863",-0.111228511513538
"Wave_1864",-0.113570991794771
"Wave_1865",-0.116002845311017
"Wave_1866",-0.118392591974702
"Wave_1867",-0.120694077017672
"Wave_1868",-0.122765905854313
"Wave_1869",-0.124833057620395
"Wave_1870",-0.126965358299773
"Wave_1871",-0.12806464671117
"Wave_1872",-0.12909686317443
"Wave_1873",-0.130228127530787
"Wave_1874",-0.13078770419384
"Wave_1875",-0.130831126632596
"Wave_1876",-0.130695009548141
"Wave_1877",-0.130639248935837
"Wave_1878",-0.130164356704669
"Wave_1879",-0.129575354826746
"Wave_1880",-0.128931924067883
"Wave_1881",-0.128040366026009
"Wave_1882",-0.126476433449355
"Wave_1883",-0.124934746647554
"Wave_1884",-0.123651674706734
"Wave_1885",-0.121441918290121
"Wave_1886",-0.119109652982851
"Wave_1887",-0.116730333065373
"Wave_1888",-0.11435528864733
"Wave_1889",-0.111560103425857
"Wave_1890",-0.108888689204721
"Wave_1891",-0.106268580586741
"Wave_1892",-0.103417025130276
"Wave_1893",-0.100606838280217
"Wave_1894",-0.0969837054961817
"Wave_1895",-0.0933028148261901
"Wave_1896",-0.0896438223114276
"Wave_1897",-0.0859612389571194
"Wave_1898",-0.0823658742606213
"Wave_1899",-0.0734775627684804
"Wave_1900",-0.0638776253386623
"Wave_1901",-0.0543591417345928
"Wave_1902",-0.0474346501463743
"Wave_1903",-0.0443098289597945
"Wave_1904",-0.0411700468340949
"Wave_1905",-0.0385346882609846
"Wave_1906",-0.0365960639000703
"Wave_1907",-0.0346764803460028
"Wave_1908",-0.033726219129622
"Wave_1909",-0.0327258646036905
"Wave_1910",-0.0318543023928668
"Wave_1911",-0.0312666249313373
"Wave_1912",-0.0304551652419789
"Wave_1913",-0.0295579169107499
"Wave_1914",-0.0286602521176861
"Wave_1915",-0.0277027746061778
"Wave_1916",-0.0266507477328763
"Wave_1917",-0.0255703226065336
"Wave_1918",-0.0245213142396966
"Wave_1919",-0.0235234707439554
"Wave_1920",-0.0225487135851015
"Wave_1921",-0.0216674511860406
"Wave_1922",-0.0210739852839254
"Wave_1923",-0.0202562905492983
"Wave_1924",-0.0194315074407256
"Wave_1925",-0.0186677029118404
"Wave_1926",-0.0180956036159378
"Wave_1927",-0.0175086227657896
"Wave_1928",-0.0168126443844758
"Wave_1929",-0.0162004341511541
"Wave_1930",-0.0157602750552286
"Wave_1931",-0.0152971246808113
"Wave_1932",-0.0149705997419315
"Wave_1933",-0.0146550800629007
"Wave_1934",-0.0143717347462859
"Wave_1935",-0.0139227120917462
"Wave_1936",-0.0134967050709987
"Wave_1937",-0.0132131028131111
"Wave_1938",-0.0131411625126578
"Wave_1939",-0.0130276083121548
"Wave_1940",-0.0129400434091359
"Wave_1941",-0.0129473203092842
"Wave_1942",-0.0128496233420032
"Wave_1943",-0.012784783251383
"Wave_1944",-0.0126526104120241
"Wave_1945",-0.0123998028033976
"Wave_1946",-0.0118623750365463
"Wave_1947",-0.0113706771082876
"Wave_1948",-0.0109438427365557
"Wave_1949",-0.0106424847170884
"Wave_1950",-0.0103683282725338
"Wave_1951",-0.0103221535345537
"Wave_1952",-0.0103269396173575
"Wave_1953",-0.010252644651756
"Wave_1954",-0.010023659902067
"Wave_1955",-0.0098569416101479
"Wave_1956",-0.00966121705490442
"Wave_1957",-0.00945301971056083
"Wave_1958",-0.00917886844740889
"Wave_1959",-0.00910315515485082
"Wave_1960",-0.00909626737085145
"Wave_1961",-0.00913301291240274
"Wave_1962",-0.00888152327692466
"Wave_1963",-0.00864440842645237
"Wave_1964",-0.00842278701469853
"Wave_1965",-0.00828728871347367
"Wave_1966",-0.00808298454589044
"Wave_1967",-0.00767583813255818
"Wave_1968",-0.00721776865416602
"Wave_1969",-0.00673593676087469
"Wave_1970",-0.00623266378506334
"Wave_1971",-0.00571984917826784
"Wave_1972",-0.00524737719733789
"Wave_1973",-0.00488834448201584
"Wave_1974",-0.0045404903580268
"Wave_1975",-0.00430620427385927
"Wave_1976",-0.00414697017040301
"Wave_1977",-0.00403491002324401
"Wave_1978",-0.00353048457049517
"Wave_1979",-0.00303475051633748
"Wave_1980",-0.00259450488498136
"Wave_1981",-0.00229890319560562
"Wave_1982",-0.00206288746198365
"Wave_1983",-0.0018217973707247
"Wave_1984",-0.00128974167487046
"Wave_1985",-0.000777832019635979
"Wave_1986",-0.000171703542936354
"Wave_1987",0.000503608153156001
"Wave_1988",0.0012113594618841
"Wave_1989",0.00196304291295406
"Wave_1990",0.00269675716577453
"Wave_1991",0.00327552042771539
"Wave_1992",0.0036743364275093
"Wave_1993",0.00411116909027813
"Wave_1994",0.00467663255246097
"Wave_1995",0.0052459703434826
"Wave_1996",0.00605319877038026
"Wave_1997",0.00710454819083809
"Wave_1998",0.00818778068708703
"Wave_1999",0.00890664566501178
"Wave_2000",0.00958231746782739
"Wave_2001",0.0102571957034687
"Wave_2002",0.0110008623826866
"Wave_2003",0.0117413368028917
"Wave_2004",0.0126096594828238
"Wave_2005",0.0135811853277044
"Wave_2006",0.0145588367205922
"Wave_2007",0.0153840792695547
"Wave_2008",0.0162268916997269
"Wave_2009",0.016998443414918
"Wave_2010",0.0177096586689991
"Wave_2011",0.0184304567799655
"Wave_2012",0.0191630297824272
"Wave_2013",0.0199529253501968
"Wave_2014",0.0207554667587757
"Wave_2015",0.0215287863067082
"Wave_2016",0.0222775338092941
"Wave_2017",0.0229657342700268
"Wave_2018",0.0236743392713548
"Wave_2019",0.0244164951879555
"Wave_2020",0.0253224051648765
"Wave_2021",0.0262346498690845
"Wave_2022",0.0271203416730163
"Wave_2023",0.0280166702837078
"Wave_2024",0.0288900018690036
"Wave_2025",0.0296590659106334
"Wave_2026",0.0303402384883315
"Wave_2027",0.0310143939787237
"Wave_2028",0.0317350575409679
"Wave_2029",0.032451816919259
"Wave_2030",0.0331608309022383
"Wave_2031",0.0338567674406453
"Wave_2032",0.0345412227144611
"Wave_2033",0.0351439045426224
"Wave_2034",0.0356628801872105
"Wave_2035",0.0362110362620478
"Wave_2036",0.0368979345505857
"Wave_2037",0.0376151334864202
"Wave_2038",0.0381881457049828
"Wave_2039",0.0387379249328744
"Wave_2040",0.0392669709511715
"Wave_2041",0.0398242096732591
"Wave_2042",0.0403448266038358
"Wave_2043",0.0409138431793892
"Wave_2044",0.0415669446193488
"Wave_2045",0.0422154005742558
"Wave_2046",0.0428376493845887
"Wave_2047",0.0434532704997117
"Wave_2048",0.0440544954258179
"Wave_2049",0.0447005414015082
"Wave_2050",0.0453399252682357
"Wave_2051",0.0459863823450686
"Wave_2052",0.0466250572178763
"Wave_2053",0.0472794234842725
"Wave_2054",0.0480251011229069
"Wave_2055",0.048761304080175
"Wave_2056",0.0494662108702688
"Wave_2057",0.050133796411758
"Wave_2058",0.0508538407449121
"Wave_2059",0.0516222754447576
"Wave_2060",0.0523731892756484
"Wave_2061",0.0530802871394159
"Wave_2062",0.0536326310419675
"Wave_2063",0.0542969214629057
"Wave_2064",0.0548459524800632
"Wave_2065",0.0553878730204717
"Wave_2066",0.055901569335416
"Wave_2067",0.0563615981166555
"Wave_2068",0.0568584321475829
"Wave_2069",0.0575592686620135
"Wave_2070",0.0582848171694832
"Wave_2071",0.0590286181475069
"Wave_2072",0.0596325521069468
"Wave_2073",0.0601409353587101
"Wave_2074",0.0607636293948955
"Wave_2075",0.0615125135005559
"Wave_2076",0.0622316349905134
"Wave_2077",0.063051605404874
"Wave_2078",0.0638326558043683
"Wave_2079",0.064512791067674
"Wave_2080",0.0650438643090917
"Wave_2081",0.0656333018918598
"Wave_2082",0.0658957459431141
"Wave_2083",0.0661256667216305
"Wave_2084",0.0663986349900687
"Wave_2085",0.0664951379673342
"Wave_2086",0.0665352797681919
"Wave_2087",0.067006541532573
"Wave_2088",0.067599124090554
"Wave_2089",0.068018933977963
"Wave_2090",0.0684387449163662
"Wave_2091",0.068732800868303
"Wave_2092",0.0689158804345057
"Wave_2093",0.069107991020836
"Wave_2094",0.0692144193149914
"Wave_2095",0.069301892896953
"Wave_2096",0.0694605105441617
"Wave_2097",0.0696662143991127
"Wave_2098",0.0698347581360485
"Wave_2099",0.070032571362546
"Wave_2100",0.0700477247023749
"Wave_2101",0.0701436061254577
"Wave_2102",0.0703019486370507
"Wave_2103",0.0702392231278806
"Wave_2104",0.0701264611541604
"Wave_2105",0.0701553829647411
"Wave_2106",0.0701503697016067
"Wave_2107",0.0700454403088431
"Wave_2108",0.070084624006387
"Wave_2109",0.0699927852522695
"Wave_2110",0.0696462354736831
"Wave_2111",0.0693643999005439
"Wave_2112",0.0691257363535664
"Wave_2113",0.0684658314064208
"Wave_2114",0.0679550321705104
"Wave_2115",0.0675323854563728
"Wave_2116",0.0670651091856921
"Wave_2117",0.0668527849436497
"Wave_2118",0.0665536954585816
"Wave_2119",0.066270078294773
"Wave_2120",0.0663890247857942
"Wave_2121",0.0664127562512609
"Wave_2122",0.0661706471704516
"Wave_2123",0.0659683300174798
"Wave_2124",0.0658371109475771
"Wave_2125",0.0657039122093578
"Wave_2126",0.065649291926922
"Wave_2127",0.0652738120147858
"Wave_2128",0.0646459742027881
"Wave_2129",0.0642332152130272
"Wave_2130",0.0637342851741718
"Wave_2131",0.0632464184967637
"Wave_2132",0.0626506949130117
"Wave_2133",0.062055771933702
"Wave_2134",0.0614958011945476
"Wave_2135",0.0611976168239867
"Wave_2136",0.0608410210887463
"Wave_2137",0.0604774933189885
"Wave_2138",0.0604076166038924
"Wave_2139",0.060192061243971
"Wave_2140",0.0602031289888755
"Wave_2141",0.0602683395488167
"Wave_2142",0.060056783446499
"Wave_2143",0.05950295334013
"Wave_2144",0.0591623567735174
"Wave_2145",0.0587247910955898
"Wave_2146",0.0582537035245887
"Wave_2147",0.057910733198529
"Wave_2148",0.0576410873148023
"Wave_2149",0.0573627874231235
"Wave_2150",0.0571369723872211
"Wave_2151",0.0568539611537892
"Wave_2152",0.0565754306506761
"Wave_2153",0.0563251627161782
"Wave_2154",0.0559833196782539
"Wave_2155",0.0556656388903137
"Wave_2156",0.0554357393897123
"Wave_2157",0.0550588627656935
"Wave_2158",0.0547411678975479
"Wave_2159",0.0543280319842209
"Wave_2160",0.0538558065917769
"Wave_2161",0.0533937536103033
"Wave_2162",0.0530561589941075
"Wave_2163",0.052504068844881
"Wave_2164",0.0521796696551398
"Wave_2165",0.0520784943025351
"Wave_2166",0.0518935393997306
"Wave_2167",0.0515307984418219
"Wave_2168",0.0511903788272994
"Wave_2169",0.0509079261107314
"Wave_2170",0.0507939462837935
"Wave_2171",0.0507018344446918
"Wave_2172",0.0510074357986271
"Wave_2173",0.0512601913728892
"Wave_2174",0.0514573733340203
"Wave_2175",0.051339243012186
"Wave_2176",0.0512731230409632
"Wave_2177",0.0513369989175023
"Wave_2178",0.0513375109885313
"Wave_2179",0.0513001596798737
"Wave_2180",0.0509625846189713
"Wave_2181",0.050668575820694
"Wave_2182",0.0508921580785313
"Wave_2183",0.0511543786696292
"Wave_2184",0.051337361593302
"Wave_2185",0.0516109271060383
"Wave_2186",0.0517864769912549
"Wave_2187",0.0517607113477542
"Wave_2188",0.0519950841368299
"Wave_2189",0.0524451133722129
"Wave_2190",0.0528438834049025
"Wave_2191",0.0531422122565365
"Wave_2192",0.0530774063955251
"Wave_2193",0.0527280956731644
"Wave_2194",0.0525757012752163
"Wave_2195",0.052496977535193
"Wave_2196",0.0528022948032865
"Wave_2197",0.0534649983283171
"Wave_2198",0.0541414923252547
"Wave_2199",0.0541069441782284
"Wave_2200",0.054234840018233
"Wave_2201",0.0540907617980386
"Wave_2202",0.0536158232005133
"Wave_2203",0.0531857674343392
"Wave_2204",0.0525485239932675
"Wave_2205",0.0518181729358435
"Wave_2206",0.0515034409121485
"Wave_2207",0.0512601014810016
"Wave_2208",0.0511698001896127
"Wave_2209",0.0511952066161848
"Wave_2210",0.0509646443470099
"Wave_2211",0.0508272612497958
"Wave_2212",0.0508695564607461
"Wave_2213",0.0510054204189714
"Wave_2214",0.0509097298044197
"Wave_2215",0.0511525931532078
"Wave_2216",0.0513146830389685
"Wave_2217",0.0511551253232407
"Wave_2218",0.0509653675336757
"Wave_2219",0.0508120044497466
"Wave_2220",0.05046729030399
"Wave_2221",0.0498654932296497
"Wave_2222",0.0495063365610603
"Wave_2223",0.0496490192467541
"Wave_2224",0.0499868366917072
"Wave_2225",0.0499859506825245
"Wave_2226",0.0499238663812296
"Wave_2227",0.0496659484942305
"Wave_2228",0.0490317353627921
"Wave_2229",0.0483451323888582
"Wave_2230",0.0477110913011095
"Wave_2231",0.0470418863146035
"Wave_2232",0.0463440342287834
"Wave_2233",0.0457226062313603
"Wave_2234",0.0451582823152473
"Wave_2235",0.044699497839713
"Wave_2236",0.0443781285924905
"Wave_2237",0.0438596859973786
"Wave_2238",0.0432641116506295
"Wave_2239",0.0427016720574659
"Wave_2240",0.0418953609498675
"Wave_2241",0.041207227800734
"Wave_2242",0.0410264110218585
"Wave_2243",0.0409914693741764
"Wave_2244",0.0407617261205277
"Wave_2245",0.0406392621030616
"Wave_2246",0.040278195346065
"Wave_2247",0.0394611213562102
"Wave_2248",0.038685960371136
"Wave_2249",0.0388584814537066
"Wave_2250",0.0389782924336042
"Wave_2251",0.0394111764228248
"Wave_2252",0.039823535957104
"Wave_2253",0.0402151204869037
"Wave_2254",0.0404335639756323
"Wave_2255",0.040450298684953
"Wave_2256",0.0399343943168808
"Wave_2257",0.0395430537141287
"Wave_2258",0.0394516332466005
"Wave_2259",0.0394973282729477
"Wave_2260",0.0394950935206884
"Wave_2261",0.0392130525590631
"Wave_2262",0.0388834079343573
"Wave_2263",0.0386620938678877
"Wave_2264",0.0383829046302438
"Wave_2265",0.038163952632811
"Wave_2266",0.0382106458465055
"Wave_2267",0.038417951447175
"Wave_2268",0.0390115108100701
"Wave_2269",0.0397361897781957
"Wave_2270",0.0401118368371303
"Wave_2271",0.0404679450043099
"Wave_2272",0.0405891686505807
"Wave_2273",0.0403944914118969
"Wave_2274",0.040080344373375
"Wave_2275",0.0394619840108806
"Wave_2276",0.0384922156976791
"Wave_2277",0.0375195546468565
"Wave_2278",0.0366473984483678
"Wave_2279",0.0357700986086463
"Wave_2280",0.0348292181134629
"Wave_2281",0.0342403669583953
"Wave_2282",0.0338884332988183
"Wave_2283",0.0333976920182215
"Wave_2284",0.0323538179149896
"Wave_2285",0.0313153508065041
"Wave_2286",0.0300920102831769
"Wave_2287",0.0289324142897855
"Wave_2288",0.0276394620256248
"Wave_2289",0.0264338330835307
"Wave_2290",0.0252866574034663
"Wave_2291",0.0244703803867602
"Wave_2292",0.023749320132413
"Wave_2293",0.0228167881989668
"Wave_2294",0.0217185741483443
"Wave_2295",0.0213759037066653
"Wave_2296",0.0215114102455638
"Wave_2297",0.0217767389085109
"Wave_2298",0.0221142497928473
"Wave_2299",0.0225267904177779
"Wave_2300",0.022424534682934
"Wave_2301",0.0224683734861377
"Wave_2302",0.0221008584679534
"Wave_2303",0.0217351812360188
"Wave_2304",0.0214691634919736
"Wave_2305",0.0214885841729885
"Wave_2306",0.0214109585398912
"Wave_2307",0.0220038371518536
"Wave_2308",0.0226389572710795
"Wave_2309",0.0236473404508803
"Wave_2310",0.0245799836333052
"Wave_2311",0.0256899859303298
"Wave_2312",0.0264077711447762
"Wave_2313",0.0269940944542194
"Wave_2314",0.0261471456873296
"Wave_2315",0.0253066906470826
"Wave_2316",0.0240400137539544
"Wave_2317",0.0227984251207256
"Wave_2318",0.0219707880366288
"Wave_2319",0.0217012418055347
"Wave_2320",0.0215745125610663
"Wave_2321",0.0210930206200197
"Wave_2322",0.0204409235738911
"Wave_2323",0.0195251234544733
"Wave_2324",0.0185958184183345
"Wave_2325",0.0179700965131149
"Wave_2326",0.0175909481911939
"Wave_2327",0.01691143087082
"Wave_2328",0.0166686196197776
"Wave_2329",0.0166151788392359
"Wave_2330",0.0161617291411202
"Wave_2331",0.0155601156665404
"Wave_2332",0.0150926448684106
"Wave_2333",0.0143413172075606
"Wave_2334",0.0129420687516572
"Wave_2335",0.0114646603135786
"Wave_2336",0.0107394142693524
"Wave_2337",0.0106844901679345
"Wave_2338",0.010367729580848
"Wave_2339",0.00976868407299529
"Wave_2340",0.00947720860887197
"Wave_2341",0.00973645373725248
"Wave_2342",0.01002581395859
"Wave_2343",0.00955049481050929
"Wave_2344",0.00851481348640672
"Wave_2345",0.00739224888466452
"Wave_2346",0.00618594418230217
"Wave_2347",0.0053016241462963
"Wave_2348",0.00514506629226571
"Wave_2349",0.00529314746422296
"Wave_2350",0.0052976811705427
"Wave_2351",0.00524838432467836
"Wave_2352",0.00469652090385911
"Wave_2353",0.00408542443552758
"Wave_2354",0.0041980548652699
"Wave_2355",0.00422539179598489
"Wave_2356",0.0036255986142224
"Wave_2357",0.0027969768179267
"Wave_2358",0.0020347750167003
"Wave_2359",0.00129483621845782
"Wave_2360",0.000471497931113346
"Wave_2361",0.00020973428544801
"Wave_2362",-0.000132838596956758
"Wave_2363",-0.00141162268489295
"Wave_2364",-0.00259102005164348
"Wave_2365",-0.00350767103124167
"Wave_2366",-0.00440696778045009
"Wave_2367",-0.0055239636631012
"Wave_2368",-0.00651595622733433
"Wave_2369",-0.00803323444904746
"Wave_2370",-0.00998842632609814
"Wave_2371",-0.0108577780293864
"Wave_2372",-0.0103985227602576
"Wave_2373",-0.00986382250063401
"Wave_2374",-0.00892133498207902
"Wave_2375",-0.00802912281146993
"Wave_2376",-0.00759710313004173
"Wave_2377",-0.00730872817299962
"Wave_2378",-0.00731361093268442
"Wave_2379",-0.00790515196890015
"Wave_2380",-0.00840446561680548
"Wave_2381",-0.0084644158485179
"Wave_2382",-0.00858225669925555
"Wave_2383",-0.00844359954598399
"Wave_2384",-0.00810507332902969
"Wave_2385",-0.00756898235257999
"Wave_2386",-0.00705102964640169
"Wave_2387",-0.00653529469077125
"Wave_2388",-0.00605779495757155
"Wave_2389",-0.00637010712894614
"Wave_2390",-0.00703209927517954
"Wave_2391",-0.00731852380892858
"Wave_2392",-0.00693601558115332
"Wave_2393",-0.00640135865923374
"Wave_2394",-0.00539385693240172
"Wave_2395",-0.00451745350088329
"Wave_2396",-0.00516628781674818
"Wave_2397",-0.00586238228654833
"Wave_2398",-0.00633886341751604
"Wave_2399",-0.00675379901330869
"Wave_2400",-0.00597092179223203
